xi_t,deltaK_over_K0_0_001,deltaK_over_K0_0_005,deltaK_over_K0_0_01,deltaK_over_K0_0_05,deltaK_over_K0_0_1
0,0.999997532600929,0.99993831624083,0.999753280182866,0.993844170297569,0.975528258147577
0.3125,0.999995990542383,0.999899805045805,0.999599737939134,0.990391603366389,0.965811350341162
0.625,0.999994448486216,0.999861295333983,0.999446219276441,0.986951030486963,0.956191229374626
0.9375,0.999992906432426,0.999822787105308,0.999292724191165,0.983522409992532,0.946666931186915
1.25,0.999991364381014,0.999784280359723,0.999139252679685,0.980105700361084,0.937237501319664
1.5625,0.99998982233198,0.99974577509717,0.99898580473838,0.976700860214852,0.927901994821543
1.875,0.999988280285325,0.999707271317591,0.998832380363631,0.973307848319815,0.918659476153565
2.1875,0.999986738241047,0.999668769020931,0.998678979551818,0.969926623585196,0.909509019095331
2.5,0.999985196199147,0.999630268207132,0.998525602299322,0.966557145062967,0.90044970665221
2.8125,0.999983654159625,0.999591768876137,0.998372248602526,0.963199371947348,0.891480630963447
3.125,0.999982112122481,0.999553271027888,0.998218918457811,0.959853263574318,0.88260089321118
3.4375,0.999980570087714,0.999514774662329,0.99806561186156,0.956518779421124,0.87380960353037
3.75,0.999979028055326,0.999476279779403,0.997912328810157,0.953195879105783,0.86510588091962
4.0625,0.999977486025315,0.999437786379051,0.997759069299986,0.949884522386598,0.856488853152894
4.375,0.999975943997683,0.999399294461219,0.997605833327431,0.946584669161671,0.847957656692105
4.6875,0.999974401972428,0.999360804025847,0.997452620888877,0.943296279468415,0.839511436600576
5,0.999972859949552,0.999322315072879,0.997299431980711,0.940019313483071,0.831149346457366
5.3125,0.999971317929053,0.999283827602259,0.997146266599317,0.936753731520226,0.822870548272449
5.625,0.999969775910932,0.999245341613928,0.996993124741084,0.933499494032333,0.814674212402732
5.9375,0.999968233895189,0.999206857107831,0.996840006402398,0.930256561609231,0.80655951746892
6.25,0.999966691881824,0.999168374083908,0.996686911579647,0.927024894977667,0.798525650273198
6.5625,0.999965149870836,0.999129892542105,0.996533840269219,0.923804455000822,0.79057180571774
6.875,0.999963607862227,0.999091412482363,0.996380792467504,0.920595202677838,0.78269718672403
7.1875,0.999962065855996,0.999052933904626,0.996227768170891,0.91739709914334,0.77490100415298
7.5,0.999960523852142,0.999014456808836,0.996074767375771,0.914210105666974,0.767182476725849
7.8125,0.999958981850666,0.998975981194937,0.995921790078533,0.911034183652931,0.759540830945954
8.125,0.999957439851568,0.99893750706287,0.995768836275568,0.907869294639483,0.751975301021148
8.4375,0.999955897854848,0.99889903441258,0.99561590596327,0.904715400298515,0.744485128787083
8.75,0.999954355860506,0.998860563244009,0.99546299913803,0.901572462435062,0.737069563631228
9.0625,0.999952813868542,0.998822093557101,0.99531011579624,0.898440442986849,0.729727862417653
9.375,0.999951271878955,0.998783625351797,0.995157255934295,0.895319304023824,0.722459289412552
9.6875,0.999949729891747,0.998745158628041,0.995004419548588,0.892209007747704,0.715263116210517
10,0.999948187906916,0.998706693385776,0.994851606635514,0.889109516491517,0.708138621661539
10.3125,0.999946645924463,0.998668229624945,0.994698817191467,0.88602079271914,0.701085091798742
10.625,0.999945103944387,0.99862976734549,0.994546051212844,0.882942799024853,0.694101819766831
10.9375,0.99994356196669,0.998591306547356,0.994393308696041,0.879875498132879,0.687188105751262
11.25,0.999942019991371,0.998552847230483,0.994240589637454,0.876818852896937,0.680343256908104
11.5625,0.999940478018429,0.998514389394817,0.99408789403348,0.873772826299789,0.673566587294611
11.875,0.999938936047865,0.998475933040299,0.993935221880519,0.870737381452794,0.666857417800484
12.1875,0.999937394079679,0.998437478166873,0.993782573174966,0.867712481595459,0.660215076079809
12.5,0.999935852113871,0.998399024774481,0.993629947913223,0.864698090094997,0.653638896483685
12.8125,0.999934310150441,0.998360572863067,0.993477346091688,0.861694170445881,0.647128219993514
13.125,0.999932768189388,0.998322122432573,0.993324767706762,0.858700686269402,0.640682394154961
13.4375,0.999931226230713,0.998283673482942,0.993172212754844,0.855717601313229,0.634300773012568
13.75,0.999929684274416,0.998245226014118,0.993019681232336,0.852744879450969,0.62798271704502
14.0625,0.999928142320497,0.998206780026043,0.992867173135641,0.849782484681733,0.621727593101061
14.375,0.999926600368956,0.99816833551866,0.992714688461159,0.846830381129695,0.615534774336037
14.6875,0.999925058419792,0.998129892491913,0.992562227205294,0.84388853304366,0.609403640149086
15,0.999923516473006,0.998091450945744,0.99240978936445,0.840956904796632,0.60333357612094
15.3125,0.999921974528598,0.998053010880096,0.992257374935029,0.838035460885381,0.597323973952352
15.625,0.999920432586568,0.998014572294912,0.992104983913438,0.835124165930013,0.591374231403144
15.9375,0.999918890646915,0.997976135190135,0.99195261629608,0.832222984673544,0.585483752231843
16.25,0.99991734870964,0.997937699565709,0.991800272079361,0.829331881981467,0.57965194613594
16.5625,0.999915806774743,0.997899265421575,0.991647951259688,0.826450822841336,0.573878228692729
16.875,0.999914264842224,0.997860832757678,0.991495653833466,0.823579772362331,0.568162021300742
17.1875,0.999912722912082,0.99782240157396,0.991343379797104,0.820718695774847,0.562502751121763
17.5,0.999911180984319,0.997783971870364,0.991191129147009,0.81786755843006,0.556899851023427
17.8125,0.999909639058933,0.997745543646833,0.99103890187959,0.815026325799521,0.551352759522381
18.125,0.999908097135924,0.99770711690331,0.990886697991254,0.812194963474728,0.545860920728019
18.4375,0.999906555215294,0.997668691639739,0.990734517478413,0.809373437166711,0.540423784286774
18.75,0.999905013297041,0.997630267856061,0.990582360337475,0.806561712705621,0.535040805326964
19.0625,0.999903471381166,0.997591845552221,0.990430226564851,0.803759756040313,0.529711444404192
19.375,0.999901929467669,0.99755342472816,0.990278116156953,0.800967533237932,0.524435167447282
19.6875,0.999900387556549,0.997515005383823,0.990126029110191,0.798185010483507,0.519211445704763
20,0.999898845647807,0.997476587519152,0.989973965420979,0.795412154079536,0.514039755691879
20.3125,0.999897303741443,0.99743817113409,0.989821925085729,0.792648930445582,0.508919579138127
20.625,0.999895761837457,0.99739975622858,0.989669908100854,0.789895306117865,0.503850402935323
20.9375,0.999894219935848,0.997361342802566,0.989517914462768,0.787151247748855,0.49883171908618
21.25,0.999892678036617,0.997322930855989,0.989365944167885,0.784416722106871,0.493863024653402
21.5625,0.999891136139764,0.997284520388794,0.989213997212621,0.781691696075678,0.48894382170928
21.875,0.999889594245288,0.997246111400923,0.989062073593391,0.778976136654083,0.484073617285795
22.1875,0.99988805235319,0.99720770389232,0.988910173306611,0.776270010955539,0.479251923325216
22.5,0.99988651046347,0.997169297862926,0.988758296348697,0.773573286207746,0.474478256631192
22.8125,0.999884968576128,0.997130893312686,0.988606442716067,0.770885929752251,0.469752138820327
23.125,0.999883426691163,0.997092490241543,0.988454612405139,0.768207909044057,0.46507309627424
23.4375,0.999881884808576,0.997054088649438,0.988302805412329,0.765539191651227,0.460440660092102
23.75,0.999880342928366,0.997015688536316,0.988151021734059,0.762879745254489,0.455854366043649
24.0625,0.999878801050534,0.99697728990212,0.987999261366746,0.760229537646848,0.451313754522658
24.375,0.99987725917508,0.996938892746792,0.987847524306811,0.757588536733193,0.446818370500886
24.6875,0.999875717302004,0.996900497070276,0.987695810550674,0.754956710529914,0.442367763482475
25,0.999874175431305,0.996862102872514,0.987544120094757,0.752334027164505,0.437961487458804
25.3125,0.999872633562984,0.99682371015345,0.987392452935479,0.749720454875187,0.433599100863793
25.625,0.99987109169704,0.996785318913027,0.987240809069265,0.74711596201052,0.429280166529653
25.9375,0.999869549833475,0.996746929151187,0.987089188492536,0.744520517029018,0.425004251643075
26.25,0.999868007972286,0.996708540867874,0.986937591201716,0.741934088498769,0.420770927701858
26.5625,0.999866466113476,0.996670154063031,0.986786017193229,0.739356645097054,0.416579770471966
26.875,0.999864924257043,0.996631768736601,0.986634466463497,0.736788155609969,0.412430359945018
27.1875,0.999863382402988,0.996593384888527,0.986482939008948,0.734228588932044,0.40832228029619
27.5,0.99986184055131,0.996555002518752,0.986331434826005,0.731677914065868,0.404255119842554
27.8125,0.99986029870201,0.996516621627219,0.986179953911095,0.729136100121714,0.400228471001811
28.125,0.999858756855088,0.996478242213872,0.986028496260645,0.726603116317165,0.396241930251458
28.4375,0.999857215010543,0.996439864278652,0.985877061871081,0.724078931976738,0.392295098088338
28.75,0.999855673168376,0.996401487821504,0.985725650738831,0.72156351653152,0.388387578988613
29.0625,0.999854131328587,0.99636311284237,0.985574262860323,0.719056839518788,0.384518981368125
29.375,0.999852589491175,0.996324739341194,0.985422898231986,0.716558870581648,0.380688917543151
29.6875,0.99985104765614,0.996286367317919,0.985271556850249,0.714069579468663,0.376897003691558
30,0.999849505823484,0.996247996772486,0.985120238711542,0.711588936033488,0.373142859814333
30.3125,0.999847963993205,0.996209627704841,0.984968943812295,0.709116910234507,0.369426109697506
30.625,0.999846422165303,0.996171260114926,0.984817672148939,0.706653472134465,0.365746380874448
30.9375,0.99984488033978,0.996132894002683,0.984666423717905,0.704198591900107,0.362103304588544
31.25,0.999843338516633,0.996094529368056,0.984515198515626,0.70175223980182,0.358496515756239
31.5625,0.999841796695864,0.996056166210988,0.984363996538534,0.699314386213268,0.354925652930451
31.875,0.999840254877473,0.996017804531423,0.984212817783062,0.696885001611037,0.351390358264354
32.1875,0.99983871306146,0.995979444329303,0.984061662245644,0.694464056574275,0.347890277475509
32.5,0.999837171247824,0.995941085604571,0.983910529922714,0.692051521784335,0.344425059810367
32.8125,0.999835629436566,0.995902728357171,0.983759420810706,0.689647368024425,0.340994358009118
33.125,0.999834087627685,0.995864372587045,0.983608334906056,0.68725156617925,0.337597828270888
33.4375,0.999832545821181,0.995826018294137,0.983457272205199,0.684864087234656,0.334235130219288
33.75,0.999831004017056,0.995787665478389,0.983306232704573,0.682484902277289,0.330905926868303
34.0625,0.999829462215308,0.995749314139746,0.983155216400613,0.680113982494234,0.327609884588522
34.375,0.999827920415937,0.995710964278149,0.983004223289758,0.677751299172674,0.324346673073704
34.6875,0.999826378618944,0.995672615893542,0.982853253368445,0.675396823699535,0.321115965307679
35,0.999824836824329,0.995634268985869,0.982702306633113,0.673050527561146,0.317917437531572
35.3125,0.999823295032091,0.995595923555072,0.982551383080201,0.670712382342893,0.314750769211362
35.625,0.99982175324223,0.995557579601095,0.982400482706149,0.668382359728868,0.311615643005758
35.9375,0.999820211454748,0.99551923712388,0.982249605507396,0.666060431501535,0.308511744734402
36.25,0.999818669669642,0.995480896123371,0.982098751480384,0.663746569541384,0.305438763346377
36.5625,0.999817127886915,0.995442556599511,0.981947920621554,0.661440745826589,0.30239639088904
36.875,0.999815586106564,0.995404218552242,0.981797112927348,0.659142932432673,0.299384322477161
37.1875,0.999814044328592,0.995365881981509,0.981646328394207,0.656853101532164,0.296402256262369
37.5,0.999812502552996,0.995327546887254,0.981495567018576,0.654571225394264,0.293449893402903
37.8125,0.999810960779778,0.995289213269421,0.981344828796897,0.65229727638451,0.290526938033663
38.125,0.999809419008939,0.995250881127951,0.981194113725614,0.650031226964439,0.287633097236561
38.4375,0.999807877240476,0.99521255046279,0.981043421801172,0.647773049691256,0.284768081011169
38.75,0.999806335474391,0.995174221273879,0.980892753020017,0.6455227172175,0.281931602245655
39.0625,0.999804793710683,0.995135893561162,0.980742107378593,0.643280202290715,0.279123376688009
39.375,0.999803251949353,0.995097567324583,0.980591484873347,0.641045477753118,0.276343122917561
39.6875,0.9998017101904,0.995059242564083,0.980440885500726,0.638818516541271,0.273590562316779
40,0.999800168433825,0.995020919279607,0.980290309257177,0.636599291685753,0.270865419043344
40.3125,0.999798626679627,0.994982597471097,0.980139756139147,0.634387776310834,0.268167420002508
40.625,0.999797084927807,0.994944277138497,0.979989226143086,0.632183943634148,0.265496294819731
40.9375,0.999795543178364,0.994905958281751,0.979838719265442,0.629987766966371,0.262851775813581
41.25,0.999794001431299,0.994867640900799,0.979688235502665,0.627799219710895,0.26023359796891
41.5625,0.999792459686611,0.994829324995587,0.979537774851204,0.625618275363507,0.257641498910296
41.875,0.999790917944301,0.994791010566058,0.97938733730751,0.623444907512071,0.255075218875752
42.1875,0.999789376204368,0.994752697612154,0.979236922868035,0.621279089836204,0.25253450069069
42.5,0.999787834466812,0.994714386133818,0.979086531529229,0.619120796106957,0.250019089742155
42.8125,0.999786292731634,0.994676076130995,0.978936163287546,0.616970000186501,0.247528733953301
43.125,0.999784750998834,0.994637767603626,0.978785818139437,0.614826676027809,0.245063183758138
43.4375,0.999783209268411,0.994599460551655,0.978635496081357,0.612690797674339,0.242622192076517
43.75,0.999781667540365,0.994561154975026,0.978485197109758,0.610562339259721,0.240205514289372
44.0625,0.999780125814697,0.994522850873682,0.978334921221096,0.608441275007445,0.237812908214204
44.375,0.999778584091406,0.994484548247565,0.978184668411825,0.606327579230544,0.235444134080812
44.6875,0.999777042370493,0.994446247096619,0.978034438678401,0.604221226331289,0.233098954507266
45,0.999775500651957,0.994407947420787,0.97788423201728,0.602122190800876,0.230777134476117
45.3125,0.999773958935798,0.994369649220013,0.977734048424918,0.600030447219117,0.228478441310846
45.625,0.999772417222017,0.994331352494238,0.977583887897772,0.597945970254132,0.226202644652545
45.9375,0.999770875510614,0.994293057243408,0.977433750432301,0.595868734662044,0.223949516436833
46.25,0.999769333801588,0.994254763467464,0.977283636024961,0.59379871528667,0.221718830871005
46.5625,0.999767792094939,0.994216471166351,0.977133544672212,0.591735887059221,0.219510364411396
46.875,0.999766250390667,0.99417818034001,0.976983476370514,0.589680224997993,0.217323895740987
47.1875,0.999764708688773,0.994139890988386,0.976833431116326,0.58763170420807,0.215159205747223
47.5,0.999763166989257,0.994101603111422,0.976683408906108,0.585590299881017,0.213016077500055
47.8125,0.999761625292117,0.994063316709061,0.976533409736321,0.583555987294584,0.210894296230199
48.125,0.999760083597356,0.994025031781245,0.976383433603427,0.581528741812406,0.208793649307619
48.4375,0.999758541904971,0.993986748327919,0.976233480503889,0.5795085388837,0.206713926220213
48.75,0.999757000214964,0.993948466349026,0.976083550434167,0.577495354042975,0.204654918552718
49.0625,0.999755458527335,0.993910185844508,0.975933643390725,0.575489162909729,0.202616419965827
49.375,0.999753916842083,0.993871906814309,0.975783759370028,0.57348994118816,0.200598226175508
49.6875,0.999752375159208,0.993833629258372,0.975633898368538,0.571497664666864,0.198600134932535
50,0.99975083347871,0.993795353176641,0.975484060382722,0.56951230921855,0.196621946002216
50.3125,0.99974929180059,0.993757078569058,0.975334245409043,0.567533850799743,0.194663461144331
50.625,0.999747750124847,0.993718805435567,0.975184453443969,0.565562265450492,0.192724484093262
50.9375,0.999746208451482,0.993680533776111,0.975034684483965,0.563597529294086,0.190804820538329
51.25,0.999744666780494,0.993642263590633,0.974884938525498,0.561639618536756,0.188904278104314
51.5625,0.999743125111883,0.993603994879077,0.974735215565035,0.559688509467393,0.187022666332183
51.875,0.99974158344565,0.993565727641385,0.974585515599044,0.557744178457262,0.185159796660001
52.1875,0.999740041781793,0.993527461877502,0.974435838623995,0.555806601959708,0.183315482404034
52.5,0.999738500120315,0.993489197587369,0.974286184636356,0.553875756509879,0.181489538740044
52.8125,0.999736958461214,0.993450934770931,0.974136553632597,0.55195161872444,0.179681782684761
53.125,0.99973541680449,0.993412673428131,0.973986945609187,0.550034165301285,0.177892033077553
53.4375,0.999733875150143,0.993374413558912,0.973837360562597,0.548123373019262,0.176120110562266
53.75,0.999732333498173,0.993336155163217,0.973687798489299,0.546219218737886,0.174365837569253
54.0625,0.999730791848582,0.993297898240989,0.973538259385765,0.544321679397061,0.172629038297579
54.375,0.999729250201367,0.993259642792172,0.973388743248466,0.542430732016801,0.1709095386974
54.6875,0.999727708556529,0.993221388816709,0.973239250073876,0.540546353696952,0.169207166452527
55,0.999726166914069,0.993183136314543,0.973089779858468,0.538668521616914,0.167521750963154
55.3125,0.999724625273987,0.993144885285617,0.972940332598716,0.536797213035363,0.165853123328759
55.625,0.999723083636281,0.993106635729876,0.972790908291094,0.534932405289979,0.164201116331184
55.9375,0.999721542000953,0.993068387647261,0.972641506932077,0.53307407579717,0.162565564417875
56.25,0.999720000368002,0.993030141037716,0.972492128518142,0.531222202051796,0.160946303685289
56.5625,0.999718458737429,0.992991895901185,0.972342773045763,0.529376761626902,0.159343171862473
56.875,0.999716917109232,0.992953652237611,0.972193440511418,0.527537732173441,0.157756008294798
57.1875,0.999715375483413,0.992915410046937,0.972044130911583,0.525705091420005,0.156184653927863
57.5,0.999713833859972,0.992877169329106,0.971894844242737,0.523878817172558,0.154628951291554
57.8125,0.999712292238907,0.992838930084061,0.971745580501358,0.522058887314164,0.153088744484264
58.125,0.99971075062022,0.992800692311747,0.971596339683925,0.52024527980472,0.151563879157269
58.4375,0.99970920900391,0.992762456012105,0.971447121786916,0.518437972680688,0.15005420249926
58.75,0.999707667389978,0.99272422118508,0.971297926806812,0.516636944054833,0.14855956322103
59.0625,0.999706125778422,0.992685987830615,0.971148754740093,0.514842172115953,0.147079811540314
59.375,0.999704584169244,0.992647755948653,0.970999605583241,0.513053635128618,0.145614799166776
59.6875,0.999703042562443,0.992609525539137,0.970850479332736,0.511271311432906,0.144164379287151
60,0.99970150095802,0.992571296602011,0.970701375985061,0.50949517944414,0.142728406550531
60.3125,0.999699959355973,0.992533069137218,0.970552295536698,0.507725217652627,0.1413067370538
60.625,0.999698417756304,0.9924948431447,0.97040323798413,0.505961404623399,0.13989922832721
60.9375,0.999696876159013,0.992456618624402,0.970254203323841,0.50420371899595,0.138505739320111
61.25,0.999695334564098,0.992418395576267,0.970105191552316,0.50245213948398,0.137126130386805
61.5625,0.999693792971561,0.992380174000238,0.969956202666039,0.500706644875139,0.135760263272561
61.875,0.9996922513814,0.992341953896259,0.969807236661495,0.498967214030764,0.134408001099757
62.1875,0.999690709793617,0.992303735264272,0.96965829353517,0.497233825885629,0.133069208354162
62.5,0.999689168208212,0.992265518104221,0.96950937328355,0.495506459447686,0.131743750871357
62.8125,0.999687626625184,0.992227302416049,0.969360475903123,0.493785093797815,0.130431495823288
63.125,0.999686085044532,0.9921890881997,0.969211601390375,0.492069708089565,0.129132311704958
63.4375,0.999684543466258,0.992150875455117,0.969062749741796,0.490360281548907,0.127846068321246
63.75,0.999683001890361,0.992112664182243,0.968913920953872,0.488656793473977,0.126572636773861
64.0625,0.999681460316842,0.992074454381022,0.968765115023094,0.486959223234833,0.125311889448426
64.375,0.999679918745699,0.992036246051396,0.968616331945951,0.485267550273195,0.124063700001684
64.6875,0.999678377176934,0.99199803919331,0.968467571718933,0.483581754102206,0.122827943348844
65,0.999676835610546,0.991959833806706,0.968318834338531,0.481901814306176,0.121604495651042
65.3125,0.999675294046535,0.991921629891528,0.968170119801236,0.48022771054034,0.120393234302928
65.625,0.999673752484902,0.99188342744772,0.968021428103539,0.47855942253061,0.119194037920387
65.9375,0.999672210925645,0.991845226475223,0.967872759241934,0.476896930073327,0.118006786328366
66.25,0.999670669368766,0.991807026973983,0.967724113212912,0.475240213035022,0.116831360548839
66.5625,0.999669127814264,0.991768828943942,0.967575490012967,0.473589251352166,0.115667642788877
66.875,0.999667586262139,0.991730632385043,0.967426889638594,0.471944025030929,0.114515516428848
67.1875,0.999666044712391,0.991692437297231,0.967278312086286,0.470304514146943,0.113374866010729
67.5,0.999664503165021,0.991654243680447,0.967129757352539,0.468670698845051,0.112245577226534
67.8125,0.999662961620027,0.991616051534636,0.966981225433847,0.467042559339075,0.111127536906863
68.125,0.999661420077411,0.991577860859741,0.966832716326708,0.465420075911572,0.110020633009554
68.4375,0.999659878537172,0.991539671655705,0.966684230027618,0.463803228913598,0.108924754608464
68.75,0.99965833699931,0.991501483922472,0.966535766533073,0.462191998764467,0.107839791882344
69.0625,0.999656795463825,0.991463297659985,0.966387325839573,0.460586365951516,0.10676563610384
69.375,0.999655253930717,0.991425112868187,0.966238907943613,0.458986311029867,0.105702179628592
69.6875,0.999653712399987,0.991386929547022,0.966090512841694,0.457391814622195,0.104649315884451
70,0.999652170871633,0.991348747696433,0.965942140530315,0.455802857418487,0.103606939360798
70.3125,0.999650629345657,0.991310567316363,0.965793791005976,0.454219420175817,0.102574945597967
70.625,0.999649087822058,0.991272388406756,0.965645464265176,0.452641483718103,0.101553231176781
70.9375,0.999647546300836,0.991234210967555,0.965497160304418,0.451069028935884,0.100541693708188
71.25,0.999646004781991,0.991196034998704,0.965348879120202,0.449502036786081,0.099540231822995
71.5625,0.999644463265524,0.991157860500145,0.96520062070903,0.447940488291772,0.0985487451617169
71.875,0.999642921751433,0.991119687471823,0.965052385067405,0.44638436454196,0.0975671343645139
72.1875,0.999641380239719,0.991081515913681,0.964904172191829,0.444833646691342,0.0965953010612365
72.5,0.999639838730383,0.991043345825661,0.964755982078808,0.443288315960083,0.0956331478615668
72.8125,0.999638297223424,0.991005177207708,0.964607814724843,0.441748353633591,0.0946805783452592
73.125,0.999636755718841,0.990967010059764,0.964459670126441,0.440213741062285,0.0937374970524775
73.4375,0.999635214216636,0.990928844381774,0.964311548280107,0.438684459661371,0.0928038094742288
73.75,0.999633672716808,0.99089068017368,0.964163449182345,0.43716049091062,0.0918794220428923
74.0625,0.999632131219357,0.990852517435426,0.964015372829663,0.43564181635414,0.0909642421228429
74.375,0.999630589724283,0.990814356166956,0.963867319218567,0.434128417600156,0.0900581780011675
74.6875,0.999629048231587,0.990776196368212,0.963719288345565,0.432620276320781,0.0891611388784744
75,0.999627506741267,0.990738038039138,0.963571280207164,0.431117374251802,0.0882730348597941
75.3125,0.999625965253324,0.990699881179678,0.963423294799873,0.429619693192453,0.0873937769455705
75.625,0.999624423767759,0.990661725789775,0.963275332120201,0.428127215005198,0.086523277022742
75.9375,0.99962288228457,0.990623571869372,0.963127392164657,0.426639921615508,0.0856614478559116
76.25,0.999621340803759,0.990585419418412,0.962979474929752,0.425157795011647,0.0848082030786045
76.5625,0.999619799325324,0.99054726843684,0.962831580411995,0.423680817244447,0.0839634571846134
76.875,0.999618257849267,0.990509118924598,0.962683708607899,0.422208970427098,0.0831271255194292
77.1875,0.999616716375587,0.990470970881631,0.962535859513974,0.420742236734926,0.0822991242717582
77.5,0.999615174904284,0.990432824307881,0.962388033126733,0.41928059840518,0.0814793704651224
77.8125,0.999613633435358,0.990394679203291,0.962240229442689,0.417824037736815,0.0806677819495444
78.125,0.999612091968808,0.990356535567805,0.962092448458354,0.41637253709028,0.0798642773933155
78.4375,0.999610550504636,0.990318393401368,0.961944690170242,0.414926078887301,0.0790687762748442
78.75,0.999609009042841,0.990280252703921,0.961796954574869,0.413484645610673,0.0782811988745876
79.0625,0.999607467583423,0.990242113475409,0.961649241668748,0.412048219804041,0.0775014662670624
79.375,0.999605926126382,0.990203975715774,0.961501551448396,0.410616784071696,0.0767295003129351
79.6875,0.999604384671718,0.990165839424961,0.961353883910327,0.409190321078359,0.075965223651192
80,0.999602843219431,0.990127704602912,0.961206239051058,0.407768813548973,0.0752085596913863
80.3125,0.999601301769521,0.990089571249572,0.961058616867107,0.406352244268495,0.0744594326059628
80.625,0.999599760321988,0.990051439364883,0.960911017354992,0.404940596081685,0.0737177673226588
80.9375,0.999598218876832,0.99001330894879,0.960763440511229,0.4035338518929,0.0729834895169813
81.25,0.999596677434054,0.989975180001235,0.960615886332337,0.402131994665886,0.0722565256047584
81.5625,0.999595135993652,0.989937052522162,0.960468354814837,0.400735007423574,0.0715368027347654
81.875,0.999593594555627,0.989898926511513,0.960320845955246,0.399342873247868,0.0708242487814239
82.1875,0.999592053119979,0.989860801969235,0.960173359750087,0.39795557527945,0.0701187923375742
82.5,0.999590511686708,0.989822678895268,0.960025896195878,0.396573096717568,0.0694203627073192
82.8125,0.999588970255814,0.989784557289557,0.959878455289143,0.395195420819833,0.0687288898989397
83.125,0.999587428827297,0.989746437152045,0.959731037026401,0.393822530902023,0.0680443046178804
83.4375,0.999585887401157,0.989708318482675,0.959583641404176,0.392454410337872,0.0673665382598058
83.75,0.999584345977394,0.989670201281392,0.959436268418991,0.391091042558874,0.066695522903725
84.0625,0.999582804556008,0.989632085548138,0.959288918067368,0.389732411054083,0.066031191305185
84.375,0.999581263136999,0.989593971282858,0.959141590345833,0.388378499369909,0.0653734768895323
84.6875,0.999579721720367,0.989555858485493,0.958994285250909,0.387029291109921,0.064722313745241
85,0.999578180306112,0.989517747155989,0.958847002779122,0.385684769934651,0.0640776366173078
85.3125,0.999576638894234,0.989479637294288,0.958699742926996,0.38434491956139,0.0634393809007121
85.625,0.999575097484732,0.989441528900334,0.958552505691058,0.383009723763998,0.0628074826339424
85.9375,0.999573556077608,0.98940342197407,0.958405291067835,0.381679166372699,0.0621818784925864
86.25,0.999572014672861,0.98936531651544,0.958258099053853,0.380353231273896,0.0615625057829844
86.5625,0.99957047327049,0.989327212524387,0.958110929645641,0.379031902409965,0.0609493024359476
86.875,0.999568931870497,0.989289110000855,0.957963782839726,0.377715163779068,0.060342207000537
87.1875,0.99956739047288,0.989251008944787,0.957816658632638,0.376402999434955,0.0597411586379061
87.5,0.999565849077641,0.989212909356127,0.957669557020906,0.375095393486774,0.0591460971152033
87.8125,0.999564307684778,0.989174811234818,0.957522478001058,0.373792330098877,0.0585569627995362
88.125,0.999562766294292,0.989136714580804,0.957375421569627,0.372493793490626,0.0579736966519956
88.4375,0.999561224906183,0.989098619394028,0.957228387723142,0.371199767936207,0.0573962402217388
88.75,0.999559683520451,0.989060525674434,0.957081376458135,0.369910237764435,0.0568245356401325
89.0625,0.999558142137097,0.989022433421964,0.956934387771138,0.368625187358567,0.0562585256149529
89.375,0.999556600756118,0.988984342636564,0.956787421658683,0.367344601156111,0.0556981534246451
89.6875,0.999555059377517,0.988946253318175,0.956640478117304,0.366068463648639,0.0551433629126383
90,0.999553518001293,0.988908165466743,0.956493557143534,0.364796759381599,0.0545940984817183
90.3125,0.999551976627445,0.988870079082209,0.956346658733906,0.363529472954124,0.0540503050884562
90.625,0.999550435255975,0.988831994164518,0.956199782884957,0.362266589018854,0.0535119282376918
90.9375,0.999548893886882,0.988793910713614,0.95605292959322,0.361008092281742,0.0529789139770732
91.25,0.999547352520165,0.988755828729439,0.955906098855231,0.359753967501871,0.0524512088916493
91.5625,0.999545811155825,0.988717748211937,0.955759290667527,0.358504199491273,0.0519287600985175
91.875,0.999544269793862,0.988679669161052,0.955612505026644,0.357258773114739,0.051411515241524
92.1875,0.999542728434276,0.988641591576727,0.95546574192912,0.356017673289642,0.0508994224860167
92.5,0.999541187077067,0.988603515458906,0.955319001371492,0.35478088498575,0.0503924305136514
92.8125,0.999539645722234,0.988565440807532,0.955172283350298,0.353548393225045,0.0498904885172482
93.125,0.999538104369779,0.988527367622548,0.955025587862079,0.352320183081542,0.0493935461957007
93.4375,0.9995365630197,0.9884892959039,0.954878914903372,0.351096239681109,0.0489015537489346
93.75,0.999535021671999,0.988451225651529,0.954732264470718,0.349876548201285,0.0484144618729174
94.0625,0.999533480326674,0.988413156865379,0.954585636560657,0.348661093871103,0.0479322217547177
94.375,0.999531938983726,0.988375089545394,0.95443903116973,0.347449861970906,0.0474547850676127
94.6875,0.999530397643155,0.988337023691518,0.954292448294479,0.346242837832178,0.0469821039662464
95,0.99952885630496,0.988298959303693,0.954145887931446,0.345040006837356,0.0465141310818337
95.3125,0.999527314969143,0.988260896381864,0.953999350077173,0.343841354419659,0.0460508195174143
95.625,0.999525773635702,0.988222834925975,0.953852834728204,0.342646866062912,0.0455921228431527
95.9375,0.999524232304638,0.988184774935967,0.953706341881081,0.341456527301367,0.0451379950916851
96.25,0.999522690975951,0.988146716411786,0.95355987153235,0.340270323719528,0.0446883907535133
96.5625,0.999521149649641,0.988108659353374,0.953413423678555,0.339088240951981,0.0442432647724439
96.875,0.999519608325708,0.988070603760676,0.953266998316241,0.337910264683214,0.0438025725410727
97.1875,0.999518067004151,0.988032549633635,0.953120595441954,0.336736380647448,0.0433662698963153
97.5,0.999516525684971,0.987994496972193,0.95297421505224,0.335566574628462,0.0429343131149805
97.8125,0.999514984368169,0.987956445776296,0.952827857143646,0.334400832459421,0.0425066589093892
98.125,0.999513443053742,0.987918396045886,0.95268152171272,0.333239140022706,0.0420832644230361
98.4375,0.999511901741693,0.987880347780907,0.952535208756009,0.33208148324974,0.0416640872262955
98.75,0.999510360432021,0.987842300981303,0.952388918270061,0.330927848120823,0.0412490853121684
99.0625,0.999508819124725,0.987804255647016,0.952242650251426,0.329778220664954,0.0408382170920736
99.375,0.999507277819806,0.987766211777992,0.952096404696653,0.328632586959672,0.0404314413916797
99.6875,0.999505736517264,0.987728169374172,0.951950181602292,0.327490933130878,0.0400287174467789
100,0.999504195217099,0.987690128435501,0.951803980964893,0.326353245352672,0.0396300048992019
100.3125,0.99950265391931,0.987652088961923,0.951657802781009,0.325219509847185,0.0392352637927735
100.625,0.999501112623898,0.987614050953381,0.951511647047189,0.324089712884411,0.0388444545693086
100.9375,0.999499571330863,0.987576014409818,0.951365513759987,0.322963840782042,0.0384575380646477
101.25,0.999498030040205,0.987537979331178,0.951219402915955,0.321841879905301,0.0380744755047322
101.5625,0.999496488751923,0.987499945717406,0.951073314511646,0.320723816666778,0.0376952285017191
101.875,0.999494947466019,0.987461913568443,0.950927248543614,0.319609637526265,0.0373197590501335
102.1875,0.999493406182491,0.987423882884234,0.950781205008412,0.318499328990593,0.0369480295230603
102.5,0.999491864901339,0.987385853664723,0.950635183902597,0.317392877613466,0.0365800026683734
102.8125,0.999490323622565,0.987347825909852,0.950489185222723,0.316290269995299,0.0362156416050025
103.125,0.999488782346167,0.987309799619567,0.950343208965346,0.31519149278306,0.0358549098192373
103.4375,0.999487241072146,0.987271774793809,0.950197255127022,0.314096532670102,0.0354977711610683
103.75,0.999485699800502,0.987233751432523,0.950051323704308,0.313005376396005,0.0351441898405637
104.0625,0.999484158531235,0.987195729535653,0.949905414693762,0.311918010746415,0.0347941304242836
104.375,0.999482617264344,0.987157709103142,0.949759528091942,0.310834422552886,0.0344475578317284
104.6875,0.99948107599983,0.987119690134933,0.949613663895405,0.309754598692716,0.0341044373318234
105,0.999479534737693,0.987081672630971,0.949467822100711,0.308678526088791,0.0337647345394386
105.3125,0.999477993477932,0.987043656591198,0.94932200270442,0.307606191709428,0.0334284154119427
105.625,0.999476452220548,0.987005642015559,0.949176205703092,0.306537582568214,0.0330954462457915
105.9375,0.999474910965541,0.986967628903997,0.949030431093287,0.305472685723851,0.0327657936731503
106.25,0.999473369712911,0.986929617256455,0.948884678871565,0.304411488279997,0.0324394246585504
106.5625,0.999471828462657,0.986891607072878,0.94873894903449,0.303353977385113,0.032116306495578
106.875,0.99947028721478,0.986853598353209,0.948593241578623,0.302300140232304,0.0317964068035971
107.1875,0.999468745969279,0.986815591097391,0.948447556500527,0.301249964059168,0.0314796935245041
107.5,0.999467204726156,0.986777585305368,0.948301893796764,0.300203436147636,0.0311661349195154
107.8125,0.999465663485409,0.986739580977084,0.9481562534639,0.299160543823823,0.0308556995659868
108.125,0.999464122247039,0.986701578112483,0.948010635498497,0.298121274457871,0.0305483563542643
108.4375,0.999462581011045,0.986663576711508,0.947865039897121,0.297085615463799,0.0302440744845668
108.75,0.999461039777428,0.986625576774102,0.947719466656337,0.296053554299349,0.0299428234638994
109.0625,0.999459498546188,0.986587578300209,0.947573915772711,0.295025078465832,0.0296445731029975
109.375,0.999457957317325,0.986549581289773,0.94742838724281,0.294000175507983,0.0293492935133019
109.6875,0.999456416090838,0.986511585742738,0.947282881063199,0.292978833013801,0.0290569551039628
110,0.999454874866728,0.986473591659047,0.947137397230448,0.291961038614407,0.0287675285788753
110.3125,0.999453333644994,0.986435599038644,0.946991935741123,0.29094677998389,0.0284809849337428
110.625,0.999451792425637,0.986397607881472,0.946846496591794,0.289936044839159,0.028197295453171
110.9375,0.999450251208657,0.986359618187476,0.946701079779028,0.288928820939794,0.0279164317077896
111.25,0.999448709994054,0.986321629956598,0.946555685299396,0.287925096087896,0.027638365551404
111.5625,0.999447168781827,0.986283643188783,0.946410313149468,0.286924858127943,0.0273630691181741
111.875,0.999445627571977,0.986245657883974,0.946264963325815,0.285928094946639,0.0270905148198222
112.1875,0.999444086364503,0.986207674042114,0.946119635825007,0.28493479447277,0.0268206753428681
112.5,0.999442545159406,0.986169691663148,0.945974330643616,0.283944944677058,0.0265535236458918
112.8125,0.999441003956686,0.986131710747019,0.945829047778214,0.282958533572011,0.026289032956824
113.125,0.999439462756342,0.98609373129367,0.945683787225375,0.281975549211783,0.0260271767702628
113.4375,0.999437921558375,0.986055753303046,0.945538548981671,0.280995979692028,0.0257679288448176
113.75,0.999436380362784,0.98601777677509,0.945393333043676,0.280019813149753,0.0255112632004796
114.0625,0.999434839169571,0.985979801709746,0.945248139407964,0.279047037763179,0.0252571541160181
114.375,0.999433297978733,0.985941828106957,0.945102968071111,0.278077641751593,0.0250055761264027
114.6875,0.999431756790273,0.985903855966667,0.944957819029691,0.277111613375208,0.0247565040202518
115,0.999430215604189,0.98586588528882,0.94481269228028,0.276148940935022,0.0245099128373058
115.3125,0.999428674420481,0.985827916073359,0.944667587819455,0.275189612772673,0.0242657778659256
115.625,0.99942713323915,0.985789948320228,0.944522505643794,0.274233617270301,0.0240240746406168
115.9375,0.999425592060196,0.985751982029371,0.944377445749871,0.273280942850405,0.0237847789395773
116.25,0.999424050883619,0.985714017200731,0.944232408134268,0.272331577975704,0.0235478667822702
116.5625,0.999422509709418,0.985676053834253,0.94408739279356,0.271385511148997,0.0233133144270206
116.875,0.999420968537593,0.985638091929879,0.943942399724329,0.270442730913023,0.0230810983686365
117.1875,0.999419427368145,0.985600131487554,0.943797428923152,0.269503225850324,0.0228511953360532
117.5,0.999417886201074,0.985562172507221,0.943652480386611,0.268566984583105,0.0226235822900012
117.8125,0.99941634503638,0.985524214988824,0.943507554111285,0.267633995773098,0.0223982364206973
118.125,0.999414803874061,0.985486258932306,0.943362650093756,0.266704248121423,0.022175135145559
118.4375,0.99941326271412,0.985448304337612,0.943217768330606,0.26577773036845,0.0219542561069411
118.75,0.999411721556555,0.985410351204684,0.943072908818417,0.264854431293667,0.0217355771698956
119.0625,0.999410180401366,0.985372399533468,0.942928071553771,0.263934339715541,0.0215190764199531
119.375,0.999408639248555,0.985334449323905,0.942783256533252,0.263017444491381,0.0213047321609268
119.6875,0.999407098098119,0.985296500575941,0.942638463753443,0.262103734517208,0.0210925229127383
120,0.999405556950061,0.985258553289518,0.942493693210929,0.261193198727617,0.0208824274092652
120.3125,0.999404015804378,0.985220607464582,0.942348944902295,0.260285826095642,0.0206744245962096
120.625,0.999402474661073,0.985182663101074,0.942204218824125,0.259381605632625,0.0204684936289882
120.9375,0.999400933520144,0.985144720198939,0.942059514973006,0.258480526388084,0.0202646138706441
121.25,0.999399392381591,0.985106778758121,0.941914833345523,0.257582577449575,0.0200627648897775
121.5625,0.999397851245415,0.985068838778563,0.941770173938265,0.256687747942567,0.0198629264584993
121.875,0.999396310111615,0.985030900260209,0.941625536747818,0.255796027030304,0.0196650785504035
122.1875,0.999394768980192,0.984992963203003,0.94148092177077,0.254907403913676,0.0194692013385603
122.5,0.999393227851146,0.984955027606889,0.941336329003709,0.254021867831091,0.0192752751935294
122.8125,0.999391686724476,0.98491709347181,0.941191758443226,0.253139408058341,0.0190832806813925
123.125,0.999390145600182,0.984879160797709,0.941047210085909,0.252260013908472,0.0188931985618062
123.4375,0.999388604478265,0.984841229584532,0.940902683928348,0.251383674731659,0.0187050097860736
123.75,0.999387063358725,0.984803299832221,0.940758179967133,0.250510379915071,0.0185186954952354
124.0625,0.999385522241561,0.98476537154072,0.940613698198857,0.249640118882747,0.0183342370181802
124.375,0.999383981126773,0.984727444709974,0.94046923862011,0.248772881095467,0.0181516158697729
124.6875,0.999382440014363,0.984689519339924,0.940324801227485,0.247908656050621,0.0179708137490031
125,0.999380898904328,0.984651595430517,0.940180386017574,0.247047433282089,0.01779181253715
125.3125,0.99937935779667,0.984613672981694,0.94003599298697,0.246189202360105,0.0176145942959678
125.625,0.999377816691389,0.9845757519934,0.939891622132268,0.245333952891139,0.0174391412658871
125.9375,0.999376275588484,0.984537832465579,0.93974727345006,0.244481674517766,0.0172654358642358
126.25,0.999374734487955,0.984499914398175,0.939602946936943,0.243632356918542,0.0170934606834769
126.5625,0.999373193389803,0.98446199779113,0.939458642589512,0.242785989807881,0.0169231984894639
126.875,0.999371652294028,0.98442408264439,0.939314360404361,0.241942562935926,0.0167546322197138
127.1875,0.999370111200629,0.984386168957897,0.939170100378088,0.24110206608843,0.0165877449816972
127.5,0.999368570109606,0.984348256731596,0.93902586250729,0.240264489086628,0.0164225200511457
127.8125,0.99936702902096,0.98431034596543,0.938881646788562,0.239429821787117,0.0162589408703755
128.125,0.99936548793469,0.984272436659342,0.938737453218505,0.23859805408173,0.0160969910466283
128.4375,0.999363946850797,0.984234528813278,0.938593281793715,0.237769175897417,0.0159366543504287
128.75,0.99936240576928,0.98419662242718,0.938449132510793,0.23694317719612,0.0157779147139574
129.0625,0.999360864690139,0.984158717500992,0.938305005366336,0.236120047974654,0.0156207562294414
129.375,0.999359323613376,0.984120814034659,0.938160900356946,0.235299778264583,0.0154651631475596
129.6875,0.999357782538988,0.984082912028123,0.938016817479223,0.234482358132102,0.0153111198758646
130,0.999356241466977,0.984045011481329,0.937872756729768,0.233667777677915,0.01515861097722
130.3125,0.999354700397342,0.98400711239422,0.937728718105181,0.232856027037116,0.0150076211682537
130.625,0.999353159330084,0.98396921476674,0.937584701602067,0.23204709637907,0.0148581353178259
130.9375,0.999351618265202,0.983931318598834,0.937440707217026,0.231240975907291,0.0147101384455132
131.25,0.999350077202697,0.983893423890444,0.937296734946663,0.230437655859328,0.0145636157201069
131.5625,0.999348536142568,0.983855530641515,0.93715278478758,0.229637126506643,0.0144185524581271
131.875,0.999346995084815,0.983817638851989,0.937008856736382,0.228839378154493,0.0142749341223512
132.1875,0.999345454029439,0.983779748521813,0.936864950789673,0.228044401141818,0.0141327463203567
132.5,0.999343912976439,0.983741859650928,0.936721066944059,0.227252185841116,0.0139919748030793
132.8125,0.999342371925816,0.983703972239278,0.936577205196146,0.226462722658333,0.013852605463385
133.125,0.999340830877569,0.983666086286809,0.936433365542539,0.225676002032744,0.0137146243346559
133.4375,0.999339289831698,0.983628201793462,0.936289547979846,0.224892014436835,0.013578017589391
133.75,0.999337748788204,0.983590318759183,0.936145752504674,0.224110750376194,0.0134427715378204
134.0625,0.999336207747086,0.983552437183914,0.936001979113629,0.22333220038939,0.0133088726265334
134.375,0.999334666708345,0.9835145570676,0.935858227803322,0.22255635504786,0.0131763074371201
134.6875,0.99933312567198,0.983476678410185,0.93571449857036,0.221783204955797,0.013045062684827
135,0.999331584637991,0.983438801211612,0.935570791411354,0.221012740750033,0.0129151252172256
135.3125,0.999330043606379,0.983400925471826,0.935427106322912,0.220244953099928,0.012786482012894
135.625,0.999328502577143,0.983363051190769,0.935283443301646,0.219479832707257,0.0126591201801127
135.9375,0.999326961550283,0.983325178368386,0.935139802344165,0.218717370306095,0.0125330269555719
136.25,0.9993254205258,0.983287307004621,0.934996183447083,0.217957556662707,0.0124081897030931
136.5625,0.999323879503693,0.983249437099417,0.93485258660701,0.217200382575437,0.0122845959123623
136.875,0.999322338483963,0.983211568652718,0.934709011820559,0.216445838874592,0.0121622331976767
137.1875,0.999320797466609,0.983173701664469,0.934565459084343,0.215693916422336,0.0120410892967031
137.5,0.999319256451631,0.983135836134612,0.934421928394976,0.214944606112579,0.0119211520692495
137.8125,0.99931771543903,0.983097972063092,0.934278419749071,0.214197898870861,0.0118024094960481
138.125,0.999316174428804,0.983060109449853,0.934134933143244,0.213453785654251,0.0116848496775509
138.4375,0.999314633420956,0.983022248294838,0.933991468574109,0.212712257451228,0.0115684608327376
138.75,0.999313092415483,0.982984388597992,0.933848026038282,0.211973305281581,0.0114532312979343
139.0625,0.999311551412387,0.982946530359258,0.933704605532378,0.211236920196293,0.0113391495256452
139.375,0.999310010411667,0.982908673578579,0.933561207053016,0.210503093277435,0.0112262040833952
139.6875,0.999308469413324,0.982870818255901,0.933417830596811,0.209771815638061,0.0111143836525842
140,0.999306928417357,0.982832964391166,0.933274476160382,0.209043078422096,0.0110036770273529
140.3125,0.999305387423766,0.982795111984318,0.933131143740346,0.208316872804232,0.0108940731134597
140.625,0.999303846432551,0.982757261035302,0.932987833333323,0.207593189989817,0.0107855609271692
140.9375,0.999302305443713,0.982719411544061,0.932844544935932,0.206872021214754,0.0106781295941509
141.25,0.999300764457251,0.982681563510539,0.932701278544792,0.206153357745391,0.0105717683483902
141.5625,0.999299223473165,0.98264371693468,0.932558034156523,0.205437190878416,0.0104664665311091
141.875,0.999297682491456,0.982605871816428,0.932414811767748,0.204723511940752,0.0103622135896978
142.1875,0.999296141512123,0.982568028155726,0.932271611375086,0.204012312289452,0.0102589990766578
142.5,0.999294600535166,0.982530185952519,0.932128432975159,0.203303583311595,0.0101568126485544
142.8125,0.999293059560585,0.982492345206751,0.931985276564591,0.20259731642418,0.0100556440649806
143.125,0.999291518588381,0.982454505918364,0.931842142140003,0.201893503074022,0.0099554831875304
143.4375,0.999289977618553,0.982416668087304,0.93169902969802,0.201192134737652,0.00985631997878313
143.75,0.999288436651102,0.982378831713513,0.931555939235265,0.200493202921207,0.00975814450129751
144.0625,0.999286895686026,0.982340996796937,0.931412870748362,0.199796699160336,0.00966094691661572
144.375,0.999285354723327,0.982303163337518,0.931269824233937,0.19910261502009,0.00956471748427751
144.6875,0.999283813763004,0.982265331335201,0.931126799688615,0.198410942094822,0.00946944656084408
145,0.999282272805058,0.982227500789929,0.930983797109022,0.197721672008088,0.00937512459893166
145.3125,0.999280731849487,0.982189671701647,0.930840816491785,0.197034796412543,0.00928174214625473
145.625,0.999279190896293,0.982151844070298,0.93069785783353,0.196350306989838,0.00918928984467883
145.9375,0.999277649945475,0.982114017895826,0.930554921130885,0.195668195450524,0.00909775842928271
146.25,0.999276108997034,0.982076193178176,0.930412006380477,0.194988453533948,0.00900713872742985
146.5625,0.999274568050968,0.982038369917289,0.930269113578937,0.194311073008154,0.00891742165784929
146.875,0.999273027107279,0.982000548113113,0.930126242722893,0.193636045669784,0.00882859822972556
147.1875,0.999271486165966,0.981962727765588,0.929983393808974,0.192963363343979,0.00874065954179763
147.5,0.999269945227029,0.981924908874661,0.92984056683381,0.192293017884276,0.00865359678146695
147.8125,0.999268404290469,0.981887091440273,0.929697761794033,0.191625001172516,0.0085674012239143
148.125,0.999266863356285,0.981849275462371,0.929554978686272,0.19095930511874,0.00848206423122541
148.4375,0.999265322424477,0.981811460940896,0.929412217507161,0.190295921661094,0.0083975772515254
148.75,0.999263781495045,0.981773647875794,0.929269478253331,0.189634842765728,0.0083139318181217
149.0625,0.999262240567989,0.981735836267008,0.929126760921414,0.188976060426706,0.0082311195486556
149.375,0.99926069964331,0.981698026114482,0.928984065508045,0.1883195666659,0.00814913214426227
149.6875,0.999259158721007,0.98166021741816,0.928841392009857,0.187665353532899,0.00806796138873906
150,0.99925761780108,0.981622410177986,0.928698740423484,0.187013413104912,0.00798759914772211
150.3125,0.999256076883529,0.981584604393904,0.92855611074556,0.186363737486672,0.00790803736787128
150.625,0.999254535968354,0.981546800065858,0.928413502972722,0.185716318810336,0.00782926807606296
150.9375,0.999252995055556,0.981508997193791,0.928270917101605,0.185071149235399,0.00775128337859118
151.25,0.999251454145133,0.981471195777648,0.928128353128845,0.184428220948589,0.0076740754603765
151.5625,0.999249913237087,0.981433395817372,0.92798581105108,0.183787526163779,0.00759763658418286
151.875,0.999248372331417,0.981395597312907,0.927843290864946,0.18314905712189,0.00752195908984216
152.1875,0.999246831428124,0.981357800264199,0.927700792567081,0.182512806090799,0.00744703539348671
152.5,0.999245290527206,0.981320004671189,0.927558316154124,0.181878765365242,0.00737285798678911
152.8125,0.999243749628665,0.981282210533823,0.927415861622714,0.181246927266724,0.00729941943620989
153.125,0.9992422087325,0.981244417852043,0.92727342896949,0.180617284143425,0.0072267123822526
153.4375,0.999240667838711,0.981206626625795,0.927131018191092,0.179989828370106,0.0071547295387262
153.75,0.999239126947298,0.981168836855022,0.926988629284161,0.179364552348017,0.00708346369201495
154.0625,0.999237586058261,0.981131048539668,0.926846262245337,0.178741448504809,0.00701290770035553
154.375,0.9992360451716,0.981093261679677,0.926703917071263,0.178120509294435,0.00694305449312128
154.6875,0.999234504287316,0.981055476274993,0.926561593758579,0.177501727197066,0.00687389707011368
155,0.999232963405407,0.98101769232556,0.926419292303929,0.176885094718994,0.00680542850086084
155.3125,0.999231422525875,0.980979909831321,0.926277012703956,0.176270604392545,0.00673764192392295
155.625,0.999229881648719,0.980942128792222,0.926134754955302,0.175658248775988,0.00667053054620467
155.9375,0.999228340773939,0.980904349208205,0.925992519054613,0.175048020453442,0.00660408764227443
156.25,0.999226799901535,0.980866571079215,0.925850304998533,0.17443991203479,0.00653830655369036
156.5625,0.999225259031507,0.980828794405195,0.925708112783707,0.173833916155588,0.00647318068833314
156.875,0.999223718163856,0.98079101918609,0.92556594240678,0.173230025476975,0.00640870351974528
157.1875,0.999222177298581,0.980753245421843,0.925423793864399,0.172628232685586,0.00634486858647717
157.5,0.999220636435681,0.980715473112399,0.92528166715321,0.172028530493461,0.00628166949143949
157.8125,0.999219095575158,0.980677702257702,0.925139562269861,0.171430911637958,0.00621909990126217
158.125,0.999217554717011,0.980639932857695,0.924997479210999,0.170835368881667,0.00615715354565973
158.4375,0.99921601386124,0.980602164912323,0.924855417973273,0.170241895012317,0.00609582421680284
158.75,0.999214473007845,0.980564398421528,0.92471337855333,0.169650482842696,0.00603510576869632
159.0625,0.999212932156826,0.980526633385257,0.924571360947821,0.169061125210558,0.00597499211656313
159.375,0.999211391308183,0.980488869803452,0.924429365153394,0.168473814978537,0.00591547723623465
159.6875,0.999209850461917,0.980451107676057,0.924287391166701,0.167888545034064,0.00585655516354699
160,0.999208309618026,0.980413347003016,0.924145438984392,0.167305308289279,0.00579821999374327
160.3125,0.999206768776511,0.980375587784274,0.924003508603119,0.166724097680942,0.0057404658808819
160.625,0.999205227937373,0.980337830019774,0.923861600019532,0.166144906170354,0.00568328703725074
160.9375,0.999203687100611,0.98030007370946,0.923719713230285,0.165567726743265,0.0056266777327871
161.25,0.999202146266224,0.980262318853278,0.92357784823203,0.164992552409795,0.00557063229450352
161.5625,0.999200605434214,0.980224565451169,0.923436005021421,0.164419376204343,0.00551514510591924
161.875,0.99919906460458,0.980186813503078,0.923294183595111,0.16384819118551,0.00546021060649738
162.1875,0.999197523777322,0.98014906300895,0.923152383949755,0.163278990436009,0.00540582329108769
162.5,0.99919598295244,0.980111313968728,0.923010606082008,0.162711767062584,0.00535197770937485
162.8125,0.999194442129934,0.980073566382356,0.922868849988524,0.162146514195923,0.00529866846533231
163.125,0.999192901309804,0.980035820249779,0.922727115665961,0.161583224990583,0.00524589021668152
163.4375,0.99919136049205,0.97999807557094,0.922585403110974,0.161021892624898,0.00519363767435654
163.75,0.999189819676672,0.979960332345784,0.92244371232022,0.1604625103009,0.00514190560197406
164.0625,0.99918827886367,0.979922590574254,0.922302043290358,0.159905071244239,0.00509068881530861
164.375,0.999186738053044,0.979884850256294,0.922160396018044,0.159349568704096,0.00503998218177302
164.6875,0.999185197244794,0.979847111391848,0.922018770499937,0.158795995953108,0.00498978061990411
165,0.99918365643892,0.979809373980862,0.921877166732696,0.158244346287278,0.00494007909885345
165.3125,0.999182115635422,0.979771638023277,0.921735584712981,0.157694613025902,0.00489087263788316
165.625,0.999180574834301,0.979733903519039,0.921594024437452,0.157146789511482,0.00484215630586683
165.9375,0.999179034035555,0.979696170468091,0.921452485902768,0.156600869109648,0.00479392522079534
166.25,0.999177493239185,0.979658438870379,0.921310969105593,0.15605684520908,0.00474617454928761
166.5625,0.999175952445192,0.979620708725844,0.921169474042586,0.155514711221423,0.00469889950610623
166.875,0.999174411653574,0.979582980034432,0.921028000710409,0.154974460581211,0.00465209535367794
167.1875,0.999172870864332,0.979545252796087,0.920886549105727,0.154436086745783,0.00460575740161885
167.5,0.999171330077467,0.979507527010752,0.9207451192252,0.153899583195212,0.00455988100626437
167.8125,0.999169789292977,0.979469802678372,0.920603711065495,0.153364943432217,0.00451446157020392
168.125,0.999168248510863,0.979432079798891,0.920462324623273,0.152832160982089,0.00446949454182018
168.4375,0.999166707731125,0.979394358372253,0.9203209598952,0.152301229392613,0.00442497541483291
168.75,0.999165166953763,0.979356638398402,0.920179616877941,0.151772142233988,0.00438089972784745
169.0625,0.999163626178777,0.979318919877281,0.920038295568162,0.151244893098749,0.00433726306390757
169.375,0.999162085406167,0.979281202808835,0.919896995962528,0.150719475601692,0.00429406105005285
169.6875,0.999160544635934,0.979243487193009,0.919755718057708,0.150195883379793,0.00425128935688047
170,0.999159003868076,0.979205773029745,0.919614461850367,0.149674110092135,0.0042089436981113
170.3125,0.999157463102594,0.979168060318988,0.919473227337173,0.149154149419826,0.00416701983016041
170.625,0.999155922339488,0.979130349060683,0.919332014514795,0.148635995065929,0.0041255135517118
170.9375,0.999154381578757,0.979092639254773,0.919190823379901,0.148119640755379,0.00408442070329732
171.25,0.999152840820403,0.979054930901202,0.919049653929161,0.147605080234914,0.00404373716687991
171.5625,0.999151300064425,0.979017223999914,0.918908506159244,0.147092307272991,0.0040034588654409
171.875,0.999149759310823,0.978979518550854,0.91876738006682,0.146581315659718,0.0039635817625714
172.1875,0.999148218559597,0.978941814553965,0.918626275648561,0.146072099206777,0.00392410186206782
172.5,0.999146677810746,0.978904112009192,0.918485192901138,0.145564651747344,0.00388501520753144
172.8125,0.999145137064272,0.978866410916478,0.918344131821222,0.145058967136022,0.00384631788197186
173.125,0.999143596320173,0.978828711275768,0.918203092405485,0.144555039248761,0.00380800600741453
173.4375,0.999142055578451,0.978791013087006,0.918062074650601,0.144052861982786,0.00377007574451207
173.75,0.999140514839104,0.978753316350136,0.917921078553243,0.143552429256522,0.00373252329215955
174.0625,0.999138974102133,0.978715621065102,0.917780104110085,0.143053735009522,0.00369534488711356
174.375,0.999137433367538,0.978677927231848,0.917639151317801,0.142556773202393,0.00365853680361512
174.6875,0.99913589263532,0.978640234850317,0.917498220173065,0.142061537816722,0.00362209535301624
175,0.999134351905477,0.978602543920456,0.917357310672554,0.141568022855003,0.00358601688341031
175.3125,0.999132811178009,0.978564854442206,0.917216422812943,0.141076222340567,0.00355029777926615
175.625,0.999131270452918,0.978527166415513,0.917075556590908,0.140586130317506,0.00351493446106565
175.9375,0.999129729730203,0.97848947984032,0.916934712003127,0.140097740850602,0.00347992338494509
176.25,0.999128189009864,0.978451794716572,0.916793889046276,0.139611048025258,0.00344526104233996
176.5625,0.9991266482919,0.978414111044212,0.916653087717034,0.139126045947423,0.00341094395963339
176.875,0.999125107576312,0.978376428823185,0.91651230801208,0.138642728743519,0.00337696869780802
177.1875,0.9991235668631,0.978338748053435,0.916371549928091,0.138161090560377,0.00334333185210141
177.5,0.999122026152265,0.978301068734907,0.916230813461749,0.137681125565159,0.00331003005166479
177.8125,0.999120485443804,0.978263390867543,0.916090098609731,0.13720282794529,0.00327705995922527
178.125,0.99911894473772,0.978225714451288,0.91594940536872,0.136726191908389,0.00324441827075143
178.4375,0.999117404034012,0.978188039486087,0.915808733735395,0.136251211682195,0.00321210171512217
178.75,0.999115863332679,0.978150365971883,0.915668083706439,0.135777881514503,0.00318010705379894
179.0625,0.999114322633723,0.978112693908621,0.915527455278533,0.135306195673087,0.00314843108050118
179.375,0.999112781937142,0.978075023296244,0.91538684844836,0.134836148445638,0.003117070620885
179.6875,0.999111241242937,0.978037354134698,0.915246263212604,0.13436773413969,0.00308602253222508
180,0.999109700551108,0.977999686423925,0.915105699567947,0.13390094708255,0.00305528370309973
180.3125,0.999108159861655,0.97796202016387,0.914965157511073,0.133435781621236,0.00302485105307908
180.625,0.999106619174578,0.977924355354477,0.914824637038667,0.132972232122401,0.00299472153241638
180.9375,0.999105078489876,0.977886691995691,0.914684138147415,0.132510292972269,0.00296489212174238
181.25,0.99910353780755,0.977849030087455,0.914543660834001,0.132049958576566,0.00293535983176275
181.5625,0.999101997127601,0.977811369629713,0.914403205095111,0.131591223360452,0.00290612170295852
181.875,0.999100456450027,0.977773710622411,0.914262770927434,0.131134081768454,0.00287717480528946
182.1875,0.999098915774828,0.977736053065491,0.914122358327654,0.130678528264398,0.00284851623790052
182.5,0.999097375102006,0.977698396958898,0.913981967292461,0.130224557331343,0.00282014312883107
182.8125,0.999095834431559,0.977660742302576,0.913841597818542,0.129772163471514,0.00279205263472711
183.125,0.999094293763489,0.97762308909647,0.913701249902586,0.129321341206234,0.00276424194055632
183.4375,0.999092753097794,0.977585437340523,0.913560923541281,0.128872085075858,0.002736708259326
183.75,0.999091212434474,0.977547787034679,0.913420618731318,0.128424389639709,0.0027094488318037
184.0625,0.999089671773531,0.977510138178884,0.913280335469386,0.127978249476011,0.00268246092624079
184.375,0.999088131114964,0.97747249077308,0.913140073752177,0.127533659181822,0.00265574183809866
184.6875,0.999086590458772,0.977434844817212,0.912999833576382,0.127090613372968,0.00262928888977767
185,0.999085049804956,0.977397200311224,0.912859614938691,0.126649106683984,0.00260309943034887
185.3125,0.999083509153516,0.977359557255061,0.912719417835798,0.126209133768039,0.00257717083528832
185.625,0.999081968504451,0.977321915648666,0.912579242264395,0.12577068929688,0.00255150050621407
185.9375,0.999080427857762,0.977284275491983,0.912439088221175,0.125333767960763,0.00252608587062578
186.25,0.99907888721345,0.977246636784958,0.912298955702832,0.124898364468391,0.00250092438164691
186.5625,0.999077346571513,0.977208999527534,0.91215884470606,0.124464473546847,0.0024760135177695
186.875,0.999075805931951,0.977171363719655,0.912018755227553,0.124032089941532,0.00245135078260149
187.1875,0.999074265294766,0.977133729361265,0.911878687264008,0.123601208416102,0.00242693370461654
187.5,0.999072724659956,0.977096096452309,0.91173864081212,0.123171823752404,0.00240275983690632
187.8125,0.999071184027522,0.97705846499273,0.911598615868584,0.122743930750412,0.00237882675693536
188.125,0.999069643397463,0.977020834982473,0.911458612430098,0.122317524228165,0.00235513206629824
188.4375,0.999068102769781,0.976983206421483,0.91131863049336,0.121892599021704,0.00233167339047925
188.75,0.999066562144474,0.976945579309702,0.911178670055065,0.121469149985009,0.00230844837861442
189.0625,0.999065021521543,0.976907953647076,0.911038731111914,0.121047171989936,0.00228545470325594
189.375,0.999063480900988,0.976870329433549,0.910898813660605,0.120626659926158,0.00226269006013895
189.6875,0.999061940282808,0.976832706669064,0.910758917697837,0.120207608701101,0.00224015216795055
190,0.999060399667004,0.976795085353567,0.91061904322031,0.119790013239879,0.00221783876810128
190.3125,0.999058859053576,0.976757465487,0.910479190224724,0.11937386848524,0.00219574762449868
190.625,0.999057318442523,0.976719847069309,0.910339358707779,0.118959169397499,0.00217387652332328
190.9375,0.999055777833847,0.976682230100438,0.910199548666178,0.118545910954479,0.00215222327280671
191.25,0.999054237227546,0.97664461458033,0.910059760096622,0.118134088151448,0.00213078570301207
191.5625,0.999052696623621,0.976607000508931,0.909919992995814,0.117723696001062,0.00210956166561646
191.875,0.999051156022071,0.976569387886184,0.909780247360455,0.117314729533303,0.00208854903369572
192.1875,0.999049615422897,0.976531776712033,0.90964052318725,0.116907183795417,0.00206774570151123
192.5,0.999048074826099,0.976494166986422,0.909500820472903,0.116501053851858,0.00204714958429895
192.8125,0.999046534231676,0.976456558709296,0.909361139214117,0.116096334784224,0.00202675861806047
193.125,0.99904499363963,0.9764189518806,0.909221479407598,0.1156930216912,0.00200657075935616
193.4375,0.999043453049959,0.976381346500277,0.909081841050051,0.115291109688496,0.0019865839851004
193.75,0.999041912462663,0.976343742568271,0.908942224138181,0.114890593908794,0.00196679629235885
194.0625,0.999040371877743,0.976306140084527,0.908802628668697,0.11449146950168,0.00194720569814773
194.375,0.999038831295199,0.976268539048989,0.908663054638302,0.114093731633595,0.00192781023923508
194.6875,0.999037290715031,0.976230939461601,0.908523502043706,0.113697375487766,0.00190860797194405
195,0.999035750137238,0.976193341322307,0.908383970881617,0.113302396264159,0.00188959697195807
195.3125,0.999034209561821,0.976155744631052,0.908244461148742,0.11290878917941,0.00187077533412805
195.625,0.99903266898878,0.97611814938778,0.908104972841791,0.112516549466776,0.00185214117228147
195.9375,0.999031128418114,0.976080555592434,0.907965505957473,0.112125672376072,0.00183369261903331
196.25,0.999029587849824,0.976042963244961,0.907826060492498,0.111736153173614,0.00181542782559894
196.5625,0.99902804728391,0.976005372345302,0.907686636443576,0.111347987142164,0.00179734496160888
196.875,0.999026506720371,0.975967782893403,0.907547233807419,0.11096116958087,0.00177944221492532
197.1875,0.999024966159207,0.975930194889209,0.907407852580737,0.110575695805212,0.00176171779146053
197.5,0.99902342560042,0.975892608332663,0.907268492760242,0.110191561146944,0.00174416991499712
197.8125,0.999021885044008,0.975855023223709,0.907129154342648,0.109808760954035,0.00172679682700997
198.125,0.999020344489972,0.975817439562292,0.906989837324667,0.109427290590618,0.00170959678649005
198.4375,0.999018803938312,0.975779857348355,0.906850541703012,0.109047145436928,0.00169256806976993
198.75,0.999017263389027,0.975742276581845,0.906711267474398,0.10866832088925,0.00167570897035105
199.0625,0.999015722842117,0.975704697262703,0.906572014635538,0.108290812359863,0.00165901779873271
199.375,0.999014182297584,0.975667119390876,0.906432783183148,0.107914615276982,0.00164249288224275
199.6875,0.999012641755425,0.975629542966306,0.906293573113943,0.107539725084705,0.00162613256486993
200,0.999011101215643,0.975591967988939,0.90615438442464,0.107166137242956,0.00160993520709799
200.3125,0.999009560678236,0.975554394458718,0.906015217111954,0.106793847227434,0.00159389918574134
200.625,0.999008020143205,0.975516822375588,0.905876071172603,0.10642285052955,0.00157802289378238
200.9375,0.999006479610549,0.975479251739493,0.905736946603305,0.106053142656383,0.00156230474021048
201.25,0.999004939080269,0.975441682550378,0.905597843400776,0.105684719130617,0.00154674314986252
201.5625,0.999003398552365,0.975404114808186,0.905458761561736,0.105317575490491,0.00153133656326506
201.875,0.999001858026836,0.975366548512862,0.905319701082903,0.104951707289743,0.00151608343647805
202.1875,0.999000317503683,0.975328983664351,0.905180661960998,0.104587110097558,0.00150098224094009
202.5,0.998998776982905,0.975291420262595,0.90504164419274,0.104223779498515,0.00148603146331528
202.8125,0.998997236464503,0.975253858307541,0.904902647774849,0.103861711092528,0.00147122960534155
203.125,0.998995695948476,0.975216297799131,0.904763672704047,0.103500900494799,0.00145657518368049
203.4375,0.998994155434825,0.975178738737311,0.904624718977055,0.103141343335764,0.00144206672976875
203.75,0.99899261492355,0.975141181122024,0.904485786590595,0.102783035261037,0.00142770278967083
204.0625,0.99899107441465,0.975103624953215,0.90434687554139,0.102425971931358,0.00141348192393339
204.375,0.998989533908125,0.975066070230829,0.904207985826163,0.102070149022543,0.00139940270744101
204.6875,0.998987993403977,0.975028516954808,0.904069117441637,0.101715562225429,0.00138546372927336
205,0.998986452902204,0.974990965125099,0.903930270384536,0.101362207245824,0.00137166359256379
205.3125,0.998984912402806,0.974953414741645,0.903791444651585,0.101010079804453,0.0013580009143594
205.625,0.998983371905784,0.974915865804389,0.903652640239509,0.100659175636907,0.0013444743254824
205.9375,0.998981831411137,0.974878318313278,0.903513857145032,0.100309490493592,0.00133108247039293
206.25,0.998980290918866,0.974840772268254,0.903375095364883,0.099961020139675,0.00131782400705317
206.5625,0.998978750428971,0.974803227669263,0.903236354895786,0.0996137603550371,0.00130469760679294
206.875,0.998977209941451,0.974765684516249,0.903097635734469,0.0992677069342183,0.00129170195417645
207.1875,0.998975669456306,0.974728142809155,0.90295893787766,0.0989228556863687,0.00127883574687054
207.5,0.998974128973537,0.974690602547926,0.902820261322087,0.0985792024351972,0.00126609769551415
207.8125,0.998972588493144,0.974653063732507,0.902681606064477,0.0982367430189208,0.00125348652358912
208.125,0.998971048015126,0.974615526362842,0.902542972101561,0.0978954732902143,0.00124100096729224
208.4375,0.998969507539484,0.974577990438875,0.902404359430067,0.0975553891161604,0.00122863977540863
208.75,0.998967967066217,0.97454045596055,0.902265768046727,0.0972164863781989,0.00121640170918632
209.0625,0.998966426595326,0.974502922927812,0.902127197948269,0.0968787609720778,0.00120428554221216
209.375,0.99896488612681,0.974465391340606,0.901988649131426,0.0965422088078027,0.00119229006028887
209.6875,0.99896334566067,0.974427861198874,0.901850121592929,0.0962068258095877,0.00118041406131337
210,0.998961805196905,0.974390332502562,0.90171161532951,0.0958726079158061,0.00116865635515634
210.3125,0.998960264735515,0.974352805251615,0.901573130337902,0.0955395510789411,0.00115701576354293
210.625,0.998958724276502,0.974315279445976,0.901434666614837,0.0952076512655366,0.00114549111993469
210.9375,0.998957183819863,0.97427775508559,0.90129622415705,0.0948769044561487,0.00113408126941267
211.25,0.9989556433656,0.974240232170401,0.901157802961274,0.0945473066452968,0.00112278506856167
211.5625,0.998954102913713,0.974202710700353,0.901019403024244,0.0942188538414151,0.00111160138535566
211.875,0.998952562464201,0.974165190675391,0.900881024342695,0.0938915420668044,0.00110052909904435
212.1875,0.998951022017065,0.974127672095459,0.900742666913363,0.0935653673575839,0.00108956710004086
212.5,0.998949481572303,0.974090154960502,0.900604330732983,0.0932403257636429,0.00107871428981053
212.8125,0.998947941129918,0.974052639270464,0.900466015798292,0.0929164133485934,0.00106796958076083
213.125,0.998946400689908,0.974015125025288,0.900327722106028,0.0925936261897221,0.00105733189613239
213.4375,0.998944860252273,0.973977612224921,0.900189449652928,0.092271960377943,0.00104680016989105
213.75,0.998943319817014,0.973940100869305,0.90005119843573,0.0919514120177502,0.00103637334662108
214.0625,0.99894177938413,0.973902590958385,0.899912968451172,0.0916319772271706,0.00102605038141937
214.375,0.998940238953622,0.973865082492106,0.899774759695994,0.0913136521377168,0.00101583023979075
214.6875,0.998938698525489,0.973827575470412,0.899636572166936,0.0909964328943403,0.00100571189754431
215,0.998937158099732,0.973790069893247,0.899498405860736,0.0906803156553849,0.000995694340690741
215.3125,0.99893561767635,0.973752565760556,0.899360260774137,0.0903652965925403,0.000985776565340765
215.625,0.998934077255343,0.973715063072283,0.899222136903879,0.0900513718907953,0.000975957577604491
215.9375,0.998932536836712,0.973677561828373,0.899084034246703,0.089738537748392,0.000966236393491831
216.25,0.998930996420457,0.973640062028769,0.898945952799352,0.0894267903767797,0.000956612038813894
216.5625,0.998929456006576,0.973602563673416,0.898807892558569,0.0891161260005688,0.000947083549085353
216.875,0.998927915595071,0.973565066762259,0.898669853521096,0.0888065408574851,0.000937649969427794
217.1875,0.998926375185942,0.973527571295242,0.898531835683676,0.0884980311983247,0.000928310354474027
217.5,0.998924834779188,0.97349007727231,0.898393839043055,0.0881905932869081,0.000919063768273344
217.8125,0.998923294374809,0.973452584693406,0.898255863595977,0.0878842234000351,0.000909909284197725
218.125,0.998921753972806,0.973415093558475,0.898117909339187,0.0875789178274396,0.000900845984848981
218.4375,0.998920213573178,0.973377603867461,0.897979976269429,0.087274672871745,0.000891872961966817
218.75,0.998918673175926,0.97334011562031,0.897842064383452,0.086971484848419,0.00088298931633781
219.0625,0.998917132781049,0.973302628816964,0.897704173678,0.0866693500857295,0.0008741941577053
219.375,0.998915592388547,0.97326514345737,0.897566304149822,0.0863682649246994,0.000865486604680175
219.6875,0.998914051998421,0.97322765954147,0.897428455795664,0.086068225719063,0.000856865784652538
220,0.99891251161067,0.97319017706921,0.897290628612275,0.0857692288352216,0.000848330833704269
220.3125,0.998910971225294,0.973152696040534,0.897152822596404,0.0854712706521992,0.000839880896522443
220.625,0.998909430842294,0.973115216455385,0.897015037744799,0.085174347561599,0.000831515126313619
220.9375,0.998907890461669,0.97307773831371,0.89687727405421,0.0848784559675597,0.000823232684718978
221.25,0.99890635008342,0.973040261615452,0.896739531521387,0.0845835922867118,0.000815032741730314
221.5625,0.998904809707546,0.973002786360555,0.896601810143081,0.0842897529481342,0.000806914475606848
221.875,0.998903269334047,0.972965312548964,0.896464109916044,0.0839969343933109,0.000798877072792888
222.1875,0.998901728962923,0.972927840180623,0.896326430837025,0.0837051330760883,0.000790919727836292
222.5,0.998900188594175,0.972890369255477,0.896188772902778,0.0834143454626318,0.000783041643307759
222.8125,0.998898648227803,0.97285289977347,0.896051136110055,0.0831245680313831,0.000775242029720908
223.125,0.998897107863805,0.972815431734547,0.89591352045561,0.0828357972730178,0.000767520105453168
223.4375,0.998895567502183,0.972777965138651,0.895775925936195,0.0825480296904026,0.000759875096667447
223.75,0.998894027142937,0.972740499985728,0.895638352548565,0.0822612617985532,0.00075230623723458
224.0625,0.998892486786065,0.972703036275722,0.895500800289474,0.0819754901245917,0.00074481276865656
224.375,0.998890946431569,0.972665574008577,0.895363269155678,0.081690711207705,0.000737393939990522
224.6875,0.998889406079449,0.972628113184238,0.895225759143932,0.0814069215991029,0.000730049007773486
225,0.998887865729703,0.972590653802649,0.895088270250992,0.0811241178619757,0.00072277723594786
225.3125,0.998886325382333,0.972553195863754,0.894950802473615,0.0808422965714533,0.000715577895787672
225.625,0.998884785037338,0.972515739367498,0.894813355808558,0.0805614543145634,0.000708450265825542
225.9375,0.998883244694719,0.972478284313826,0.894675930252578,0.0802815876901902,0.000701393631780385
226.25,0.998881704354475,0.972440830702682,0.894538525802434,0.080002693309033,0.000694407286485829
226.5625,0.998880164016606,0.972403378534009,0.894401142454884,0.0797247677935658,0.000687490529819345
226.875,0.998878623681112,0.972365927807754,0.894263780206686,0.0794478077779955,0.000680642668632092
227.1875,0.998877083347994,0.97232847852386,0.894126439054601,0.0791718099082219,0.000673863016679447
227.5,0.998875543017251,0.972291030682272,0.893989118995389,0.0788967708417967,0.000667150894552242
227.8125,0.998874002688883,0.972253584282933,0.893851820025811,0.0786226872478831,0.000660505629608671
228.125,0.998872462362891,0.972216139325789,0.893714542142626,0.0783495558072154,0.000653926555906887
228.4375,0.998870922039274,0.972178695810784,0.893577285342598,0.078077373212059,0.000647413014138267
228.75,0.998869381718032,0.972141253737863,0.893440049622487,0.0778061361661702,0.000640964351561337
229.0625,0.998867841399166,0.97210381310697,0.893302834979056,0.0775358413847562,0.000634579921936359
229.375,0.998866301082674,0.972066373918048,0.893165641409069,0.0772664855944354,0.000628259085460575
229.6875,0.998864760768558,0.972028936171044,0.89302846890929,0.0769980655331979,0.000622001208704083
230,0.998863220456817,0.971991499865901,0.892891317476481,0.0767305779503657,0.000615805664546365
230.3125,0.998861680147452,0.971954065002564,0.892754187107407,0.0764640196065537,0.000609671832113435
230.625,0.998860139840462,0.971916631580977,0.892617077798834,0.0761983872736301,0.000603599096715627
230.9375,0.998858599535847,0.971879199601085,0.892479989547528,0.0759336777346775,0.000597586849785992
231.25,0.998857059233607,0.971841769062832,0.892342922350253,0.075669887783954,0.000591634488819306
231.5625,0.998855518933742,0.971804339966163,0.892205876203777,0.0754070142268543,0.000585741417311702
231.875,0.998853978636253,0.971766912311022,0.892068851104868,0.0751450538798708,0.000579907044700883
232.1875,0.998852438341139,0.971729486097353,0.89193184705029,0.0748840035705555,0.000574130786306944
232.5,0.9988508980484,0.971692061325102,0.891794864036815,0.0746238601374813,0.000568412063273782
232.8125,0.998849357758036,0.971654637994212,0.891657902061209,0.0743646204302035,0.000562750302511082
233.125,0.998847817470048,0.971617216104628,0.891520961120241,0.0741062813092222,0.000557144936636888
233.4375,0.998846277184435,0.971579795656295,0.891384041210682,0.0738488396459438,0.000551595403920746
233.75,0.998844736901197,0.971542376649158,0.891247142329301,0.0735922923226434,0.000546101148227408
234.0625,0.998843196620334,0.971504959083159,0.891110264472869,0.0733366362324268,0.000540661618961101
234.375,0.998841656341847,0.971467542958245,0.890973407638156,0.073081868279193,0.000535276271010353
234.6875,0.998840116065735,0.971430128274359,0.890836571821935,0.0728279853775968,0.000529944564693362
235,0.998838575791997,0.971392715031446,0.890699757020977,0.0725749844530114,0.000524665965703913
235.3125,0.998837035520635,0.971355303229451,0.890562963232054,0.0723228624414908,0.000519439945057839
235.625,0.998835495251649,0.971317892868318,0.89042619045194,0.0720716162897335,0.000514265979040001
235.9375,0.998833954985037,0.971280483947992,0.890289438677408,0.0718212429550445,0.000509143549151813
236.25,0.998832414720801,0.971243076468417,0.890152707905232,0.0715717394052993,0.000504072142059277
236.5625,0.99883087445894,0.971205670429537,0.890015998132185,0.0713231026189067,0.000499051249541542
236.875,0.998829334199454,0.971168265831297,0.889879309355045,0.0710753295847726,0.000494080368439974
237.1875,0.998827793942343,0.971130862673642,0.889742641570586,0.0708284173022629,0.000489159000607732
237.5,0.998826253687607,0.971093460956517,0.889605994775583,0.0705823627811679,0.000484286652859847
237.8125,0.998824713435247,0.971056060679864,0.889469368966814,0.0703371630416657,0.000479462836923801
238.125,0.998823173185261,0.97101866184363,0.889332764141055,0.0700928151142859,0.00047468706939059
238.4375,0.998821632937651,0.970981264447759,0.889196180295083,0.0698493160398743,0.000469958871666288
238.75,0.998820092692416,0.970943868492195,0.889059617425677,0.0696066628695562,0.00046527776992408
239.0625,0.998818552449557,0.970906473976883,0.888923075529614,0.0693648526647016,0.00046064329505678
239.375,0.998817012209072,0.970869080901767,0.888786554603675,0.0691238824968889,0.000456054982629819
239.6875,0.998815471970962,0.970831689266792,0.888650054644638,0.0688837494478697,0.000451512372834707
240,0.998813931735228,0.970794299071903,0.888513575649283,0.0686444506095335,0.000447015010442949
240.3125,0.998812391501869,0.970756910317043,0.88837711761439,0.0684059830838725,0.000442562444760427
240.625,0.998810851270885,0.970719523002157,0.888240680536741,0.0681683439829463,0.000438154229582238
240.9375,0.998809311042276,0.970682137127191,0.888104264413117,0.0679315304288473,0.000433789923147973
241.25,0.998807770816042,0.970644752692088,0.887967869240299,0.0676955395536652,0.000429469088097449
241.5625,0.998806230592183,0.970607369696794,0.887831495015071,0.0674603684994532,0.000425191291426882
241.875,0.9988046903707,0.970569988141252,0.887695141734214,0.0672260144181925,0.000420956104445491
242.1875,0.998803150151591,0.970532608025407,0.887558809394513,0.0669924744717582,0.000416763102732541
242.5,0.998801609934858,0.970495229349204,0.88742249799275,0.0667597458318852,0.000412611866094807
242.8125,0.9988000697205,0.970457852112587,0.887286207525712,0.0665278256801333,0.000408501978524467
243.125,0.998798529508516,0.970420476315501,0.887149937990181,0.0662967112078537,0.000404433028157414
243.4375,0.998796989298908,0.97038310195789,0.887013689382944,0.0660663996161545,0.000400404607231979
243.75,0.998795449091675,0.9703457290397,0.886877461700787,0.0658368881158671,0.00039641631204807
244.0625,0.998793908886818,0.970308357560874,0.886741254940496,0.0656081739275124,0.000392467742926716
244.375,0.998792368684335,0.970270987521357,0.886605069098857,0.0653802542812671,0.000388558504170012
244.6875,0.998790828484227,0.970233618921093,0.886468904172658,0.0651531264169299,0.000384688204021467
245,0.998789288286494,0.970196251760028,0.886332760158687,0.0649267875838886,0.000380856454626744
245.3125,0.998787748091137,0.970158886038106,0.886196637053732,0.0647012350410863,0.000377062871994793
245.625,0.998786207898154,0.970121521755271,0.886060534854581,0.0644764660569885,0.000373307075959369
245.9375,0.998784667707547,0.970084158911468,0.885924453558025,0.0642524779095498,0.000369588690140933
246.25,0.998783127519315,0.970046797506641,0.885788393160853,0.0640292678861811,0.000365907341908938
246.5625,0.998781587333458,0.970009437540736,0.885652353659855,0.063806833283717,0.000362262662344482
246.875,0.998780047149975,0.969972079013697,0.885516335051822,0.0635851714083822,0.000358654286203342
247.1875,0.998778506968868,0.969934721925467,0.885380337333545,0.06336427957576,0.000355081851879368
247.5,0.998776966790137,0.969897366275993,0.885244360501816,0.0631441551107588,0.000351545001368246
247.8125,0.998775426613779,0.969860012065217,0.885108404553427,0.0629247953475804,0.000348043380231625
248.125,0.998773886439797,0.969822659293087,0.884972469485171,0.0627061976296874,0.000344576637561591
248.4375,0.998772346268191,0.969785307959544,0.884836555293841,0.062488359309771,0.00034114442594551
248.75,0.998770806098959,0.969747958064535,0.884700661976231,0.0622712777497192,0.000337746401431202
249.0625,0.998769265932102,0.969710609608003,0.884564789529135,0.0620549503205845,0.000334382223492485
249.375,0.99876772576762,0.969673262589895,0.884428937949348,0.0618393744025523,0.000331051554995039
249.6875,0.998766185605513,0.969635917010153,0.884293107233665,0.0616245473849091,0.000327754062162627
250,0.998764645445782,0.969598572868722,0.884157297378881,0.0614104666660109,0.000324489414543644
250.3125,0.998763105288425,0.969561230165548,0.884021508381793,0.0611971296532517,0.000321257284978002
250.625,0.998761565133443,0.969523888900575,0.883885740239198,0.0609845337630322,0.000318057349564344
250.9375,0.998760024980837,0.969486549073747,0.883749992947893,0.0607726764207281,0.000314889287627586
251.25,0.998758484830605,0.969449210685009,0.883614266504675,0.0605615550606595,0.00031175278168678
251.5625,0.998756944682748,0.969411873734306,0.883478560906342,0.0603511671260594,0.000308647517423296
251.875,0.998755404537267,0.969374538221583,0.883342876149693,0.0601415100690429,0.00030557318364933
252.1875,0.99875386439416,0.969337204146783,0.883207212231528,0.0599325813505765,0.000302529472276713
252.5,0.998752324253428,0.969299871509851,0.883071569148645,0.059724378440447,0.000299516078286038
252.8125,0.998750784115072,0.969262540310733,0.882935946897846,0.0595168988172309,0.000296532699696093
253.125,0.99874924397909,0.969225210549373,0.88280034547593,0.0593101399682645,0.000293579037533599
253.4375,0.998747703845483,0.969187882225715,0.882664764879699,0.0591040993896124,0.00029065479580325
253.75,0.998746163714252,0.969150555339704,0.882529205105954,0.0588987745860382,0.000287759681458048
254.0625,0.998744623585395,0.969113229891284,0.882393666151497,0.0586941630709735,0.000284893404369939
254.375,0.998743083458913,0.969075905880401,0.882258148013131,0.0584902623664884,0.000282055677300736
254.6875,0.998741543334806,0.969038583306999,0.88212265068766,0.058287070003261,0.000279246215873333
255,0.998740003213074,0.969001262171023,0.881987174171885,0.0580845835205477,0.000276464738543211
255.3125,0.998738463093718,0.968963942472416,0.881851718462613,0.0578828004661536,0.000273710966570218
255.625,0.998736922976736,0.968926624211125,0.881716283556646,0.0576817183964025,0.000270984623990642
255.9375,0.998735382862129,0.968889307387093,0.881580869450791,0.0574813348761074,0.00026828543758955
256.25,0.998733842749897,0.968851992000265,0.881445476141852,0.0572816474785409,0.000265613136873411
256.5625,0.99873230264004,0.968814678050586,0.881310103626636,0.0570826537854062,0.00026296745404299
256.875,0.998730762532558,0.968777365538,0.881174751901949,0.0568843513868074,0.000260348123966509
257.1875,0.99872922242745,0.968740054462453,0.881039420964599,0.0566867378812204,0.000257754884153078
257.5,0.998727682324718,0.968702744823888,0.880904110811392,0.056489810875464,0.00025518747472639
257.8125,0.998726142224361,0.968665436622251,0.880768821439136,0.0562935679846707,0.000252645638398679
258.125,0.998724602126379,0.968628129857486,0.880633552844641,0.056098006832258,0.000250129120444935
258.4375,0.998723062030771,0.968590824529537,0.880498305024714,0.0559031250498996,0.000247637668677379
258.75,0.998721521937539,0.96855352063835,0.880363077976166,0.0557089202774964,0.000245171033420187
259.0625,0.998719981846681,0.968516218183869,0.880227871695807,0.0555153901631483,0.000242728967484475
259.375,0.998718441758199,0.968478917166038,0.880092686180445,0.0553225323631258,0.00024031122614352
259.6875,0.998716901672091,0.968441617584804,0.879957521426895,0.055130344541841,0.000237917567108243
260,0.998715361588358,0.968404319440108,0.879822377431964,0.0549388243718201,0.000235547750502923
260.3125,0.998713821507,0.968367022731898,0.879687254192467,0.0547479695336745,0.00023320153884116
260.625,0.998712281428017,0.968329727460117,0.879552151705216,0.0545577777160734,0.000230878697002076
260.9375,0.998710741351409,0.968292433624711,0.879417069967022,0.0543682466157151,0.000228578992206754
261.25,0.998709201277176,0.968255141225623,0.8792820089747,0.0541793739372997,0.000226302193994907
261.5625,0.998707661205317,0.968217850262798,0.879146968725064,0.0539911573935009,0.000224048074201788
261.875,0.998706121135834,0.968180560736182,0.879011949214927,0.0538035947049387,0.000221816406935319
262.1875,0.998704581068725,0.968143272645718,0.878876950441105,0.0536166836001512,0.000219606968553458
262.5,0.998703041003992,0.968105985991352,0.878741972400413,0.0534304218155679,0.000217419537641788
262.8125,0.998701500941633,0.968068700773028,0.878607015089666,0.0532448070954813,0.000215253894991323
263.125,0.998699960881649,0.968031416990691,0.878472078505682,0.0530598371920206,0.000213109823576544
263.4375,0.99869842082404,0.967994134644286,0.878337162645276,0.0528755098651238,0.000210987108533654
263.75,0.998696880768806,0.967956853733757,0.878202267505267,0.0526918228825107,0.000208885537139037
264.0625,0.998695340715946,0.967919574259048,0.878067393082471,0.052508774019656,0.000206804898787947
264.375,0.998693800665462,0.967882296220106,0.877932539373707,0.0523263610597623,0.000204744984973402
264.6875,0.998692260617352,0.967845019616874,0.877797706375794,0.0521445817937333,0.000202705589265286
265,0.998690720571617,0.967807744449297,0.877662894085551,0.0519634340201469,0.000200686507289664
265.3125,0.998689180528257,0.96777047071732,0.877528102499798,0.0517829155452286,0.000198687536708301
265.625,0.998687640487272,0.967733198420887,0.877393331615355,0.0516030241828252,0.000196708477198386
265.9375,0.998686100448662,0.967695927559944,0.877258581429042,0.0514237577543778,0.000194749130432454
266.25,0.998684560412427,0.967658658134434,0.877123851937681,0.0512451140888959,0.000192809300058514
266.5625,0.998683020378566,0.967621390144303,0.876989143138094,0.0510670910229309,0.00019088879168037
266.875,0.99868148034708,0.967584123589496,0.876854455027102,0.0508896864005497,0.000188987412838144
267.1875,0.998679940317969,0.967546858469956,0.876719787601529,0.0507128980733092,0.000187104972988981
267.5,0.998678400291233,0.96750959478563,0.876585140858197,0.0505367239002296,0.000185241283487964
267.8125,0.998676860266872,0.967472332536461,0.87645051479393,0.0503611617477687,0.0001833961575692
268.125,0.998675320244885,0.967435071722394,0.876315909405552,0.0501862094897965,0.000181569410327111
268.4375,0.998673780225274,0.967397812343375,0.876181324689888,0.0500118650075686,0.000179760858697901
268.75,0.998672240208037,0.967360554399346,0.876046760643762,0.0498381261897013,0.000177970321441208
269.0625,0.998670700193175,0.967323297890255,0.875912217264001,0.0496649909321458,0.000176197619121948
269.375,0.998669160180687,0.967286042816044,0.87577769454743,0.0494924571381625,0.000174442574092326
269.6875,0.998667620170575,0.96724878917666,0.875643192490877,0.0493205227182957,0.000172705010474039
270,0.998666080162837,0.967211536972046,0.875508711091167,0.0491491855903487,0.000170984754140646
270.3125,0.998664540157474,0.967174286202148,0.875374250345129,0.0489784436793579,0.000169281632700123
270.625,0.998663000154486,0.96713703686691,0.87523981024959,0.0488082949175682,0.000167595475477584
270.9375,0.998661460153873,0.967099788966276,0.87510539080138,0.0486387372444078,0.000165926113498177
271.25,0.998659920155634,0.967062542500193,0.874970991997326,0.0484697686064632,0.000164273379470155
271.5625,0.998658380159771,0.967025297468604,0.874836613834259,0.0483013869574543,0.000162637107768102
271.875,0.998656840166282,0.966988053871453,0.874702256309009,0.0481335902582097,0.000161017134416345
272.1875,0.998655300175167,0.966950811708687,0.874567919418405,0.047966376476642,0.000159413297072517
272.5,0.998653760186428,0.96691357098025,0.874433603159279,0.0477997435877232,0.000157825435011287
272.8125,0.998652220200063,0.966876331686086,0.874299307528462,0.0476336895734601,0.000156253389108256
273.125,0.998650680216073,0.96683909382614,0.874165032522786,0.0474682124228701,0.000154697001824009
273.4375,0.998649140234458,0.966801857400357,0.874030778139084,0.0473033101319562,0.000153156117188328
273.75,0.998647600255217,0.966764622408682,0.873896544374188,0.0471389807036837,0.000151630580784561
274.0625,0.998646060278352,0.966727388851059,0.873762331224932,0.0469752221479553,0.000150120239734149
274.375,0.998644520303861,0.966690156727434,0.873628138688149,0.0468120324815871,0.000148624942681306
274.6875,0.998642980331744,0.96665292603775,0.873493966760675,0.0466494097282848,0.000147144539777847
275,0.998641440362003,0.966615696781953,0.873359815439343,0.0464873519186196,0.000145678882668176
275.3125,0.998639900394636,0.966578468959988,0.873225684720989,0.0463258570900045,0.000144227824474418
275.625,0.998638360429644,0.9665412425718,0.873091574602449,0.0461649232866703,0.000142791219781696
275.9375,0.998636820467027,0.966504017617332,0.872957485080559,0.0460045485596421,0.000141368924623563
276.25,0.998635280506784,0.96646679409653,0.872823416152156,0.0458447309667157,0.000139960796467576
276.5625,0.998633740548916,0.96642957200934,0.872689367814077,0.045685468572434,0.000138566694201005
276.875,0.998632200593423,0.966392351355704,0.87255534006316,0.0455267594480635,0.000137186478116698
277.1875,0.998630660640305,0.966355132135569,0.872421332896243,0.0453686016715711,0.000135820009899081
277.5,0.998629120689561,0.966317914348879,0.872287346310165,0.0452109933276009,0.000134467152610291
277.8125,0.998627580741192,0.966280697995578,0.872153380301765,0.0450539325074504,0.000133127770676458
278.125,0.998626040795197,0.966243483075613,0.872019434867882,0.0448974173090484,0.000131801729874121
278.4375,0.998624500851578,0.966206269588927,0.871885510005358,0.044741445836931,0.00013048889731677
278.75,0.998622960910333,0.966169057535465,0.871751605711032,0.0445860162022192,0.000129189141441532
279.0625,0.998621420971462,0.966131846915172,0.871617721981745,0.044431126522596,0.00012790233199599
279.375,0.998619881034967,0.966094637727993,0.87148385881434,0.0442767749222832,0.000126628340025127
279.6875,0.998618341100846,0.966057429973872,0.871350016205657,0.0441229595320191,0.000125367037858401
280,0.998616801169099,0.966020223652756,0.871216194152541,0.0439696784890359,0.000124118299096957
280.3125,0.998615261239728,0.965983018764587,0.871082392651834,0.0438169299370366,0.000122881998600952
280.625,0.998613721312731,0.965945815309311,0.870948611700379,0.0436647120261733,0.000121658012477023
280.9375,0.998612181388109,0.965908613286874,0.870814851295021,0.0435130229130239,0.000120446218065864
281.25,0.998610641465861,0.965871412697219,0.870681111432604,0.0433618607605708,0.000119246493929938
281.5625,0.998609101545988,0.965834213540291,0.870547392109973,0.0432112237381777,0.000118058719841307
281.875,0.99860756162849,0.965797015816036,0.870413693323974,0.043061110021568,0.000116882776769581
282.1875,0.998606021713366,0.965759819524399,0.870280015071453,0.0429115177928026,0.000115718546869994
282.5,0.998604481800617,0.965722624665323,0.870146357349255,0.0427624452402576,0.00011456591347159
282.8125,0.998602941890243,0.965685431238754,0.870012720154228,0.042613890558603,0.000113424761065533
283.125,0.998601401982243,0.965648239244637,0.86987910348322,0.04246585194878,0.000112294975293534
283.4375,0.998599862076618,0.965611048682916,0.869745507333079,0.0423183276179798,0.000111176442936385
283.75,0.998598322173367,0.965573859553536,0.869611931700651,0.042171315779622,0.000110069051902619
284.0625,0.998596782272491,0.965536671856443,0.869478376582788,0.0420248146533323,0.000108972691217273
284.375,0.99859524237399,0.965499485591581,0.869344841976338,0.0418788224649215,0.000107887251010768
284.6875,0.998593702477864,0.965462300758894,0.869211327878151,0.0417333374463639,0.0001068126225079
285,0.998592162584112,0.965425117358328,0.869077834285076,0.0415883578357757,0.000105748698016936
285.3125,0.998590622692734,0.965387935389828,0.868944361193966,0.0414438818773939,0.000104695370918826
285.625,0.998589082803731,0.965350754853338,0.868810908601672,0.041299907821555,0.000103652535656515
285.9375,0.998587542917103,0.965313575748803,0.868677476505044,0.0411564339246736,0.000102620087724368
286.25,0.99858600303285,0.965276398076169,0.868544064900936,0.0410134584492214,0.000101597923657694
286.5625,0.998584463150971,0.965239221835379,0.8684106737862,0.0408709796637065,0.000100585941022378
286.875,0.998582923271466,0.965202047026379,0.868277303157689,0.0407289958426517,9.95840384046192e-05
287.1875,0.998581383394337,0.965164873649114,0.868143953012257,0.0405875052665744,9.85921154007632e-05
287.5,0.998579843519581,0.965127701703528,0.86801062334676,0.0404465062219651,9.76100726072436e-05
287.8125,0.998578303647201,0.965090531189567,0.867877314158049,0.0403059970012672,9.66378116106191e-05
288.125,0.998576763777195,0.965053362107174,0.867744025442982,0.0401659759028558,9.56752349777113e-05
288.4375,0.998575223909563,0.965016194456296,0.867610757198414,0.0400264412310176,9.47222462458413e-05
288.75,0.998573684044306,0.964979028236877,0.867477509421201,0.0398873912959301,9.37787499131618e-05
289.0625,0.998572144181424,0.964941863448862,0.8673442821082,0.0397488244136409,9.28446514290878e-05
289.375,0.998570604320916,0.964904700092195,0.867211075256267,0.039610738906048,9.19198571848204e-05
289.6875,0.998569064462783,0.964867538166822,0.867077888862261,0.0394731331008787,9.10042745039663e-05
290,0.998567524607024,0.964830377672687,0.866944722923038,0.0393360053316698,9.00978116332507e-05
290.3125,0.99856598475364,0.964793218609736,0.866811577435459,0.0391993539377474,8.9200377733322e-05
290.625,0.998564444902631,0.964756060977913,0.866678452396382,0.0390631772642065,8.83118828696488e-05
290.9375,0.998562905053996,0.964718904777163,0.866545347802666,0.0389274736618915,8.74322380035076e-05
291.25,0.998561365207735,0.964681750007431,0.866412263651172,0.0387922414873755,8.6561354983059e-05
291.5625,0.998559825363849,0.964644596668661,0.86627919993876,0.0386574791029409,8.56991465345145e-05
291.875,0.998558285522338,0.9646074447608,0.86614615666229,0.0385231848765597,8.48455262533906e-05
292.1875,0.998556745683201,0.964570294283791,0.866013133818625,0.0383893571818732,8.40004085958494e-05
292.5,0.998555205846439,0.96453314523758,0.865880131404626,0.0382559943981727,8.31637088701264e-05
292.8125,0.998553666012051,0.964495997622111,0.865747149417156,0.0381230949103798,8.23353432280434e-05
293.125,0.998552126180038,0.964458851437329,0.865614187853078,0.0379906571090267,8.15152286566054e-05
293.4375,0.998550586350399,0.96442170668318,0.865481246709255,0.0378586793902369,8.07032829696818e-05
293.75,0.998549046523135,0.964384563359607,0.86534832598255,0.0377271601557057,7.98994247997704e-05
294.0625,0.998547506698245,0.964347421466557,0.865215425669828,0.0375960978126807,7.91035735898432e-05
294.375,0.99854596687573,0.964310281003974,0.865082545767955,0.0374654907739428,7.83156495852735e-05
294.6875,0.998544427055589,0.964273141971802,0.864949686273794,0.0373353374577868,7.75355738258439e-05
295,0.998542887237823,0.964236004369987,0.864816847184213,0.0372056362880022,7.67632681378326e-05
295.3125,0.998541347422431,0.964198868198474,0.864684028496077,0.0370763856938542,7.599865512618e-05
295.625,0.998539807609414,0.964161733457207,0.864551230206253,0.0369475841100647,7.52416581667328e-05
295.9375,0.998538267798771,0.964124600146132,0.864418452311609,0.0368192299767933,7.44922013985647e-05
296.25,0.998536727990503,0.964087468265194,0.864285694809011,0.0366913217396184,7.37502097163747e-05
296.5625,0.998535188184609,0.964050337814336,0.864152957695329,0.0365638578495182,7.30156087629605e-05
296.875,0.99853364838109,0.964013208793505,0.86402024096743,0.0364368367628525,7.22883249217664e-05
297.1875,0.998532108579945,0.963976081202645,0.863887544622184,0.0363102569413433,7.15682853095068e-05
297.5,0.998530568781175,0.963938955041701,0.863754868656461,0.0361841168520567,7.08554177688615e-05
297.8125,0.998529028984779,0.963901830310619,0.863622213067131,0.036058414967384,7.01496508612453e-05
298.125,0.998527489190757,0.963864707009342,0.863489577851064,0.0359331497650235,6.94509138596485e-05
298.4375,0.99852594939911,0.963827585137816,0.863356963005131,0.0358083197279617,6.87591367415496e-05
298.75,0.998524409609838,0.963790464695986,0.863224368526205,0.0356839233444554,6.80742501818973e-05
299.0625,0.99852286982294,0.963753345683796,0.863091794411156,0.0355599591080128,6.73961855461641e-05
299.375,0.998521330038416,0.963716228101192,0.862959240656858,0.0354364255173759,6.67248748834677e-05
299.6875,0.998519790256267,0.963679111948119,0.862826707260183,0.0353133210765018,6.60602509197618e-05
300,0.998518250476492,0.963641997224522,0.862694194218005,0.0351906442945447,6.54022470510938e-05
300.3125,0.998516710699092,0.963604883930345,0.862561701527198,0.0350683936858382,6.47507973369312e-05
300.625,0.998515170924066,0.963567772065533,0.862429229184637,0.0349465677698769,6.41058364935524e-05
300.9375,0.998513631151415,0.963530661630032,0.862296777187196,0.0348251650712985,6.34672998875049e-05
301.25,0.998512091381138,0.963493552623787,0.86216434553175,0.0347041841198662,6.28351235291286e-05
301.5625,0.998510551613235,0.963456445046741,0.862031934215176,0.0345836234504507,6.22092440661424e-05
301.875,0.998509011847707,0.963419338898841,0.86189954323435,0.0344634816030123,6.15895987772962e-05
302.1875,0.998507472084553,0.963382234180031,0.861767172586148,0.0343437571225837,6.0976125566085e-05
302.5,0.998505932323774,0.963345130890257,0.861634822267449,0.0342244485592519,6.03687629545262e-05
302.8125,0.998504392565369,0.963308029029462,0.861502492275129,0.0341055544681409,5.97674500769984e-05
303.125,0.998502852809338,0.963270928597593,0.861370182606068,0.033987073409394,5.91721266741423e-05
303.4375,0.998501313055682,0.963233829594594,0.861237893257143,0.0338690039481567,5.85827330868217e-05
303.75,0.9984997733044,0.96319673202041,0.861105624225234,0.033751344654559,5.79992102501451e-05
304.0625,0.998498233555493,0.963159635874986,0.860973375507221,0.0336340941036982,5.74214996875463e-05
304.375,0.99849669380896,0.963122541158267,0.860841147099984,0.0335172508756217,5.68495435049243e-05
304.6875,0.998495154064801,0.963085447870198,0.860708939000404,0.0334008135553096,5.6283284384842e-05
305,0.998493614323017,0.963048356010724,0.860576751205361,0.0332847807326579,5.57226655807817e-05
305.3125,0.998492074583608,0.96301126557979,0.860444583711738,0.0331691510024611,5.51676309114587e-05
305.625,0.998490534846572,0.96297417657734,0.860312436516417,0.0330539229643954,5.46181247551913e-05
305.9375,0.998488995111911,0.962937089003321,0.860180309616279,0.0329390952230016,5.40740920443263e-05
306.25,0.998487455379624,0.962900002857677,0.860048203008209,0.0328246663876684,5.3535478259721e-05
306.5625,0.998485915649712,0.962862918140352,0.859916116689089,0.0327106350726151,5.30022294252794e-05
306.875,0.998484375922174,0.962825834851293,0.859784050655804,0.0325969998968754,5.24742921025433e-05
307.1875,0.99848283619701,0.962788752990443,0.859652004905239,0.0324837594842804,5.19516133853367e-05
307.5,0.998481296474221,0.962751672557748,0.859519979434277,0.0323709124634419,5.14341408944646e-05
307.8125,0.998479756753806,0.962714593553153,0.859387974239805,0.0322584574677357,5.0921822772463e-05
308.125,0.998478217035765,0.962677515976603,0.859255989318709,0.0321463931352855,5.04146076784029e-05
308.4375,0.998476677320099,0.962640439828043,0.859124024667875,0.0320347181089457,4.99124447827449e-05
308.75,0.998475137606808,0.962603365107417,0.858992080284189,0.0319234310362858,4.94152837622455e-05
309.0625,0.99847359789589,0.962566291814672,0.85886015616454,0.0318125305695731,4.89230747949139e-05
309.375,0.998472058187347,0.962529219949751,0.858728252305815,0.0317020153657572,4.84357685550196e-05
309.6875,0.998470518481178,0.962492149512601,0.858596368704903,0.0315918840864533,4.7953316208149e-05
310,0.998468978777383,0.962455080503165,0.858464505358691,0.0314821353979261,4.74756694063113e-05
310.3125,0.998467439075963,0.962418012921389,0.85833266226407,0.0313727679710736,4.70027802830942e-05
310.625,0.998465899376917,0.962380946767218,0.858200839417929,0.0312637804814111,4.65346014488662e-05
310.9375,0.998464359680245,0.962343882040597,0.858069036817159,0.0311551716090549,4.60710859860281e-05
311.25,0.998462819985948,0.962306818741471,0.857937254458651,0.0310469400387067,4.56121874443111e-05
311.5625,0.998461280294025,0.962269756869785,0.857805492339294,0.0309390844596375,4.51578598361219e-05
311.875,0.998459740604476,0.962232696425484,0.857673750455982,0.0308316035656717,4.47080576319337e-05
312.1875,0.998458200917302,0.962195637408513,0.857542028805606,0.0307244960551711,4.42627357557246e-05
312.5,0.998456661232502,0.962158579818817,0.857410327385058,0.0306177606310196,4.38218495804591e-05
312.8125,0.998455121550076,0.962121523656341,0.857278646191233,0.030511396000607,4.33853549236169e-05
313.125,0.998453581870024,0.96208446892103,0.857146985221023,0.0304054008758136,4.2953208042765e-05
313.4375,0.998452042192347,0.96204741561283,0.857015344471323,0.0302997739729948,4.25253656311738e-05
313.75,0.998450502517044,0.962010363731684,0.856883723939027,0.030194514012965,4.21017848134773e-05
314.0625,0.998448962844115,0.961973313277539,0.85675212362103,0.0300896197209826,4.16824231413768e-05
314.375,0.998447423173561,0.961936264250339,0.856620543514227,0.0299850898267343,4.12672385893867e-05
314.6875,0.99844588350538,0.96189921665003,0.856488983615516,0.02988092306432,4.08561895506229e-05
315,0.998444343839574,0.961862170476556,0.856357443921791,0.0297771181722371,4.04492348326339e-05
315.3125,0.998442804176143,0.961825125729862,0.85622592442995,0.0296736738933653,4.00463336532718e-05
315.625,0.998441264515086,0.961788082409894,0.85609442513689,0.0295705889749518,3.96474456366062e-05
315.9375,0.998439724856402,0.961751040516596,0.85596294603951,0.0294678621685956,3.92525308088776e-05
316.25,0.998438185200093,0.961714000049914,0.855831487134707,0.0293654922302325,3.88615495944917e-05
316.5625,0.998436645546159,0.961676961009792,0.85570004841938,0.0292634779201204,3.84744628120532e-05
316.875,0.998435105894598,0.961639923396177,0.855568629890429,0.0291618180028236,3.80912316704398e-05
317.1875,0.998433566245412,0.961602887209012,0.855437231544753,0.0290605112471986,3.77118177649141e-05
317.5,0.9984320265986,0.961565852448242,0.855305853379254,0.0289595564263788,3.73361830732756e-05
317.8125,0.998430486954163,0.961528819113814,0.85517449539083,0.0288589523177594,3.69642899520498e-05
318.125,0.998428947312099,0.961491787205672,0.855043157576384,0.0287586977029832,3.65961011327165e-05
318.4375,0.99842740767241,0.96145475672376,0.854911839932818,0.0286587913679252,3.62315797179744e-05
318.75,0.998425868035095,0.961417727668025,0.854780542457032,0.0285592321026786,3.58706891780439e-05
319.0625,0.998424328400154,0.961380700038411,0.854649265145932,0.0284600187015394,3.55133933470062e-05
319.375,0.998422788767587,0.961343673834863,0.854518007996418,0.0283611499629923,3.5159656419179e-05
319.6875,0.998421249137395,0.961306649057326,0.854386771005395,0.028262624689696,3.48094429455282e-05
320,0.998419709509577,0.961269625705746,0.854255554169766,0.0281644416884688,3.44627178301157e-05
320.3125,0.998418169884133,0.961232603780067,0.854124357486437,0.0280665997702739,3.41194463265822e-05
320.625,0.998416630261063,0.961195583280235,0.853993180952312,0.0279690977502052,3.37795940346652e-05
320.9375,0.998415090640367,0.961158564206194,0.853862024564297,0.027871934447473,3.34431268967514e-05
321.25,0.998413551022046,0.96112154655789,0.853730888319298,0.0277751086853894,3.3110011194464e-05
321.5625,0.998412011406099,0.961084530335268,0.853599772214221,0.0276786192913545,3.27802135452838e-05
321.875,0.998410471792526,0.961047515538273,0.853468676245973,0.0275824650968419,3.24537008992032e-05
322.1875,0.998408932181327,0.96101050216685,0.853337600411462,0.0274866449373844,3.2130440535415e-05
322.5,0.998407392572502,0.960973490220944,0.853206544707595,0.0273911576525604,3.18104000590325e-05
322.8125,0.998405852966052,0.9609364797005,0.853075509131281,0.0272960020859794,3.14935473978439e-05
323.125,0.998404313361975,0.960899470605464,0.852944493679428,0.027201177085268,3.11798507990976e-05
323.4375,0.998402773760273,0.96086246293578,0.852813498348946,0.0271066815020563,3.08692788263206e-05
323.75,0.998401234160945,0.960825456691393,0.852682523136745,0.0270125141919638,3.05618003561679e-05
324.0625,0.998399694563991,0.960788451872249,0.852551568039734,0.0269186740145855,3.02573845753039e-05
324.375,0.998398154969412,0.960751448478293,0.852420633054825,0.0268251598334778,2.99560009773139e-05
324.6875,0.998396615377206,0.960714446509469,0.852289718178928,0.0267319705161456,2.96576193596474e-05
325,0.998395075787375,0.960677445965723,0.852158823408956,0.0266391049340275,2.93622098205915e-05
325.3125,0.998393536199917,0.960640446847001,0.85202794874182,0.0265465619624831,2.90697427562739e-05
325.625,0.998391996614834,0.960603449153247,0.851897094174433,0.0264543404807786,2.87801888576966e-05
325.9375,0.998390457032125,0.960566452884405,0.851766259703709,0.0263624393720739,2.84935191077988e-05
326.25,0.998388917451791,0.960529458040423,0.85163544532656,0.0262708575234084,2.82097047785486e-05
326.5625,0.99838737787383,0.960492464621244,0.851504651039901,0.0261795938256881,2.79287174280644e-05
326.875,0.998385838298243,0.960455472626813,0.851373876840646,0.026088647173672,2.76505288977647e-05
327.1875,0.998384298725031,0.960418482057077,0.85124312272571,0.0259980164659585,2.7375111309546e-05
327.5,0.998382759154193,0.960381492911979,0.851112388692009,0.0259077006049722,2.71024370629893e-05
327.8125,0.998381219585728,0.960344505191466,0.850981674736458,0.0258176984969507,2.68324788325939e-05
328.125,0.998379680019638,0.960307518895481,0.850850980855974,0.0257280090519313,2.65652095650393e-05
328.4375,0.998378140455922,0.960270534023971,0.850720307047474,0.0256386311837378,2.63006024764741e-05
328.75,0.99837660089458,0.96023355057688,0.850589653307875,0.0255495638099671,2.60386310498315e-05
329.0625,0.998375061335612,0.960196568554154,0.850459019634096,0.0254608058519766,2.57792690321726e-05
329.375,0.998373521779019,0.960159587955738,0.850328406023053,0.0253723562348708,2.55224904320549e-05
329.6875,0.998371982224799,0.960122608781576,0.850197812471666,0.0252842138874881,2.5268269516928e-05
330,0.998370442672953,0.960085631031615,0.850067238976855,0.0251963777423883,2.50165808105549e-05
330.3125,0.998368903123482,0.960048654705799,0.849936685535539,0.0251088467358394,2.47673990904584e-05
330.625,0.998367363576385,0.960011679804073,0.849806152144637,0.0250216198078047,2.45206993853944e-05
330.9375,0.998365824031661,0.959974706326382,0.849675638801072,0.0249346959019301,2.42764569728485e-05
331.25,0.998364284489312,0.959937734272673,0.849545145501764,0.0248480739655311,2.40346473765591e-05
331.5625,0.998362744949337,0.959900763642889,0.849414672243634,0.0247617529495803,2.37952463640644e-05
331.875,0.998361205411736,0.959863794436976,0.849284219023604,0.0246757318086944,2.35582299442739e-05
332.1875,0.998359665876509,0.959826826654879,0.849153785838598,0.024590009501122,2.33235743650645e-05
332.5,0.998358126343656,0.959789860296544,0.849023372685538,0.0245045849887303,2.30912561108996e-05
332.8125,0.998356586813177,0.959752895361915,0.848892979561347,0.0244194572369933,2.28612519004731e-05
333.125,0.998355047285072,0.959715931850937,0.848762606462951,0.0243346252149786,2.26335386843763e-05
333.4375,0.998353507759341,0.959678969763556,0.848632253387272,0.0242500878953355,2.24080936427876e-05
333.75,0.998351968235984,0.959642009099718,0.848501920331236,0.024165844254282,2.21848941831862e-05
334.0625,0.998350428715002,0.959605049859366,0.848371607291769,0.0240818932715929,2.19639179380875e-05
334.375,0.998348889196393,0.959568092042447,0.848241314265796,0.0239982339305869,2.17451427628022e-05
334.6875,0.998347349680158,0.959531135648905,0.848111041250243,0.023914865218115,2.15285467332164e-05
335,0.998345810166298,0.959494180678686,0.847980788242038,0.0238317861245474,2.13141081435953e-05
335.3125,0.998344270654811,0.959457227131735,0.847850555238106,0.0237489956437622,2.11018055044072e-05
335.625,0.998342731145699,0.959420275007997,0.847720342235378,0.0236664927731322,2.08916175401707e-05
335.9375,0.99834119163896,0.959383324307416,0.84759014923078,0.0235842765135137,2.06835231873221e-05
336.25,0.998339652134596,0.95934637502994,0.847459976221241,0.0235023458692338,2.04775015921049e-05
336.5625,0.998338112632605,0.959309427175512,0.847329823203691,0.0234206998480784,2.02735321084797e-05
336.875,0.998336573132989,0.959272480744078,0.847199690175058,0.0233393374612805,2.00715942960553e-05
337.1875,0.998335033635746,0.959235535735583,0.847069577132274,0.023258257723508,1.98716679180405e-05
337.5,0.998333494140878,0.959198592149972,0.846939484072269,0.0231774596528517,1.96737329392158e-05
337.8125,0.998331954648383,0.959161649987191,0.846809410991973,0.0230969422708136,1.9477769523926e-05
338.125,0.998330415158262,0.959124709247183,0.846679357888318,0.0230167046022949,1.92837580340918e-05
338.4375,0.998328875670516,0.959087769929896,0.846549324758237,0.0229367456755843,1.90916790272424e-05
338.75,0.998327336185143,0.959050832035274,0.846419311598661,0.0228570645223461,1.89015132545669e-05
339.0625,0.998325796702145,0.959013895563262,0.846289318406524,0.0227776601776085,1.87132416589854e-05
339.375,0.99832425722152,0.958976960513806,0.846159345178759,0.0226985316797522,1.85268453732388e-05
339.6875,0.99832271774327,0.95894002688685,0.846029391912299,0.0226196780704984,1.83423057179988e-05
340,0.998321178267393,0.95890309468234,0.84589945860408,0.0225410983948972,1.81596041999953e-05
340.3125,0.99831963879389,0.958866163900221,0.845769545251036,0.0224627917013163,1.79787225101636e-05
340.625,0.998318099322762,0.958829234540438,0.845639651850102,0.0223847570414292,1.77996425218093e-05
340.9375,0.998316559854007,0.958792306602937,0.845509778398215,0.0223069934702039,1.76223462887919e-05
341.25,0.998315020387626,0.958755380087663,0.845379924892309,0.0222295000458915,1.74468160437265e-05
341.5625,0.998313480923619,0.95871845499456,0.845250091329323,0.0221522758300146,1.72730341962029e-05
341.875,0.998311941461986,0.958681531323575,0.845120277706192,0.0220753198873559,1.71009833310232e-05
342.1875,0.998310402002727,0.958644609074652,0.844990484019856,0.0219986312859472,1.69306462064563e-05
342.5,0.998308862545843,0.958607688247737,0.844860710267251,0.0219222090970578,1.67620057525103e-05
342.8125,0.998307323091331,0.958570768842775,0.844730956445317,0.0218460523951835,1.65950450692216e-05
343.125,0.998305783639194,0.958533850859711,0.844601222550992,0.021770160258035,1.64297474249615e-05
343.4375,0.998304244189431,0.95849693429849,0.844471508581216,0.0216945317665273,1.62660962547595e-05
343.75,0.998302704742042,0.958460019159057,0.844341814532929,0.0216191660047679,1.61040751586429e-05
344.0625,0.998301165297027,0.958423105441359,0.844212140403072,0.0215440620600465,1.59436678999939e-05
344.375,0.998299625854385,0.95838619314534,0.844082486188585,0.0214692190228231,1.5784858403922e-05
344.6875,0.998298086414118,0.958349282270945,0.84395285188641,0.0213946359867177,1.56276307556532e-05
345,0.998296546976224,0.958312372818119,0.843823237493488,0.0213203120484989,1.54719691989355e-05
345.3125,0.998295007540704,0.958275464786809,0.843693643006763,0.0212462463080729,1.53178581344593e-05
345.625,0.998293468107558,0.958238558176958,0.843564068423176,0.0211724378684732,1.51652821182946e-05
345.9375,0.998291928676787,0.958201652988513,0.843434513739671,0.021098885835849,1.50142258603431e-05
346.25,0.998290389248389,0.958164749221418,0.843304978953192,0.0210255893194547,1.4864674222806e-05
346.5625,0.998288849822365,0.958127846875619,0.843175464060683,0.0209525474316392,1.47166122186672e-05
346.875,0.998287310398714,0.958090945951061,0.843045969059089,0.0208797592878351,1.45700250101909e-05
347.1875,0.998285770977438,0.95805404644769,0.842916493945354,0.0208072240065479,1.44248979074353e-05
347.5,0.998284231558536,0.95801714836545,0.842787038716425,0.0207349407093454,1.428121636678e-05
347.8125,0.998282692142007,0.957980251704288,0.842657603369247,0.0206629085208468,1.41389659894685e-05
348.125,0.998281152727852,0.957943356464147,0.842528187900768,0.0205911265687127,1.39981325201659e-05
348.4375,0.998279613316072,0.957906462644974,0.842398792307933,0.0205195939836339,1.38587018455294e-05
348.75,0.998278073906665,0.957869570246713,0.842269416587692,0.0204483098993213,1.37206599927949e-05
349.0625,0.998276534499632,0.957832679269311,0.84214006073699,0.020377273452495,1.35839931283759e-05
349.375,0.998274995094973,0.957795789712711,0.842010724752778,0.0203064837828745,1.34486875564778e-05
349.6875,0.998273455692687,0.957758901576861,0.841881408632004,0.0202359400331674,1.33147297177252e-05
350,0.998271916292776,0.957722014861704,0.841752112371617,0.0201656413490599,1.31821061878029e-05
350.3125,0.998270376895238,0.957685129567186,0.841622835968567,0.0200955868792058,1.3050803676111e-05
350.625,0.998268837500074,0.957648245693252,0.841493579419805,0.0200257757752165,1.29208090244325e-05
350.9375,0.998267298107284,0.957611363239849,0.841364342722281,0.0199562071916507,1.27921092056153e-05
351.25,0.998265758716868,0.95757448220692,0.841235125872946,0.019886880286004,1.2664691322266e-05
351.5625,0.998264219328826,0.957537602594412,0.841105928868753,0.0198177942186991,1.25385426054581e-05
351.875,0.998262679943158,0.957500724402269,0.840976751706652,0.019748948153075,1.24136504134519e-05
352.1875,0.998261140559863,0.957463847630437,0.840847594383598,0.0196803412553775,1.22900022304279e-05
352.5,0.998259601178942,0.957426972278861,0.840718456896543,0.0196119726947486,1.21675856652322e-05
352.8125,0.998258061800395,0.957390098347487,0.840589339242441,0.0195438416432169,1.20463884501354e-05
353.125,0.998256522424222,0.957353225836259,0.840460241418245,0.019475947275687,1.19263984396026e-05
353.4375,0.998254983050423,0.957316354745123,0.840331163420911,0.0194082887699302,1.18076036090763e-05
353.75,0.998253443678997,0.957279485074025,0.840202105247392,0.019340865306574,1.1689992053772e-05
354.0625,0.998251904309945,0.95724261682291,0.840073066894646,0.0192736760690923,1.15735519874843e-05
354.375,0.998250364943268,0.957205749991722,0.839944048359627,0.0192067202437958,1.14582717414065e-05
354.6875,0.998248825578963,0.957168884580408,0.839815049639292,0.0191399970198217,1.13441397629608e-05
355,0.998247286217033,0.957132020588912,0.839686070730598,0.0190735055891241,1.12311446146407e-05
355.3125,0.998245746857477,0.957095158017181,0.839557111630503,0.0190072451464644,1.11192749728651e-05
355.625,0.998244207500294,0.957058296865158,0.839428172335963,0.0189412148894012,1.1008519626843e-05
355.9375,0.998242668145485,0.957021437132791,0.839299252843938,0.0188754140182808,1.08988674774503e-05
356.25,0.99824112879305,0.956984578820023,0.839170353151385,0.0188098417362274,1.07903075361178e-05
356.5625,0.998239589442988,0.9569477219268,0.839041473255265,0.0187444972491337,1.06828289237295e-05
356.875,0.998238050095301,0.956910866453068,0.838912613152537,0.0186793797656507,1.05764208695326e-05
357.1875,0.998236510749987,0.956874012398772,0.83878377284016,0.018614488497179,1.04710727100582e-05
357.5,0.998234971407047,0.956837159763857,0.838654952315096,0.0185498226578584,1.03667738880526e-05
357.8125,0.99823343206648,0.956800308548269,0.838526151574306,0.0184853814645589,1.02635139514195e-05
358.125,0.998231892728288,0.956763458751952,0.838397370614751,0.0184211641368709,1.01612825521721e-05
358.4375,0.998230353392469,0.956726610374853,0.838268609433393,0.0183571698970961,1.00600694453967e-05
358.75,0.998228814059024,0.956689763416916,0.838139868027195,0.0182933979702378,9.95986448822537e-06
359.0625,0.998227274727953,0.956652917878087,0.838011146393119,0.0182298475839916,9.86065763882027e-06
359.375,0.998225735399255,0.956616073758312,0.837882444528129,0.018166517968736,9.76243895536667e-06
359.6875,0.998224196072931,0.956579231057535,0.837753762429189,0.0181034083575233,9.66519859507698e-06
360,0.998222656748982,0.956542389775702,0.837625100093263,0.0180405179860698,9.56892681320427e-06
360.3125,0.998221117427405,0.956505549912758,0.837496457517316,0.0179778460927474,9.47361396206576e-06
360.625,0.998219578108202,0.956468711468649,0.837367834698313,0.0179153919185733,9.37925049007596e-06
360.9375,0.998218038791373,0.95643187444332,0.83723923163322,0.0178531547072017,9.28582694078955e-06
361.25,0.998216499476918,0.956395038836717,0.837110648319004,0.0177911337049144,9.19333395195363e-06
361.5625,0.998214960164837,0.956358204648784,0.836982084752629,0.0177293281606112,9.10176225456955e-06
361.875,0.998213420855129,0.956321371879467,0.836853540931065,0.0176677373258015,9.01110267196402e-06
362.1875,0.998211881547795,0.956284540528712,0.836725016851279,0.0176063604545948,8.92134611886952e-06
362.5,0.998210342242835,0.956247710596464,0.836596512510237,0.0175451968036919,8.83248360051378e-06
362.8125,0.998208802940248,0.956210882082667,0.83646802790491,0.0174842456323757,8.74450621171847e-06
363.125,0.998207263640035,0.956174054987269,0.836339563032266,0.0174235062025022,8.6574051360067e-06
363.4375,0.998205724342196,0.956137229310213,0.836211117889274,0.0173629777784919,8.57117164471953e-06
363.75,0.998204185046731,0.956100405051445,0.836082692472905,0.0173026596273205,8.48579709614127e-06
364.0625,0.998202645753639,0.956063582210912,0.835954286780129,0.0172425510185102,8.40127293463341e-06
364.375,0.998201106462921,0.956026760788557,0.835825900807916,0.0171826512241211,8.31759068977729e-06
364.6875,0.998199567174576,0.955989940784327,0.835697534553238,0.0171229595187417,8.23474197552525e-06
365,0.998198027888605,0.955953122198167,0.835569188013067,0.0170634751794809,8.1527184893602e-06
365.3125,0.998196488605008,0.955916305030021,0.835440861184375,0.0170041974859588,8.07151201146361e-06
365.625,0.998194949323785,0.955879489279837,0.835312554064134,0.0169451257202979,7.9911144038918e-06
365.9375,0.998193410044935,0.955842674947558,0.835184266649319,0.0168862591671147,7.91151760976041e-06
366.25,0.998191870768459,0.955805862033131,0.835055998936902,0.016827597113511,7.83271365243696e-06
366.5625,0.998190331494357,0.955769050536501,0.834927750923857,0.0167691388490651,7.75469463474157e-06
366.875,0.998188792222628,0.955732240457613,0.83479952260716,0.0167108836658231,7.67745273815544e-06
367.1875,0.998187252953272,0.955695431796412,0.834671313983784,0.0166528308582908,7.60098022203743e-06
367.5,0.998185713686291,0.955658624552844,0.834543125050707,0.0165949797234246,7.52526942284832e-06
367.8125,0.998184174421683,0.955621818726855,0.834414955804903,0.0165373295606234,7.4503127533828e-06
368.125,0.998182635159449,0.95558501431839,0.834286806243349,0.0164798796717198,7.37610270200914e-06
368.4375,0.998181095899589,0.955548211327394,0.834158676363022,0.016422629360972,7.30263183191649e-06
368.75,0.998179556642102,0.955511409753812,0.8340305661609,0.0163655779350551,7.22989278036953e-06
369.0625,0.998178017386988,0.95547460959759,0.833902475633959,0.0163087247030526,7.15787825797065e-06
369.375,0.998176478134249,0.955437810858674,0.833774404779179,0.0162520689764485,7.08658104792948e-06
369.6875,0.998174938883883,0.955401013537008,0.833646353593539,0.0161956100691185,7.01599400533968e-06
370,0.99817339963589,0.955364217632539,0.833518322074016,0.0161393472973218,6.94611005646289e-06
370.3125,0.998171860390271,0.955327423145212,0.833390310217591,0.016083279979693,6.8769221980199e-06
370.625,0.998170321147026,0.955290630074971,0.833262318021246,0.0160274074372338,6.80842349648876e-06
370.9375,0.998168781906155,0.955253838421763,0.833134345481958,0.0159717289933045,6.74060708741002e-06
371.25,0.998167242667657,0.955217048185534,0.83300639259671,0.0159162439736163,6.67346617469879e-06
371.5625,0.998165703431532,0.955180259366227,0.832878459362484,0.0158609517062224,6.60699402996368e-06
371.875,0.998164164197781,0.955143471963789,0.832750545776261,0.0158058515215108,6.54118399183254e-06
372.1875,0.998162624966404,0.955106685978165,0.832622651835025,0.0157509427521954,6.47602946528492e-06
372.5,0.998161085737401,0.955069901409301,0.832494777535756,0.0156962247333084,6.41152392099111e-06
372.8125,0.998159546510771,0.955033118257143,0.83236692287544,0.0156416968021918,6.34766089465788e-06
373.125,0.998158007286514,0.954996336521634,0.83223908785106,0.0155873582984899,6.28443398638062e-06
373.4375,0.998156468064632,0.954959556202722,0.8321112724596,0.015533208564141,6.22183686000202e-06
373.75,0.998154928845122,0.954922777300351,0.831983476698046,0.0154792469433694,6.15986324247709e-06
374.0625,0.998153389627986,0.954885999814467,0.831855700563381,0.0154254727826776,6.09850692324455e-06
374.375,0.998151850413224,0.954849223745015,0.831727944052593,0.0153718854308382,6.03776175360439e-06
374.6875,0.998150311200836,0.954812449091941,0.831600207162667,0.0153184842388862,5.97762164610174e-06
375,0.998148771990821,0.95477567585519,0.831472489890589,0.0152652685601112,5.91808057391681e-06
375.3125,0.99814723278318,0.954738904034708,0.831344792233348,0.0152122377500493,5.85913257026095e-06
375.625,0.998145693577911,0.95470213363044,0.83121711418793,0.0151593911664754,5.80077172777864e-06
375.9375,0.998144154375017,0.954665364642332,0.831089455751323,0.0151067281693955,5.74299219795557e-06
376.25,0.998142615174496,0.954628597070328,0.830961816920517,0.0150542481210391,5.6857881905325e-06
376.5625,0.998141075976349,0.954591830914375,0.830834197692499,0.015001950385851,5.62915397292499e-06
376.875,0.998139536780575,0.954555066174418,0.830706598064259,0.014949834330484,5.57308386964896e-06
377.1875,0.998137997587175,0.954518302850402,0.830579018032788,0.0148978993237911,5.51757226175189e-06
377.5,0.998136458396149,0.954481540942274,0.830451457595075,0.014846144736818,5.46261358624978e-06
377.8125,0.998134919207495,0.954444780449977,0.830323916748111,0.0147945699427953,5.40820233556961e-06
378.125,0.998133380021216,0.954408021373458,0.830196395488888,0.0147431743171307,5.35433305699745e-06
378.4375,0.99813184083731,0.954371263712663,0.830068893814397,0.0146919572374021,5.30100035213201e-06
378.75,0.998130301655777,0.954334507467537,0.82994141172163,0.0146409180833494,5.24819887634365e-06
379.0625,0.998128762476618,0.954297752638025,0.829813949207581,0.0145900562368674,5.19592333823879e-06
379.375,0.998127223299833,0.954260999224072,0.829686506269241,0.0145393710819982,5.14416849912963e-06
379.6875,0.998125684125421,0.954224247225625,0.829559082903605,0.0144888620049234,5.09292917250918e-06
380,0.998124144953382,0.954187496642628,0.829431679107667,0.0144385283939574,5.04220022353149e-06
380.3125,0.998122605783717,0.954150747475027,0.829304294878421,0.0143883696395392,4.99197656849706e-06
380.625,0.998121066616426,0.954113999722769,0.829176930212862,0.0143383851342257,4.94225317434344e-06
380.9375,0.998119527451507,0.954077253385797,0.829049585107986,0.0142885742726837,4.89302505814079e-06
381.25,0.998117988288963,0.954040508464058,0.828922259560788,0.0142389364516833,4.84428728659257e-06
381.5625,0.998116449128792,0.954003764957497,0.828794953568265,0.0141894710700898,4.79603497554113e-06
381.875,0.998114909970995,0.95396702286606,0.828667667127413,0.014140177528857,4.74826328947827e-06
382.1875,0.99811337081557,0.953930282189692,0.828540400235231,0.0140910552310198,4.70096744106066e-06
382.5,0.99811183166252,0.953893542928338,0.828413152888714,0.0140421035816868,4.65414269063008e-06
382.8125,0.998110292511843,0.953856805081945,0.828285925084862,0.0139933219880333,4.60778434573843e-06
383.125,0.998108753363539,0.953820068650457,0.828158716820674,0.0139447098592941,4.56188776067753e-06
383.4375,0.998107214217609,0.953783333633821,0.828031528093148,0.0138962666067561,4.51644833601352e-06
383.75,0.998105675074052,0.953746600031981,0.827904358899284,0.0138479916437516,4.47146151812593e-06
384.0625,0.998104135932869,0.953709867844883,0.827777209236082,0.0137998843856508,4.4269227987514e-06
384.375,0.998102596794059,0.953673137072473,0.827650079100542,0.0137519442498549,4.38282771453184e-06
384.6875,0.998101057657622,0.953636407714696,0.827522968489665,0.0137041706557891,4.33917184656715e-06
385,0.998099518523559,0.953599679771498,0.827395877400454,0.0136565630248954,4.29595081997245e-06
385.3125,0.99809797939187,0.953562953242824,0.827268805829909,0.0136091207806256,4.25316030343956e-06
385.625,0.998096440262554,0.95352622812862,0.827141753775033,0.0135618433484347,4.21079600880303e-06
385.9375,0.998094901135611,0.953489504428831,0.827014721232829,0.0135147301557733,4.16885369061038e-06
386.25,0.998093362011042,0.953452782143403,0.826887708200299,0.0134677806320812,4.12732914569662e-06
386.5625,0.998091822888846,0.953416061272282,0.826760714674449,0.0134209942087802,4.08621821276309e-06
386.875,0.998090283769024,0.953379341815412,0.826633740652281,0.0133743703192675,4.04551677196043e-06
387.1875,0.998088744651575,0.953342623772739,0.826506786130801,0.0133279083989085,4.00522074447571e-06
387.5,0.998087205536499,0.95330590714421,0.826379851107013,0.0132816078850301,3.96532609212365e-06
387.8125,0.998085666423797,0.953269191929769,0.826252935577923,0.0132354682169139,3.92582881694199e-06
388.125,0.998084127313468,0.953232478129362,0.826126039540538,0.0131894888357895,3.88672496079084e-06
388.4375,0.998082588205513,0.953195765742934,0.825999162991863,0.0131436691848275,3.84801060495596e-06
388.75,0.998081049099931,0.953159054770432,0.825872305928905,0.0130980087091331,3.80968186975616e-06
389.0625,0.998079509996723,0.9531223452118,0.825745468348673,0.013052506855739,3.7717349141544e-06
389.375,0.998077970895887,0.953085637066985,0.825618650248173,0.0130071630735989,3.73416593537293e-06
389.6875,0.998076431797426,0.953048930335931,0.825491851624414,0.012961976813581,3.69697116851218e-06
390,0.998074892701337,0.953012225018584,0.825365072474404,0.0129169475284609,3.66014688617348e-06
390.3125,0.998073353607622,0.95297552111489,0.825238312795154,0.0128720746729154,3.62368939808552e-06
390.625,0.998071814516281,0.952938818624795,0.825111572583673,0.0128273577035155,3.58759505073453e-06
390.9375,0.998070275427313,0.952902117548243,0.82498485183697,0.0127827960787205,3.55186022699818e-06
391.25,0.998068736340718,0.952865417885182,0.824858150552056,0.0127383892588704,3.51648134578304e-06
391.5625,0.998067197256496,0.952828719635555,0.824731468725943,0.0126941367061805,3.48145486166578e-06
391.875,0.998065658174648,0.952792022799309,0.824604806355643,0.012650037884734,3.4467772645378e-06
392.1875,0.998064119095173,0.952755327376389,0.824478163438165,0.0126060922604759,3.41244507925353e-06
392.5,0.998062580018072,0.952718633366741,0.824351539970525,0.0125622993012065,3.37845486528216e-06
392.8125,0.998061040943344,0.95268194077031,0.824224935949733,0.0125186584765751,3.34480321636282e-06
393.125,0.998059501870989,0.952645249587042,0.824098351372804,0.0124751692580731,3.31148676016327e-06
393.4375,0.998057962801008,0.952608559816882,0.823971786236752,0.0124318311190283,3.27850215794193e-06
393.75,0.9980564237334,0.952571871459777,0.82384524053859,0.0123886435345977,3.24584610421332e-06
394.0625,0.998054884668165,0.952535184515671,0.823718714275334,0.0123456059817619,3.21351532641673e-06
394.375,0.998053345605304,0.95249849898451,0.823592207443998,0.0123027179393183,3.1815065845884e-06
394.6875,0.998051806544816,0.95246181486624,0.823465720041598,0.0122599788878751,3.14981667103669e-06
395,0.998050267486701,0.952425132160807,0.823339252065151,0.0122173883098445,3.11844241002073e-06
395.3125,0.99804872843096,0.952388450868156,0.823212803511673,0.0121749456894372,3.08738065743211e-06
395.625,0.998047189377592,0.952351770988232,0.82308637437818,0.0121326505126555,3.05662830047984e-06
395.9375,0.998045650326597,0.952315092520981,0.822959964661691,0.0120905022672872,3.0261822573784e-06
396.25,0.998044111277976,0.952278415466349,0.822833574359224,0.0120485004428997,2.99603947703886e-06
396.5625,0.998042572231728,0.952241739824282,0.822707203467796,0.0120066445308335,2.96619693876319e-06
396.875,0.998041033187853,0.952205065594724,0.822580851984426,0.0119649340241962,2.93665165194151e-06
397.1875,0.998039494146351,0.952168392777621,0.822454519906135,0.0119233684178564,2.90740065575237e-06
397.5,0.998037955107223,0.95213172137292,0.822328207229941,0.0118819472084374,2.87844101886609e-06
397.8125,0.998036416070468,0.952095051380566,0.822201913952865,0.0118406698943112,2.84976983915097e-06
398.125,0.998034877036087,0.952058382800504,0.822075640071927,0.0117995359755925,2.82138424338247e-06
398.4375,0.998033338004078,0.95202171563268,0.821949385584149,0.0117585449541324,2.79328138695525e-06
398.75,0.998031798974443,0.95198504987704,0.821823150486553,0.0117176963335129,2.76545845359814e-06
399.0625,0.998030259947182,0.951948385533528,0.82169693477616,0.0116769896190402,2.73791265509189e-06
399.375,0.998028720922293,0.951911722602092,0.821570738449992,0.0116364243177391,2.71064123098977e-06
399.6875,0.998027181899778,0.951875061082676,0.821444561505074,0.0115959999383471,2.68364144834092e-06
400,0.998025642879636,0.951838400975226,0.821318403938427,0.0115557159913083,2.65691060141649e-06
400.3125,0.998024103861867,0.951801742279687,0.821192265747077,0.0115155719887674,2.63044601143847e-06
400.625,0.998022564846472,0.951765084996006,0.821066146928047,0.0114755674445639,2.60424502631126e-06
400.9375,0.99802102583345,0.951728429124128,0.820940047478363,0.0114357018742263,2.57830502035589e-06
401.25,0.998019486822801,0.951691774663998,0.820813967395049,0.011395974794966,2.55262339404689e-06
401.5625,0.998017947814525,0.951655121615562,0.820687906675131,0.0113563857256717,2.52719757375179e-06
401.875,0.998016408808623,0.951618469978766,0.820561865315636,0.0113169341869034,2.50202501147321e-06
402.1875,0.998014869805094,0.951581819753556,0.820435843313589,0.0112776197008866,2.47710318459349e-06
402.5,0.998013330803938,0.951545170939876,0.820309840666019,0.0112384417915066,2.45242959562193e-06
402.8125,0.998011791805155,0.951508523537673,0.820183857369952,0.0111993999843029,2.4280017719445e-06
403.125,0.998010252808745,0.951471877546893,0.820057893422417,0.0111604938064629,2.40381726557602e-06
403.4375,0.998008713814709,0.951435232967481,0.819931948820442,0.0111217227868167,2.3798736529149e-06
403.75,0.998007174823046,0.951398589799382,0.819806023561056,0.0110830864558313,2.35616853450018e-06
404.0625,0.998005635833756,0.951361948042542,0.819680117641288,0.0110445843456048,2.33269953477117e-06
404.375,0.99800409684684,0.951325307696907,0.819554231058169,0.0110062159898606,2.3094643018293e-06
404.6875,0.998002557862297,0.951288668762423,0.819428363808728,0.0109679809239421,2.28646050720248e-06
405,0.998001018880126,0.951252031239035,0.819302515889996,0.0109298786848069,2.26368584561176e-06
405.3125,0.99799947990033,0.951215395126689,0.819176687299004,0.0108919088110211,2.24113803474028e-06
405.625,0.997997940922906,0.95117876042533,0.819050878032785,0.0108540708427538,2.21881481500457e-06
405.9375,0.997996401947855,0.951142127134905,0.818925088088369,0.0108163643217716,2.19671394932812e-06
406.25,0.997994862975178,0.951105495255358,0.81879931746279,0.0107787887914329,2.17483322291716e-06
406.5625,0.997993324004874,0.951068864786636,0.818673566153081,0.0107413437966825,2.15317044303876e-06
406.875,0.997991785036943,0.951032235728684,0.818547834156275,0.0107040288840461,2.13172343880104e-06
407.1875,0.997990246071385,0.950995608081448,0.818422121469406,0.0106668436016246,2.11049006093566e-06
407.5,0.9979887071082,0.950958981844873,0.818296428089508,0.0106297874990889,2.08946818158241e-06
407.8125,0.997987168147389,0.950922357018905,0.818170754013617,0.0105928601276743,2.06865569407597e-06
408.125,0.997985629188951,0.95088573360349,0.818045099238767,0.0105560610401751,2.04805051273482e-06
408.4375,0.997984090232886,0.950849111598574,0.817919463761994,0.010519389790939,2.02765057265219e-06
408.75,0.997982551279194,0.950812491004102,0.817793847580335,0.0104828459358621,2.00745382948915e-06
409.0625,0.997981012327875,0.95077587182002,0.817668250690826,0.0104464290323831,1.98745825926977e-06
409.375,0.997979473378929,0.950739254046273,0.817542673090505,0.0104101386394785,1.96766185817823e-06
409.6875,0.997977934432357,0.950702637682808,0.817417114776408,0.0103739743176564,1.94806264235806e-06
410,0.997976395488158,0.950666022729569,0.817291575745574,0.010337935628952,1.92865864771329e-06
410.3125,0.997974856546332,0.950629409186503,0.817166055995041,0.0103020221369218,1.90944792971168e-06
410.625,0.997973317606879,0.950592797053555,0.817040555521848,0.0102662334066387,1.8904285631898e-06
410.9375,0.997971778669799,0.950556186330672,0.816915074323035,0.0102305690046863,1.87159864216013e-06
411.25,0.997970239735092,0.950519577017797,0.816789612395642,0.010195028499154,1.85295627962005e-06
411.5625,0.997968700802759,0.950482969114879,0.816664169736708,0.0101596114596315,1.83449960736273e-06
411.875,0.997967161872798,0.950446362621861,0.816538746343275,0.0101243174572039,1.81622677578992e-06
412.1875,0.997965622945211,0.95040975753869,0.816413342212383,0.0100891460644462,1.7981359537266e-06
412.5,0.997964084019996,0.950373153865311,0.816287957341075,0.0100540968554182,1.78022532823745e-06
412.8125,0.997962545097156,0.950336551601671,0.816162591726393,0.0100191694056597,1.76249310444521e-06
413.125,0.997961006176688,0.950299950747715,0.816037245365378,0.00998436329218465,1.74493750535077e-06
413.4375,0.997959467258593,0.950263351303388,0.815911918255074,0.00994967809347673,1.72755677165512e-06
413.75,0.997957928342871,0.950226753268636,0.815786610392525,0.00991511338948381,1.71034916158302e-06
414.0625,0.997956389429522,0.950190156643406,0.815661321774774,0.00988066876161304,1.69331295070847e-06
414.375,0.997954850518547,0.950153561427642,0.815536052398867,0.00984634379272575,1.67644643178191e-06
414.6875,0.997953311609944,0.95011696762129,0.815410802261846,0.00981213806713235,1.6597479145591e-06
415,0.997951772703715,0.950080375224297,0.815285571360759,0.00977805117058738,1.64321572563175e-06
415.3125,0.997950233799859,0.950043784236608,0.815160359692651,0.00974408269028443,1.62684820825985e-06
415.625,0.997948694898376,0.950007194658168,0.815035167254567,0.00971023221485116,1.61064372220558e-06
415.9375,0.997947155999265,0.949970606488923,0.814909994043555,0.00967649933434432,1.59460064356902e-06
416.25,0.997945617102528,0.94993401972882,0.814784840056662,0.00964288364024477,1.57871736462533e-06
416.5625,0.997944078208165,0.949897434377803,0.814659705290934,0.00960938472545257,1.5629922936637e-06
416.875,0.997942539316173,0.949860850435819,0.814534589743421,0.00957600218428201,1.54742385482779e-06
417.1875,0.997941000426556,0.949824267902813,0.814409493411171,0.00954273561245671,1.53201048795787e-06
417.5,0.997939461539311,0.949787686778731,0.814284416291232,0.00950958460710474,1.51675064843439e-06
417.8125,0.997937922654439,0.949751107063519,0.814159358380654,0.00947654876675371,1.50164280702327e-06
418.125,0.997936383771941,0.949714528757122,0.814034319676487,0.00944362769132595,1.48668544972261e-06
418.4375,0.997934844891815,0.949677951859486,0.813909300175781,0.00941082098213362,1.47187707761094e-06
418.75,0.997933306014063,0.949641376370557,0.813784299875587,0.00937812824187391,1.45721620669709e-06
419.0625,0.997931767138683,0.949604802290281,0.813659318772956,0.00934554907462421,1.44270136777138e-06
419.375,0.997930228265677,0.949568229618604,0.813534356864939,0.00931308308583736,1.42833110625846e-06
419.6875,0.997928689395043,0.94953165835547,0.813409414148589,0.00928072988233679,1.41410398207151e-06
420,0.997927150526783,0.949495088500827,0.813284490620959,0.00924848907231183,1.40001856946791e-06
420.3125,0.997925611660896,0.949458520054619,0.8131595862791,0.00921636026531296,1.38607345690642e-06
420.625,0.997924072797381,0.949421953016792,0.813034701120068,0.00918434307224704,1.37226724690564e-06
420.9375,0.99792253393624,0.949385387387293,0.812909835140915,0.00915243710537263,1.35859855590405e-06
421.25,0.997920995077472,0.949348823166067,0.812784988338696,0.00912064197829526,1.34506601412128e-06
421.5625,0.997919456221077,0.949312260353059,0.812660160710465,0.00908895730596281,1.33166826542092e-06
421.875,0.997917917367055,0.949275698948217,0.812535352253279,0.0090573827046608,1.31840396717456e-06
422.1875,0.997916378515405,0.949239138951484,0.812410562964192,0.00902591779200776,1.30527179012726e-06
422.5,0.997914839666129,0.949202580362807,0.812285792840261,0.00899456218695057,1.29227041826432e-06
422.8125,0.997913300819226,0.949166023182132,0.812161041878542,0.00896331550975991,1.27939854867945e-06
423.125,0.997911761974696,0.949129467409405,0.812036310076094,0.0089321773820256,1.26665489144415e-06
423.4375,0.997910223132539,0.94909291304457,0.811911597429972,0.00890114742665203,1.25403816947848e-06
423.75,0.997908684292754,0.949056360087576,0.811786903937235,0.00887022526785362,1.24154711842303e-06
424.0625,0.997907145455343,0.949019808538366,0.811662229594942,0.00883941053115025,1.2291804865123e-06
424.375,0.997905606620305,0.948983258396886,0.811537574400151,0.0088087028433627,1.21693703444914e-06
424.6875,0.997904067787639,0.948946709663083,0.811412938349921,0.00877810183260819,1.20481553528067e-06
425,0.997902528957347,0.948910162336903,0.811288321441313,0.00874760712829582,1.19281477427526e-06
425.3125,0.997900990129428,0.94887361641829,0.811163723671387,0.00871721836112213,1.18093354880079e-06
425.625,0.997899451303882,0.948837071907191,0.811039145037203,0.00868693516306657,1.16917066820419e-06
425.9375,0.997897912480708,0.948800528803552,0.810914585535823,0.0086567571673871,1.15752495369206e-06
426.25,0.997896373659908,0.948763987107318,0.810790045164307,0.00862668400861571,1.14599523821256e-06
426.5625,0.99789483484148,0.948727446818435,0.810665523919719,0.00859671532255402,1.13458036633848e-06
426.875,0.997893296025426,0.94869090793685,0.81054102179912,0.00856685074626886,1.12327919415141e-06
427.1875,0.997891757211744,0.948654370462507,0.810416538799573,0.00853708991808785,1.11209058912713e-06
427.5,0.997890218400435,0.948617834395353,0.810292074918143,0.00850743247759507,1.10101343002213e-06
427.8125,0.9978886795915,0.948581299735333,0.810167630151892,0.00847787806562665,1.0900466067612e-06
428.125,0.997887140784937,0.948544766482393,0.810043204497885,0.00844842632426644,1.07918902032623e-06
428.4375,0.997885601980747,0.948508234636479,0.809918797953187,0.00841907689684167,1.06843958264605e-06
428.75,0.99788406317893,0.948471704197538,0.809794410514863,0.00838982942791866,1.05779721648743e-06
429.0625,0.997882524379486,0.948435175165514,0.809670042179979,0.00836068356329846,1.04726085534704e-06
429.375,0.997880985582415,0.948398647540353,0.8095456929456,0.00833163895001259,1.03682944334469e-06
429.6875,0.997879446787717,0.948362121322001,0.809421362808793,0.00830269523631879,1.02650193511742e-06
430,0.997877907995392,0.948325596510405,0.809297051766626,0.00827385207169672,1.01627729571478e-06
430.3125,0.99787636920544,0.94828907310551,0.809172759816164,0.00824510910684373,1.00615450049513e-06
430.625,0.99787483041786,0.948252551107261,0.809048486954478,0.00821646599367063,9.96132535022918e-07
430.9375,0.997873291632654,0.948216030515605,0.808924233178635,0.00818792238529748,9.86210394967058e-07
431.25,0.99787175284982,0.948179511330488,0.808799998485703,0.00815947793604939,9.76387086000263e-07
431.5625,0.99787021406936,0.948142993551854,0.808675782872752,0.00813113230145231,9.66661623699403e-07
431.875,0.997868675291272,0.94810647717965,0.808551586336852,0.00810288513822888,9.57033033446855e-07
432.1875,0.997867136515557,0.948069962213823,0.808427408875072,0.0080747361042943,9.47500350332831e-07
432.5,0.997865597742215,0.948033448654317,0.808303250484484,0.00804668485875211,9.38062619058688e-07
432.8125,0.997864058971246,0.947996936501079,0.808179111162158,0.00801873106189014,9.28718893841187e-07
433.125,0.99786252020265,0.947960425754054,0.808054990905166,0.00799087437517635,9.19468238317721e-07
433.4375,0.997860981436427,0.947923916413188,0.807930889710581,0.00796311446125475,9.10309725452471e-07
433.75,0.997859442672576,0.947887408478428,0.807806807575473,0.0079354509839413,9.0124243744351e-07
434.0625,0.997857903911099,0.947850901949718,0.807682744496916,0.00790788360821986,8.92265465630827e-07
434.375,0.997856365151994,0.947814396827005,0.807558700471983,0.00788041200023812,8.83377910405264e-07
434.6875,0.997854826395262,0.947777893110235,0.807434675497749,0.00785303582730353,8.74578881118373e-07
435,0.997853287640903,0.947741390799353,0.807310669571287,0.00782575475787934,8.65867495993147e-07
435.3125,0.997851748888917,0.947704889894306,0.807186682689672,0.00779856846158051,8.57242882035667e-07
435.625,0.997850210139303,0.947668390395038,0.807062714849979,0.00777147660916975,8.48704174947609e-07
435.9375,0.997848671392063,0.947631892301497,0.806938766049283,0.00774447887255353,8.40250519039635e-07
436.25,0.997847132647195,0.947595395613628,0.806814836284661,0.0077175749247781,8.31881067145637e-07
436.5625,0.997845593904701,0.947558900331376,0.806690925553189,0.00769076444002553,8.23594980537849e-07
436.875,0.997844055164579,0.947522406454688,0.806567033851944,0.00766404709360977,8.15391428842783e-07
437.1875,0.99784251642683,0.94748591398351,0.806443161178003,0.0076374225619727,8.07269589958022e-07
437.5,0.997840977691453,0.947449422917787,0.806319307528444,0.00761089052268025,7.99228649969836e-07
437.8125,0.99783943895845,0.947412933257465,0.806195472900345,0.00758445065441844,7.91267803071614e-07
438.125,0.997837900227819,0.94737644500249,0.806071657290785,0.00755810263698954,7.83386251483112e-07
438.4375,0.997836361499561,0.947339958152809,0.805947860696843,0.00753184615130817,7.75583205370508e-07
438.75,0.997834822773676,0.947303472708366,0.805824083115599,0.00750568087939742,7.67857882767246e-07
439.0625,0.997833284050164,0.947266988669108,0.805700324544133,0.00747960650438505,7.60209509495675e-07
439.375,0.997831745329025,0.947230506034981,0.805576584979524,0.00745362271049959,7.52637319089468e-07
439.6875,0.997830206610258,0.94719402480593,0.805452864418854,0.00742772918306656,7.45140552716809e-07
440,0.997828667893864,0.947157544981901,0.805329162859205,0.00740192560850463,7.37718459104349e-07
440.3125,0.997827129179844,0.947121066562841,0.805205480297659,0.00737621167432184,7.30370294461924e-07
440.625,0.997825590468196,0.947084589548695,0.805081816731296,0.00735058706911183,7.23095322408007e-07
440.9375,0.99782405175892,0.947048113939408,0.804958172157201,0.00732505148255003,7.15892813895921e-07
441.25,0.997822513052018,0.947011639734928,0.804834546572456,0.00729960460538993,7.08762047140778e-07
441.5625,0.997820974347488,0.9469751669352,0.804710939974146,0.00727424612945933,7.01702307547145e-07
441.875,0.99781943564533,0.94693869554017,0.804587352359353,0.00724897574765661,6.94712887637431e-07
442.1875,0.997817896945546,0.946902225549783,0.804463783725163,0.00722379315394698,6.87793086980996e-07
442.5,0.997816358248135,0.946865756963986,0.804340234068661,0.00719869804335884,6.80942212123948e-07
442.8125,0.997814819553096,0.946829289782724,0.804216703386931,0.00717369011198001,6.74159576519656e-07
443.125,0.99781328086043,0.946792824005943,0.80409319167706,0.00714876905695411,6.67444500459951e-07
443.4375,0.997811742170137,0.94675635963359,0.803969698936134,0.00712393457647686,6.60796311007005e-07
443.75,0.997810203482216,0.94671989666561,0.80384622516124,0.00709918636979244,6.54214341925896e-07
444.0625,0.997808664796669,0.946683435101949,0.803722770349465,0.00707452413718983,6.47697933617849e-07
444.375,0.997807126113494,0.946646974942553,0.803599334497897,0.0070499475799992,6.41246433054123e-07
444.6875,0.997805587432692,0.946610516187368,0.803475917603623,0.00702545640058828,6.34859193710579e-07
445,0.997804048754262,0.94657405883634,0.803352519663733,0.00700105030235876,6.28535575502887e-07
445.3125,0.997802510078206,0.946537602889415,0.803229140675315,0.00697672898974271,6.2227494472238e-07
445.625,0.997800971404522,0.946501148346538,0.803105780635459,0.00695249216819896,6.16076673972549e-07
445.9375,0.99779943273321,0.946464695207656,0.802982439541254,0.00692833954420961,6.09940142106172e-07
446.25,0.997797894064272,0.946428243472714,0.802859117389791,0.00690427082527638,6.03864734163063e-07
446.5625,0.997796355397706,0.946391793141659,0.802735814178161,0.00688028571991713,5.97849841308448e-07
446.875,0.997794816733513,0.946355344214437,0.802612529903455,0.00685638393766233,5.91894860771949e-07
447.1875,0.997793278071693,0.946318896690992,0.802489264562763,0.00683256518905151,5.85999195787182e-07
447.5,0.997791739412245,0.946282450571272,0.802366018153181,0.00680882918562978,5.8016225553195e-07
447.8125,0.99779020075517,0.946246005855223,0.802242790671798,0.00678517563994433,5.74383455069039e-07
448.125,0.997788662100468,0.946209562542789,0.802119582115708,0.00676160426554093,5.68662215287596e-07
448.4375,0.997787123448138,0.946173120633917,0.801996392482005,0.0067381147769605,5.62997962845096e-07
448.75,0.997785584798181,0.946136680128554,0.801873221767783,0.00671470688973562,5.57390130109883e-07
449.0625,0.997784046150597,0.946100241026644,0.801750069970135,0.0066913803203871,5.51838155104292e-07
449.375,0.997782507505386,0.946063803328134,0.801626937086158,0.00666813478642055,5.46341481448325e-07
449.6875,0.997780968862547,0.946027367032971,0.801503823112945,0.00664497000632292,5.40899558303901e-07
450,0.997779430222081,0.945990932141099,0.801380728047593,0.00662188569955918,5.35511840319648e-07
450.3125,0.997777891583987,0.945954498652465,0.801257651887197,0.0065988815865688,5.30177787576255e-07
450.625,0.997776352948267,0.945918066567014,0.801134594628855,0.00657595738876248,5.24896865532367e-07
450.9375,0.997774814314919,0.945881635884693,0.801011556269663,0.0065531128285187,5.19668544971014e-07
451.25,0.997773275683943,0.945845206605448,0.800888536806719,0.0065303476291804,5.14492301946577e-07
451.5625,0.997771737055341,0.945808778729225,0.800765536237121,0.0065076615150516,5.09367617732284e-07
451.875,0.99777019842911,0.945772352255969,0.800642554557967,0.00648505421139407,5.04293978768226e-07
452.1875,0.997768659805253,0.945735927185627,0.800519591766356,0.00646252544442403,4.99270876609888e-07
452.5,0.997767121183768,0.945699503518144,0.800396647859387,0.00644007494130879,4.94297807877202e-07
452.8125,0.997765582564656,0.945663081253467,0.800273722834159,0.00641770243016348,4.89374274204095e-07
453.125,0.997764043947917,0.945626660391541,0.800150816687774,0.00639540764004774,4.84499782188557e-07
453.4375,0.99776250533355,0.945590240932312,0.800027929417331,0.00637319030096245,4.79673843343184e-07
453.75,0.997760966721556,0.945553822875727,0.799905061019932,0.00635105014384644,4.7489597404623e-07
454.0625,0.997759428111934,0.945517406221732,0.799782211492678,0.00632898690057326,4.70165695493144e-07
454.375,0.997757889504685,0.945480990970272,0.799659380832671,0.00630700030394791,4.65482533648586e-07
454.6875,0.997756350899809,0.945444577121293,0.799536569037013,0.00628509008770361,4.60846019198918e-07
455,0.997754812297305,0.945408164674741,0.799413776102808,0.0062632559864986,4.56255687505183e-07
455.3125,0.997753273697174,0.945371753630563,0.799291002027157,0.00624149773591287,4.51711078556531e-07
455.625,0.997751735099416,0.945335343988704,0.799168246807166,0.00621981507244502,4.47211736924127e-07
455.9375,0.99775019650403,0.945298935749111,0.799045510439938,0.00619820773350903,4.42757211715509e-07
456.25,0.997748657911017,0.945262528911728,0.798922792922578,0.0061766754574311,4.38347056529401e-07
456.5625,0.997747119320376,0.945226123476503,0.798800094252191,0.00615521798344645,4.3398082941098e-07
456.875,0.997745580732108,0.945189719443382,0.798677414425882,0.0061338350516962,4.29658092807588e-07
457.1875,0.997744042146213,0.94515331681231,0.798554753440758,0.00611252640322422,4.25378413524879e-07
457.5,0.99774250356269,0.945116915583233,0.798432111293924,0.00609129177997396,4.21141362683411e-07
457.8125,0.99774096498154,0.945080515756097,0.798309487982488,0.00607013092478536,4.16946515675665e-07
458.125,0.997739426402762,0.945044117330848,0.798186883503556,0.0060490435813917,4.12793452123493e-07
458.4375,0.997737887826357,0.945007720307434,0.798064297854237,0.00602802949441655,4.08681755835994e-07
458.75,0.997736349252325,0.944971324685798,0.797941731031638,0.00600708840937063,4.04611014767803e-07
459.0625,0.997734810680665,0.944934930465888,0.797819183032869,0.00598622007264873,4.005808209778e-07
459.375,0.997733272111378,0.944898537647648,0.797696653855038,0.00596542423152667,3.96590770588229e-07
459.6875,0.997731733544463,0.944862146231027,0.797574143495254,0.00594470063415822,3.92640463744224e-07
460,0.997730194979921,0.944825756215969,0.797451651950628,0.00592404902957205,3.88729504573739e-07
460.3125,0.997728656417751,0.94478936760242,0.79732917921827,0.00590346916766868,3.84857501147872e-07
460.625,0.997727117857954,0.944752980390326,0.797206725295291,0.00588296079921749,3.810240654416e-07
460.9375,0.99772557930053,0.944716594579634,0.797084290178801,0.00586252367585365,3.77228813294879e-07
461.25,0.997724040745478,0.94468021017029,0.796961873865914,0.00584215755007515,3.73471364374158e-07
461.5625,0.997722502192799,0.944643827162239,0.79683947635374,0.00582186217523978,3.69751342134259e-07
461.875,0.997720963642492,0.944607445555428,0.796717097639393,0.00580163730556217,3.66068373780642e-07
462.1875,0.997719425094557,0.944571065349802,0.796594737719985,0.00578148269611079,3.62422090232049e-07
462.5,0.997717886548996,0.944534686545308,0.79647239659263,0.00576139810280497,3.58812126083516e-07
462.8125,0.997716348005806,0.944498309141891,0.796350074254442,0.005741383282412,3.55238119569756e-07
463.125,0.99771480946499,0.944461933139499,0.796227770702536,0.00572143799254412,3.516997125289e-07
463.4375,0.997713270926545,0.944425558538076,0.796105485934025,0.00570156199165564,3.48196550366611e-07
463.75,0.997711732390474,0.944389185337568,0.795983219946025,0.00568175503903995,3.44728282020548e-07
464.0625,0.997710193856775,0.944352813537923,0.795860972735653,0.00566201689482667,3.41294559925179e-07
464.375,0.997708655325448,0.944316443139085,0.795738744300023,0.00564234731997873,3.3789503997696e-07
464.6875,0.997707116796494,0.944280074141002,0.795616534636253,0.00562274607628943,3.34529381499844e-07
465,0.997705578269913,0.944243706543618,0.79549434374146,0.00560321292637962,3.31197247211143e-07
465.3125,0.997704039745703,0.944207340346881,0.795372171612761,0.00558374763369476,3.27898303187727e-07
465.625,0.997702501223867,0.944170975550735,0.795250018247274,0.00556434996250213,3.24632218832565e-07
465.9375,0.997700962704403,0.944134612155128,0.795127883642117,0.0055450196778879,3.21398666841587e-07
466.25,0.997699424187311,0.944098250160004,0.79500576779441,0.00552575654575433,3.18197323170892e-07
466.5625,0.997697885672592,0.944061889565312,0.794883670701271,0.00550656033281694,3.15027867004271e-07
466.875,0.997696347160245,0.944025530370995,0.794761592359819,0.00548743080660164,3.11889980721054e-07
467.1875,0.997694808650271,0.943989172577001,0.794639532767177,0.00546836773544197,3.08783349864285e-07
467.5,0.99769327014267,0.943952816183275,0.794517491920462,0.00544937088847625,3.05707663109209e-07
467.8125,0.99769173163744,0.943916461189764,0.794395469816798,0.00543044003564481,3.02662612232069e-07
468.125,0.997690193134584,0.943880107596413,0.794273466453304,0.0054115749476872,2.99647892079224e-07
468.4375,0.9976886546341,0.943843755403169,0.794151481827104,0.0053927753961394,2.96663200536563e-07
468.75,0.997687116135987,0.943807404609978,0.794029515935319,0.00537404115333108,2.93708238499232e-07
469.0625,0.997685577640248,0.943771055216786,0.793907568775072,0.0053553719923828,2.90782709841661e-07
469.375,0.997684039146881,0.943734707223539,0.793785640343487,0.00533676768720332,2.87886321387885e-07
469.6875,0.997682500655887,0.943698360630182,0.793663730637686,0.0053182280124868,2.85018782882167e-07
470,0.997680962167265,0.943662015436663,0.793541839654795,0.00529975274371011,2.82179806959909e-07
470.3125,0.997679423681015,0.943625671642927,0.793419967391937,0.00528134165713013,2.79369109118857e-07
470.625,0.997677885197138,0.94358932924892,0.793298113846238,0.00526299452978097,2.76586407690584e-07
470.9375,0.997676346715634,0.943552988254589,0.793176279014822,0.00524471113947134,2.73831423812269e-07
471.25,0.997674808236502,0.943516648659879,0.793054462894817,0.00522649126478182,2.71103881398751e-07
471.5625,0.997673269759742,0.943480310464737,0.792932665483348,0.0052083346850622,2.68403507114858e-07
471.875,0.997671731285354,0.943443973669108,0.792810886777541,0.00519024118042879,2.65730030348018e-07
472.1875,0.997670192813339,0.943407638272939,0.792689126774525,0.00517221053176178,2.6308318318114e-07
472.5,0.997668654343697,0.943371304276176,0.792567385471426,0.00515424252070255,2.60462700365764e-07
472.8125,0.997667115876427,0.943334971678764,0.792445662865374,0.00513633692965105,2.57868319295481e-07
473.125,0.997665577411529,0.943298640480651,0.792323958953495,0.00511849354176319,2.55299779979616e-07
473.4375,0.997664038949004,0.943262310681782,0.79220227373292,0.00510071214094815,2.52756825017173e-07
473.75,0.997662500488851,0.943225982282103,0.792080607200777,0.00508299251186583,2.5023919957104e-07
474.0625,0.997660962031071,0.943189655281561,0.791958959354197,0.00506533443992418,2.47746651342453e-07
474.375,0.997659423575662,0.943153329680101,0.791837330190309,0.00504773771127665,2.45278930545709e-07
474.6875,0.997657885122627,0.94311700547767,0.791715719706245,0.0050302021128196,2.42835789883137e-07
475,0.997656346671964,0.943080682674214,0.791594127899135,0.00501272743218966,2.40416984520314e-07
475.3125,0.997654808223673,0.943044361269678,0.791472554766112,0.00499531345776124,2.38022272061531e-07
475.625,0.997653269777754,0.943008041264009,0.791351000304306,0.00497795997864391,2.35651412525502e-07
475.9375,0.997651731334208,0.942971722657154,0.791229464510852,0.00496066678467985,2.33304168321311e-07
476.25,0.997650192893034,0.942935405449058,0.791107947382881,0.00494343366644135,2.30980304224606e-07
476.5625,0.997648654454233,0.942899089639667,0.790986448917526,0.00492626041522821,2.28679587354026e-07
476.875,0.997647116017804,0.942862775228927,0.790864969111923,0.00490914682306526,2.26401787147861e-07
477.1875,0.997645577583747,0.942826462216785,0.790743507963204,0.00489209268269982,2.2414667534095e-07
477.5,0.997644039152063,0.942790150603187,0.790622065468506,0.00487509778759922,2.21914025941805e-07
477.8125,0.997642500722751,0.942753840388079,0.790500641624961,0.00485816193194823,2.19703615209961e-07
478.125,0.997640962295811,0.942717531571407,0.790379236429708,0.00484128491064665,2.17515221633557e-07
478.4375,0.997639423871244,0.942681224153117,0.79025784987988,0.00482446651930678,2.15348625907136e-07
478.75,0.997637885449049,0.942644918133155,0.790136481972615,0.00480770655425094,2.1320361090967e-07
479.0625,0.997636347029227,0.942608613511468,0.79001513270505,0.00479100481250902,2.11079961682802e-07
479.375,0.997634808611777,0.942572310288002,0.789893802074321,0.00477436109181602,2.08977465409297e-07
479.6875,0.997633270196699,0.942536008462702,0.789772490077567,0.00475777519060962,2.06895911391727e-07
480,0.997631731783993,0.942499708035515,0.789651196711926,0.00474124690802768,2.04835091031346e-07
480.3125,0.99763019337366,0.942463409006387,0.789529921974537,0.00472477604390588,2.02794797807192e-07
480.625,0.997628654965699,0.942427111375265,0.789408665862538,0.00470836239877524,2.00774827255385e-07
480.9375,0.99762711656011,0.942390815142094,0.789287428373069,0.00469200577385973,1.98774976948646e-07
481.25,0.997625578156894,0.94235452030682,0.78916620950327,0.00467570597107387,1.96795046476001e-07
481.5625,0.99762403975605,0.94231822686939,0.789045009250282,0.0046594627930203,1.94834837422706e-07
481.875,0.997622501357579,0.94228193482975,0.788923827611245,0.00464327604298741,1.92894153350356e-07
482.1875,0.997620962961479,0.942245644187846,0.7888026645833,0.00462714552494699,1.90972799777205e-07
482.5,0.997619424567753,0.942209354943624,0.788681520163589,0.00461107104355177,1.89070584158672e-07
482.8125,0.997617886176398,0.942173067097031,0.788560394349255,0.00459505240413316,1.87187315868051e-07
483.125,0.997616347787415,0.942136780648012,0.788439287137439,0.0045790894126988,1.853228061774e-07
483.4375,0.997614809400805,0.942100495596513,0.788318198525286,0.00456318187593027,1.83476868238635e-07
483.75,0.997613271016567,0.942064211942482,0.788197128509938,0.00454732960118072,1.81649317064802e-07
484.0625,0.997611732634702,0.942027929685864,0.788076077088539,0.00453153239647255,1.79839969511541e-07
484.375,0.997610194255208,0.941991648826605,0.787955044258234,0.00451579007049508,1.78048644258728e-07
484.6875,0.997608655878087,0.941955369364651,0.787834030016167,0.00450010243260224,1.76275161792311e-07
485,0.997607117503339,0.941919091299949,0.787713034359484,0.00448446929281024,1.74519344386315e-07
485.3125,0.997605579130962,0.941882814632445,0.787592057285331,0.0044688904617953,1.72781016085033e-07
485.625,0.997604040760958,0.941846539362085,0.787471098790852,0.00445336575089134,1.71060002685396e-07
485.9375,0.997602502393326,0.941810265488815,0.787350158873196,0.00443789497208768,1.6935613171951e-07
486.25,0.997600964028067,0.941773993012582,0.787229237529508,0.0044224779380268,1.67669232437377e-07
486.5625,0.997599425665179,0.941737721933331,0.787108334756937,0.00440711446200205,1.65999135789782e-07
486.875,0.997597887304664,0.941701452251008,0.78698745055263,0.00439180435795538,1.64345674411352e-07
487.1875,0.997596348946521,0.941665183965561,0.786866584913735,0.0043765474404751,1.62708682603785e-07
487.5,0.997594810590751,0.941628917076935,0.786745737837401,0.00436134352479363,1.61087996319242e-07
487.8125,0.997593272237352,0.941592651585077,0.786624909320778,0.00434619242678527,1.5948345314391e-07
488.125,0.997591733886326,0.941556387489932,0.786504099361015,0.00433109396296396,1.57894892281725e-07
488.4375,0.997590195537672,0.941520124791446,0.786383307955261,0.00431604795048105,1.56322154538261e-07
488.75,0.99758865719139,0.941483863489567,0.786262535100668,0.00430105420712312,1.54765082304769e-07
489.0625,0.997587118847481,0.94144760358424,0.786141780794386,0.00428611255130973,1.53223519542391e-07
489.375,0.997585580505943,0.941411345075411,0.786021045033567,0.00427122280209127,1.51697311766519e-07
489.6875,0.997584042166778,0.941375087963027,0.785900327815363,0.0042563847791467,1.50186306031313e-07
490,0.997582503829985,0.941338832247034,0.785779629136925,0.00424159830278143,1.48690350914376e-07
490.3125,0.997580965495565,0.941302577927378,0.785658948995406,0.00422686319392514,1.47209296501578e-07
490.625,0.997579427163517,0.941266325004005,0.78553828738796,0.00421217927412955,1.45742994372034e-07
490.9375,0.99757788883384,0.941230073476862,0.78541764431174,0.00419754636556632,1.44291297583226e-07
491.25,0.997576350506536,0.941193823345895,0.785297019763899,0.00418296429102488,1.42854060656285e-07
491.5625,0.997574812181604,0.941157574611049,0.785176413741593,0.0041684328739103,1.41431139561406e-07
491.875,0.997573273859045,0.941121327272272,0.785055826241976,0.00415395193824108,1.40022391703415e-07
492.1875,0.997571735538857,0.941085081329509,0.784935257262204,0.00413952130864712,1.38627675907484e-07
492.5,0.997570197221042,0.941048836782707,0.784814706799432,0.00412514081036752,1.37246852404977e-07
492.8125,0.997568658905599,0.941012593631811,0.784694174850816,0.00411081026924851,1.35879782819445e-07
493.125,0.997567120592528,0.940976351876769,0.784573661413513,0.00409652951174132,1.34526330152765e-07
493.4375,0.997565582281829,0.940940111517527,0.78445316648468,0.00408229836490005,1.33186358771401e-07
493.75,0.997564043973503,0.94090387255403,0.784332690061475,0.00406811665637965,1.31859734392819e-07
494.0625,0.997562505667548,0.940867634986225,0.784212232141055,0.00405398421443375,1.30546324072029e-07
494.375,0.997560967363966,0.940831398814058,0.784091792720578,0.00403990086791265,1.2924599618826e-07
494.6875,0.997559429062756,0.940795164037475,0.783971371797204,0.00402586644626119,1.2795862043177e-07
495,0.997557890763918,0.940758930656423,0.783850969368092,0.00401188077951673,1.26684067790792e-07
495.3125,0.997556352467453,0.940722698670848,0.783730585430401,0.00399794369830705,1.25422210538596e-07
495.625,0.997554814173359,0.940686468080695,0.783610219981291,0.00398405503384836,1.24172922220701e-07
495.9375,0.997553275881637,0.940650238885913,0.783489873017923,0.00397021461794317,1.22936077642193e-07
496.25,0.997551737592288,0.940614011086446,0.783369544537459,0.00395642228297833,1.21711552855182e-07
496.5625,0.997550199305311,0.940577784682241,0.783249234537058,0.00394267786192296,1.20499225146382e-07
496.875,0.997548661020706,0.940541559673244,0.783128943013884,0.00392898118832644,1.19298973024814e-07
497.1875,0.997547122738473,0.940505336059402,0.783008669965098,0.00391533209631639,1.18110676209626e-07
497.5,0.997545584458612,0.94046911384066,0.782888415387863,0.00390173042059666,1.16934215618047e-07
497.8125,0.997544046181124,0.940432893016965,0.782768179279342,0.00388817599644534,1.15769473353447e-07
498.125,0.997542507906007,0.940396673588264,0.782647961636699,0.00387466865971275,1.14616332693526e-07
498.4375,0.997540969633263,0.940360455554502,0.782527762457098,0.00386120824681945,1.13474678078613e-07
498.75,0.99753943136289,0.940324238915626,0.782407581737703,0.00384779459475428,1.1234439510009e-07
499.0625,0.99753789309489,0.940288023671581,0.782287419475679,0.00383442754107237,1.11225370488924e-07
499.375,0.997536354829262,0.940251809822316,0.782167275668191,0.00382110692389317,1.10117492104316e-07
499.6875,0.997534816566006,0.940215597367775,0.782047150312406,0.00380783258189851,1.09020648922467e-07
500,0.997533278305122,0.940179386307904,0.781927043405489,0.0037946043543306,1.07934731025442e-07
