map,x,y,final_Bell_fidelity,final_concurrence,final_atomic_population,max_norm_error
loading,-0.1,-0.1,0.971509811277477,0.971500111610513,0.971519510944442,2.16840989608613e-11
loading,-0.1,-0.0916666666666667,0.971509811277485,0.97150011161052,0.971519510944449,2.16822115817195e-11
loading,-0.1,-0.0833333333333333,0.971509811277476,0.971500111610512,0.971519510944441,2.16833218047441e-11
loading,-0.1,-0.075,0.971509811277478,0.971500111610514,0.971519510944443,2.16822115817195e-11
loading,-0.1,-0.0666666666666667,0.971509811277478,0.971500111610514,0.971519510944443,2.16837658939539e-11
loading,-0.1,-0.0583333333333333,0.97150981127748,0.971500111610516,0.971519510944445,2.16804352248801e-11
loading,-0.1,-0.05,0.971509811277478,0.971500111610514,0.971519510944443,2.16833218047441e-11
loading,-0.1,-0.0416666666666667,0.971509811277482,0.971500111610517,0.971519510944446,2.16838769162564e-11
loading,-0.1,-0.0333333333333333,0.971509811277474,0.97150011161051,0.971519510944439,2.16819895371145e-11
loading,-0.1,-0.025,0.97150981127748,0.971500111610515,0.971519510944444,2.16824336263244e-11
loading,-0.1,-0.0166666666666667,0.971509811277473,0.971500111610509,0.971519510944438,2.16847650946761e-11
loading,-0.1,-0.00833333333333333,0.971509811277479,0.971500111610515,0.971519510944444,2.16815454479047e-11
loading,-0.1,0,0.971509811277481,0.971500111610516,0.971519510944446,2.16829887378367e-11
loading,-0.1,0.00833333333333333,0.971509811277477,0.971500111610513,0.971519510944442,2.1683543849349e-11
loading,-0.1,0.0166666666666667,0.971509811277475,0.971500111610511,0.97151951094444,2.16830997601392e-11
loading,-0.1,0.025,0.971509811277481,0.971500111610516,0.971519510944445,2.16814344256022e-11
loading,-0.1,0.0333333333333333,0.971509811277474,0.971500111610509,0.971519510944439,2.16829887378367e-11
loading,-0.1,0.0416666666666667,0.971509811277482,0.971500111610517,0.971519510944447,2.16833218047441e-11
loading,-0.1,0.05,0.971509811277478,0.971500111610514,0.971519510944443,2.16830997601392e-11
loading,-0.1,0.0583333333333333,0.971509811277478,0.971500111610513,0.971519510944443,2.16836548716515e-11
loading,-0.1,0.0666666666666667,0.971509811277479,0.971500111610514,0.971519510944443,2.16826556709293e-11
loading,-0.1,0.075,0.971509811277479,0.971500111610514,0.971519510944443,2.16826556709293e-11
loading,-0.1,0.0833333333333333,0.971509811277475,0.971500111610511,0.97151951094444,2.16837658939539e-11
loading,-0.1,0.0916666666666667,0.971509811277483,0.971500111610519,0.971519510944448,2.16834328270465e-11
loading,-0.1,0.1,0.971509811277479,0.971500111610514,0.971519510944444,2.16828777155342e-11
loading,-0.0916666666666667,-0.1,0.975375432151206,0.975365693889409,0.975385170413003,2.16768825112013e-11
loading,-0.0916666666666667,-0.0916666666666667,0.975375432151197,0.9753656938894,0.975385170412994,2.16785478457382e-11
loading,-0.0916666666666667,-0.0833333333333333,0.9753754321512,0.975365693889403,0.975385170412998,2.16787698903431e-11
loading,-0.0916666666666667,-0.075,0.975375432151203,0.975365693889406,0.975385170413,2.16756612658742e-11
loading,-0.0916666666666667,-0.0666666666666667,0.975375432151201,0.975365693889404,0.975385170412998,2.16779927342259e-11
loading,-0.0916666666666667,-0.0583333333333333,0.975375432151201,0.975365693889403,0.975385170412998,2.16766604665963e-11
loading,-0.0916666666666667,-0.05,0.975375432151201,0.975365693889404,0.975385170412998,2.16763273996889e-11
loading,-0.0916666666666667,-0.0416666666666667,0.975375432151198,0.975365693889401,0.975385170412996,2.16799911356702e-11
loading,-0.0916666666666667,-0.0333333333333333,0.9753754321512,0.975365693889403,0.975385170412997,2.16769935335037e-11
loading,-0.0916666666666667,-0.025,0.975375432151197,0.9753656938894,0.975385170412994,2.16782147788308e-11
loading,-0.0916666666666667,-0.0166666666666667,0.975375432151203,0.975365693889405,0.975385170413,2.16757722881766e-11
loading,-0.0916666666666667,-0.00833333333333333,0.975375432151202,0.975365693889405,0.975385170412999,2.16781037565283e-11
loading,-0.0916666666666667,0,0.9753754321512,0.975365693889403,0.975385170412997,2.16771045558062e-11
loading,-0.0916666666666667,0.00833333333333333,0.975375432151201,0.975365693889404,0.975385170412998,2.1678991934948e-11
loading,-0.0916666666666667,0.0166666666666667,0.9753754321512,0.975365693889403,0.975385170412997,2.16776596673185e-11
loading,-0.0916666666666667,0.025,0.975375432151195,0.975365693889398,0.975385170412993,2.1680657269485e-11
loading,-0.0916666666666667,0.0333333333333333,0.975375432151196,0.975365693889399,0.975385170412994,2.16808793140899e-11
loading,-0.0916666666666667,0.0416666666666667,0.975375432151197,0.9753656938894,0.975385170412995,2.16803242025776e-11
loading,-0.0916666666666667,0.05,0.975375432151198,0.975365693889401,0.975385170412996,2.16791029572505e-11
loading,-0.0916666666666667,0.0583333333333333,0.975375432151198,0.975365693889401,0.975385170412996,2.16786588680407e-11
loading,-0.0916666666666667,0.0666666666666667,0.975375432151201,0.975365693889404,0.975385170412999,2.16781037565283e-11
loading,-0.0916666666666667,0.075,0.9753754321512,0.975365693889402,0.975385170412997,2.16778817119234e-11
loading,-0.0916666666666667,0.0833333333333333,0.975375432151202,0.975365693889405,0.975385170412999,2.16778817119234e-11
loading,-0.0916666666666667,0.0916666666666667,0.975375432151196,0.975365693889399,0.975385170412994,2.16791029572505e-11
loading,-0.0916666666666667,0.1,0.97537543215131,0.975365693889513,0.975385170413107,2.16798801133677e-11
loading,-0.0833333333333333,-0.1,0.978913842491744,0.978904068902025,0.978923616081462,2.16734408198249e-11
loading,-0.0833333333333333,-0.0916666666666667,0.978913842491739,0.97890406890202,0.978923616081457,2.16759943327816e-11
loading,-0.0833333333333333,-0.0833333333333333,0.978913842491748,0.978904068902029,0.978923616081466,2.16743289982446e-11
loading,-0.0833333333333333,-0.075,0.978913842491746,0.978904068902027,0.978923616081465,2.16752171766643e-11
loading,-0.0833333333333333,-0.0666666666666667,0.978913842491744,0.978904068902025,0.978923616081463,2.16748841097569e-11
loading,-0.0833333333333333,-0.0583333333333333,0.978913842491744,0.978904068902025,0.978923616081462,2.16769935335037e-11
loading,-0.0833333333333333,-0.05,0.978913842491741,0.978904068902023,0.97892361608146,2.16756612658742e-11
loading,-0.0833333333333333,-0.0416666666666667,0.978913842491744,0.978904068902025,0.978923616081462,2.16771045558062e-11
loading,-0.0833333333333333,-0.0333333333333333,0.978913842491743,0.978904068902024,0.978923616081461,2.16737738867323e-11
loading,-0.0833333333333333,-0.025,0.978913842491744,0.978904068902025,0.978923616081462,2.16751061543619e-11
loading,-0.0833333333333333,-0.0166666666666667,0.978913842491742,0.978904068902023,0.97892361608146,2.16752171766643e-11
loading,-0.0833333333333333,-0.00833333333333333,0.978913842491739,0.978904068902021,0.978923616081458,2.16753281989668e-11
loading,-0.0833333333333333,0,0.978913842491747,0.978904068902028,0.978923616081465,2.16748841097569e-11
loading,-0.0833333333333333,0.00833333333333333,0.978913842491739,0.978904068902021,0.978923616081458,2.16755502435717e-11
loading,-0.0833333333333333,0.0166666666666667,0.978913842491741,0.978904068902023,0.97892361608146,2.16755502435717e-11
loading,-0.0833333333333333,0.025,0.978913842491742,0.978904068902024,0.978923616081461,2.1676105355084e-11
loading,-0.0833333333333333,0.0333333333333333,0.978913842491742,0.978904068902023,0.978923616081461,2.16738849090348e-11
loading,-0.0833333333333333,0.0416666666666667,0.978913842491747,0.978904068902028,0.978923616081465,2.16739959313372e-11
loading,-0.0833333333333333,0.05,0.978913842491743,0.978904068902024,0.978923616081461,2.16739959313372e-11
loading,-0.0833333333333333,0.0583333333333333,0.978913842491746,0.978904068902027,0.978923616081465,2.16744400205471e-11
loading,-0.0833333333333333,0.0666666666666667,0.978913842491743,0.978904068902024,0.978923616081461,2.16766604665963e-11
loading,-0.0833333333333333,0.075,0.978913842491748,0.978904068902029,0.978923616081466,2.16734408198249e-11
loading,-0.0833333333333333,0.0833333333333333,0.978913842491749,0.97890406890203,0.978923616081467,2.16739959313372e-11
loading,-0.0833333333333333,0.0916666666666667,0.97891384249174,0.978904068902022,0.978923616081459,2.16743289982446e-11
loading,-0.0833333333333333,0.1,0.978913842491744,0.978904068902025,0.978923616081462,2.16735518421274e-11
loading,-0.075,-0.1,0.982122617184972,0.982112811558458,0.982132422811486,2.16680007270043e-11
loading,-0.075,-0.0916666666666667,0.982122617184966,0.982112811558451,0.98213242281148,2.16711093514732e-11
loading,-0.075,-0.0833333333333333,0.982122617184963,0.982112811558449,0.982132422811478,2.16721085521954e-11
loading,-0.075,-0.075,0.98212261718497,0.982112811558455,0.982132422811484,2.16691109500289e-11
loading,-0.075,-0.0666666666666667,0.982122617184967,0.982112811558453,0.982132422811481,2.16682227716092e-11
loading,-0.075,-0.0583333333333333,0.982122617184971,0.982112811558456,0.982132422811485,2.16692219723313e-11
loading,-0.075,-0.05,0.982122617184963,0.982112811558449,0.982132422811477,2.16711093514732e-11
loading,-0.075,-0.0416666666666667,0.982122617184963,0.982112811558448,0.982132422811477,2.1670332195356e-11
loading,-0.075,-0.0333333333333333,0.982122617184965,0.982112811558451,0.982132422811479,2.16711093514732e-11
loading,-0.075,-0.025,0.982122617184967,0.982112811558453,0.982132422811481,2.16711093514732e-11
loading,-0.075,-0.0166666666666667,0.982122617184963,0.982112811558449,0.982132422811478,2.16707762845658e-11
loading,-0.075,-0.00833333333333333,0.982122617184964,0.98211281155845,0.982132422811478,2.16711093514732e-11
loading,-0.075,0,0.982122617184967,0.982112811558453,0.982132422811481,2.16682227716092e-11
loading,-0.075,0.00833333333333333,0.982122617184964,0.98211281155845,0.982132422811479,2.16696660615412e-11
loading,-0.075,0.0166666666666667,0.982122617184964,0.98211281155845,0.982132422811478,2.16706652622634e-11
loading,-0.075,0.025,0.982122617184968,0.982112811558454,0.982132422811482,2.16705542399609e-11
loading,-0.075,0.0333333333333333,0.982122617184966,0.982112811558451,0.98213242281148,2.16704432176584e-11
loading,-0.075,0.0416666666666667,0.982122617184961,0.982112811558447,0.982132422811476,2.16709983291707e-11
loading,-0.075,0.05,0.982122617184963,0.982112811558449,0.982132422811477,2.16706652622634e-11
loading,-0.075,0.0583333333333333,0.98212261718497,0.982112811558456,0.982132422811484,2.16691109500289e-11
loading,-0.075,0.0666666666666667,0.982122617184965,0.982112811558451,0.98213242281148,2.16693329946338e-11
loading,-0.075,0.075,0.98212261718497,0.982112811558455,0.982132422811484,2.16693329946338e-11
loading,-0.075,0.0833333333333333,0.982122617184965,0.982112811558451,0.98213242281148,2.1670332195356e-11
loading,-0.075,0.0916666666666667,0.982122617184965,0.982112811558451,0.982132422811479,2.16713313960781e-11
loading,-0.075,0.1,0.982122617184969,0.982112811558454,0.982132422811483,2.16716644629855e-11
loading,-0.0666666666666667,-0.1,0.984999557247796,0.984989722897566,0.985009391598027,2.16625606341836e-11
loading,-0.0666666666666667,-0.0916666666666667,0.984999557247797,0.984989722897566,0.985009391598028,2.1661450411159e-11
loading,-0.0666666666666667,-0.0833333333333333,0.984999557247796,0.984989722897565,0.985009391598027,2.1661450411159e-11
loading,-0.0666666666666667,-0.075,0.9849995572478,0.984989722897569,0.985009391598031,2.16618945003688e-11
loading,-0.0666666666666667,-0.0666666666666667,0.984999557247792,0.984989722897561,0.985009391598023,2.16638929018131e-11
loading,-0.0666666666666667,-0.0583333333333333,0.984999557247801,0.98498972289757,0.985009391598032,2.16620055226713e-11
loading,-0.0666666666666667,-0.05,0.984999557247799,0.984989722897568,0.98500939159803,2.1661228366554e-11
loading,-0.0666666666666667,-0.0416666666666667,0.984999557247798,0.984989722897567,0.985009391598029,2.16616724557639e-11
loading,-0.0666666666666667,-0.0333333333333333,0.984999557247794,0.984989722897563,0.985009391598025,2.16631157456959e-11
loading,-0.0666666666666667,-0.025,0.9849995572478,0.984989722897569,0.985009391598031,2.16610063219491e-11
loading,-0.0666666666666667,-0.0166666666666667,0.984999557247807,0.984989722897576,0.985009391598037,2.16623385895787e-11
loading,-0.0666666666666667,-0.00833333333333333,0.984999557247794,0.984989722897563,0.985009391598025,2.16636708572082e-11
loading,-0.0666666666666667,0,0.984999557247801,0.98498972289757,0.985009391598032,2.16616724557639e-11
loading,-0.0666666666666667,0.00833333333333333,0.984999557247795,0.984989722897564,0.985009391598026,2.16633377903008e-11
loading,-0.0666666666666667,0.0166666666666667,0.984999557247805,0.984989722897574,0.985009391598036,2.16638929018131e-11
loading,-0.0666666666666667,0.025,0.984999557247798,0.984989722897567,0.985009391598029,2.16638929018131e-11
loading,-0.0666666666666667,0.0333333333333333,0.984999557247794,0.984989722897563,0.985009391598025,2.16625606341836e-11
loading,-0.0666666666666667,0.0416666666666667,0.984999557247797,0.984989722897566,0.985009391598028,2.16624496118811e-11
loading,-0.0666666666666667,0.05,0.984999557247799,0.984989722897568,0.98500939159803,2.16624496118811e-11
loading,-0.0666666666666667,0.0583333333333333,0.984999557247801,0.98498972289757,0.985009391598032,2.16627826787885e-11
loading,-0.0666666666666667,0.0666666666666667,0.984999557247794,0.984989722897563,0.985009391598025,2.16617834780664e-11
loading,-0.0666666666666667,0.075,0.984999557247798,0.984989722897568,0.985009391598029,2.16625606341836e-11
loading,-0.0666666666666667,0.0833333333333333,0.984999557247796,0.984989722897565,0.985009391598027,2.16617834780664e-11
loading,-0.0666666666666667,0.0916666666666667,0.984999557247796,0.984989722897565,0.985009391598027,2.16626716564861e-11
loading,-0.0666666666666667,0.1,0.984999557247797,0.984989722897566,0.985009391598028,2.16625606341836e-11
loading,-0.0583333333333333,-0.1,0.987542690016791,0.987532830275645,0.987552549757937,2.31271668482691e-11
loading,-0.0583333333333333,-0.0916666666666667,0.987542690016796,0.98753283027565,0.987552549757942,2.3127388892874e-11
loading,-0.0583333333333333,-0.0833333333333333,0.987542690016795,0.987532830275648,0.98755254975794,2.31291652497134e-11
loading,-0.0583333333333333,-0.075,0.987542690016796,0.98753283027565,0.987552549757942,2.31261676475469e-11
loading,-0.0583333333333333,-0.0666666666666667,0.987542690016796,0.98753283027565,0.987552549757942,2.31284991158986e-11
loading,-0.0583333333333333,-0.0583333333333333,0.987542690016794,0.987532830275648,0.98755254975794,2.31286101382011e-11
loading,-0.0583333333333333,-0.05,0.987542690016789,0.987532830275643,0.987552549757935,2.31281660489913e-11
loading,-0.0583333333333333,-0.0416666666666667,0.987542690016788,0.987532830275642,0.987552549757934,2.3130275472738e-11
loading,-0.0583333333333333,-0.0333333333333333,0.987542690016792,0.987532830275646,0.987552549757938,2.31287211605036e-11
loading,-0.0583333333333333,-0.025,0.987542690016793,0.987532830275647,0.987552549757939,2.3125945602942e-11
loading,-0.0583333333333333,-0.0166666666666667,0.987542690016794,0.987532830275648,0.98755254975794,2.31263896921519e-11
loading,-0.0583333333333333,-0.00833333333333333,0.987542690016792,0.987532830275646,0.987552549757938,2.31296093389233e-11
loading,-0.0583333333333333,0,0.987542690016789,0.987532830275643,0.987552549757935,2.3127388892874e-11
loading,-0.0583333333333333,0.00833333333333333,0.987542690016796,0.98753283027565,0.987552549757942,2.31263896921519e-11
loading,-0.0583333333333333,0.0166666666666667,0.987542690016794,0.987532830275648,0.98755254975794,2.31261676475469e-11
loading,-0.0583333333333333,0.025,0.987542690016792,0.987532830275646,0.987552549757938,2.31269448036642e-11
loading,-0.0583333333333333,0.0333333333333333,0.987542690016795,0.987532830275649,0.987552549757941,2.31271668482691e-11
loading,-0.0583333333333333,0.0416666666666667,0.987542690016792,0.987532830275646,0.987552549757938,2.31269448036642e-11
loading,-0.0583333333333333,0.05,0.987542690016789,0.987532830275643,0.987552549757935,2.31278329820839e-11
loading,-0.0583333333333333,0.0583333333333333,0.987542690016793,0.987532830275647,0.987552549757939,2.31282770712937e-11
loading,-0.0583333333333333,0.0666666666666667,0.987542690016796,0.98753283027565,0.987552549757942,2.31286101382011e-11
loading,-0.0583333333333333,0.075,0.987542690016794,0.987532830275648,0.98755254975794,2.31272778705716e-11
loading,-0.0583333333333333,0.0833333333333333,0.987542690016794,0.987532830275648,0.98755254975794,2.3128832182806e-11
loading,-0.0583333333333333,0.0916666666666667,0.987542690016797,0.987532830275651,0.987552549757943,2.31266117367568e-11
loading,-0.0583333333333333,0.1,0.987542690016789,0.987532830275643,0.987552549757935,2.31287211605036e-11
loading,-0.05,-0.1,0.989750269388777,0.989740387607064,0.989760151170489,2.31672458994581e-11
loading,-0.05,-0.0916666666666667,0.989750269388784,0.989740387607072,0.989760151170497,2.31640262526867e-11
loading,-0.05,-0.0833333333333333,0.989750269388782,0.989740387607069,0.989760151170495,2.31625829627546e-11
loading,-0.05,-0.075,0.989750269388781,0.989740387607069,0.989760151170494,2.31635821634768e-11
loading,-0.05,-0.0666666666666667,0.98975026938878,0.989740387607068,0.989760151170493,2.31635821634768e-11
loading,-0.05,-0.0583333333333333,0.989750269388784,0.989740387607071,0.989760151170496,2.31622498958473e-11
loading,-0.05,-0.05,0.989750269388784,0.989740387607072,0.989760151170497,2.31636931857793e-11
loading,-0.05,-0.0416666666666667,0.989750269388785,0.989740387607072,0.989760151170497,2.3163138074267e-11
loading,-0.05,-0.0333333333333333,0.989750269388786,0.989740387607074,0.989760151170499,2.31616947843349e-11
loading,-0.05,-0.025,0.989750269388782,0.98974038760707,0.989760151170495,2.31622498958473e-11
loading,-0.05,-0.0166666666666667,0.989750269388783,0.989740387607071,0.989760151170496,2.31621388735448e-11
loading,-0.05,-0.00833333333333333,0.98975026938878,0.989740387607068,0.989760151170493,2.31635821634768e-11
loading,-0.05,0,0.989750269388783,0.98974038760707,0.989760151170495,2.3163138074267e-11
loading,-0.05,0.00833333333333333,0.98975026938878,0.989740387607067,0.989760151170492,2.31639152303842e-11
loading,-0.05,0.0166666666666667,0.989750269388783,0.98974038760707,0.989760151170495,2.3163138074267e-11
loading,-0.05,0.025,0.989750269388783,0.98974038760707,0.989760151170495,2.31621388735448e-11
loading,-0.05,0.0333333333333333,0.989750269388784,0.989740387607072,0.989760151170497,2.31630270519645e-11
loading,-0.05,0.0416666666666667,0.989750269388786,0.989740387607073,0.989760151170498,2.31620278512423e-11
loading,-0.05,0.05,0.989750269388785,0.989740387607073,0.989760151170498,2.31625829627546e-11
loading,-0.05,0.0583333333333333,0.989750269388784,0.989740387607071,0.989760151170496,2.31621388735448e-11
loading,-0.05,0.0666666666666667,0.989750269388782,0.989740387607069,0.989760151170494,2.31620278512423e-11
loading,-0.05,0.075,0.989750269388783,0.98974038760707,0.989760151170495,2.31615837620325e-11
loading,-0.05,0.0833333333333333,0.98975026938878,0.989740387607068,0.989760151170493,2.31638042080817e-11
loading,-0.05,0.0916666666666667,0.989750269388783,0.98974038760707,0.989760151170495,2.31648034088039e-11
loading,-0.05,0.1,0.989750269388777,0.989740387607065,0.98976015117049,2.31662466987359e-11
loading,-0.0416666666666667,-0.1,0.991620792827125,0.991610892369888,0.991630693284361,2.31580310483537e-11
loading,-0.0416666666666667,-0.0916666666666667,0.991620792827127,0.99161089236989,0.991630693284364,2.31563657138167e-11
loading,-0.0416666666666667,-0.0833333333333333,0.991620792827131,0.991610892369894,0.991630693284368,2.31566987807241e-11
loading,-0.0416666666666667,-0.075,0.99162079282713,0.991610892369893,0.991630693284367,2.31581420706561e-11
loading,-0.0416666666666667,-0.0666666666666667,0.991620792827131,0.991610892369895,0.991630693284368,2.31579200260512e-11
loading,-0.0416666666666667,-0.0583333333333333,0.991620792827129,0.991610892369893,0.991630693284366,2.31570318476315e-11
loading,-0.0416666666666667,-0.05,0.991620792827129,0.991610892369892,0.991630693284365,2.3155699580002e-11
loading,-0.0416666666666667,-0.0416666666666667,0.991620792827129,0.991610892369892,0.991630693284365,2.31583641152611e-11
loading,-0.0416666666666667,-0.0333333333333333,0.991620792827132,0.991610892369895,0.991630693284369,2.31579200260512e-11
loading,-0.0416666666666667,-0.025,0.991620792827127,0.99161089236989,0.991630693284364,2.31559216246069e-11
loading,-0.0416666666666667,-0.0166666666666667,0.991620792827123,0.991610892369886,0.99163069328436,2.31598074051931e-11
loading,-0.0416666666666667,-0.00833333333333333,0.991620792827125,0.991610892369888,0.991630693284362,2.31578090037488e-11
loading,-0.0416666666666667,0,0.99162079282713,0.991610892369893,0.991630693284367,2.31563657138167e-11
loading,-0.0416666666666667,0.00833333333333333,0.991620792827124,0.991610892369887,0.991630693284361,2.31584751375635e-11
loading,-0.0416666666666667,0.0166666666666667,0.991620792827123,0.991610892369886,0.99163069328436,2.31598074051931e-11
loading,-0.0416666666666667,0.025,0.991620792827124,0.991610892369887,0.991630693284361,2.3158586159866e-11
loading,-0.0416666666666667,0.0333333333333333,0.991620792827133,0.991610892369896,0.99163069328437,2.3157142869934e-11
loading,-0.0416666666666667,0.0416666666666667,0.991620792827129,0.991610892369892,0.991630693284366,2.31575869591438e-11
loading,-0.0416666666666667,0.05,0.991620792827128,0.991610892369891,0.991630693284365,2.31569208253291e-11
loading,-0.0416666666666667,0.0583333333333333,0.991620792827129,0.991610892369893,0.991630693284367,2.31570318476315e-11
loading,-0.0416666666666667,0.0666666666666667,0.991620792827132,0.991610892369895,0.991630693284369,2.31566987807241e-11
loading,-0.0416666666666667,0.075,0.991620792827129,0.991610892369892,0.991630693284366,2.31581420706561e-11
loading,-0.0416666666666667,0.0833333333333333,0.991620792827129,0.991610892369893,0.991630693284366,2.31576979814463e-11
loading,-0.0416666666666667,0.0916666666666667,0.991620792827126,0.991610892369889,0.991630693284363,2.31573649145389e-11
loading,-0.0416666666666667,0.1,0.991620792827123,0.991610892369886,0.99163069328436,2.31594743382857e-11
loading,-0.0333333333333333,-0.1,0.993152972373861,0.993143056619163,0.993162888128558,2.31509256209961e-11
loading,-0.0333333333333333,-0.0916666666666667,0.993152972373861,0.993143056619164,0.993162888128559,2.31510366432985e-11
loading,-0.0333333333333333,-0.0833333333333333,0.993152972373863,0.993143056619166,0.993162888128561,2.3149704375669e-11
loading,-0.0333333333333333,-0.075,0.99315297237386,0.993143056619163,0.993162888128558,2.31513697102059e-11
loading,-0.0333333333333333,-0.0666666666666667,0.993152972373869,0.993143056619172,0.993162888128567,2.31508145986936e-11
loading,-0.0333333333333333,-0.0583333333333333,0.993152972373864,0.993143056619166,0.993162888128561,2.31519248217182e-11
loading,-0.0333333333333333,-0.05,0.993152972373865,0.993143056619167,0.993162888128563,2.31522578886256e-11
loading,-0.0333333333333333,-0.0416666666666667,0.993152972373857,0.99314305661916,0.993162888128555,2.31545893569773e-11
loading,-0.0333333333333333,-0.0333333333333333,0.993152972373861,0.993143056619164,0.993162888128559,2.31504815317862e-11
loading,-0.0333333333333333,-0.025,0.993152972373861,0.993143056619164,0.993162888128559,2.31507035763912e-11
loading,-0.0333333333333333,-0.0166666666666667,0.993152972373862,0.993143056619164,0.993162888128559,2.31524799332306e-11
loading,-0.0333333333333333,-0.00833333333333333,0.993152972373856,0.993143056619158,0.993162888128553,2.3155699580002e-11
loading,-0.0333333333333333,0,0.993152972373861,0.993143056619164,0.993162888128559,2.31517027771133e-11
loading,-0.0333333333333333,0.00833333333333333,0.993152972373857,0.993143056619159,0.993162888128554,2.31548114015823e-11
loading,-0.0333333333333333,0.0166666666666667,0.993152972373862,0.993143056619165,0.99316288812856,2.31521468663232e-11
loading,-0.0333333333333333,0.025,0.993152972373862,0.993143056619165,0.99316288812856,2.31503705094838e-11
loading,-0.0333333333333333,0.0333333333333333,0.993152972373861,0.993143056619164,0.993162888128559,2.31503705094838e-11
loading,-0.0333333333333333,0.0416666666666667,0.993152972373859,0.993143056619161,0.993162888128556,2.31530350447429e-11
loading,-0.0333333333333333,0.05,0.993152972373866,0.993143056619169,0.993162888128563,2.31514807325084e-11
loading,-0.0333333333333333,0.0583333333333333,0.993152972373864,0.993143056619167,0.993162888128562,2.31509256209961e-11
loading,-0.0333333333333333,0.0666666666666667,0.993152972373869,0.993143056619171,0.993162888128566,2.31510366432985e-11
loading,-0.0333333333333333,0.075,0.993152972373862,0.993143056619164,0.993162888128559,2.31508145986936e-11
loading,-0.0333333333333333,0.0833333333333333,0.993152972373861,0.993143056619164,0.993162888128559,2.31507035763912e-11
loading,-0.0333333333333333,0.0916666666666667,0.993152972373862,0.993143056619164,0.993162888128559,2.3151147665601e-11
loading,-0.0333333333333333,0.1,0.993152972373858,0.99314305661916,0.993162888128555,2.31539232231626e-11
loading,-0.025,-0.1,0.994345758105597,0.994335830441975,0.99435568576922,2.31494823310641e-11
loading,-0.025,-0.0916666666666667,0.994345758105601,0.994335830441979,0.994355685769223,2.31462626842927e-11
loading,-0.025,-0.0833333333333333,0.994345758105608,0.994335830441986,0.99435568576923,2.31463737065951e-11
loading,-0.025,-0.075,0.994345758105602,0.99433583044198,0.994355685769225,2.31445973497557e-11
loading,-0.025,-0.0666666666666667,0.994345758105602,0.99433583044198,0.994355685769224,2.3145152461268e-11
loading,-0.025,-0.0583333333333333,0.994345758105605,0.994335830441983,0.994355685769227,2.31450414389656e-11
loading,-0.025,-0.05,0.994345758105608,0.994335830441985,0.994355685769229,2.31441532605459e-11
loading,-0.025,-0.0416666666666667,0.9943457581056,0.994335830441978,0.994355685769222,2.3146817795805e-11
loading,-0.025,-0.0333333333333333,0.994345758105603,0.994335830441981,0.994355685769225,2.31452634835705e-11
loading,-0.025,-0.025,0.9943457581056,0.994335830441978,0.994355685769222,2.31472618850148e-11
loading,-0.025,-0.0166666666666667,0.994345758105604,0.994335830441982,0.994355685769226,2.31439312159409e-11
loading,-0.025,-0.00833333333333333,0.994345758105606,0.994335830441984,0.994355685769228,2.3143709171336e-11
loading,-0.025,0,0.994345758105602,0.99433583044198,0.994355685769224,2.31448193943606e-11
loading,-0.025,0.00833333333333333,0.994345758105604,0.994335830441982,0.994355685769226,2.31448193943606e-11
loading,-0.025,0.0166666666666667,0.994345758105602,0.99433583044198,0.994355685769224,2.31450414389656e-11
loading,-0.025,0.025,0.994345758105602,0.994335830441981,0.994355685769225,2.31442642828483e-11
loading,-0.025,0.0333333333333333,0.994345758105603,0.994335830441981,0.994355685769225,2.31457075727803e-11
loading,-0.025,0.0416666666666667,0.994345758105602,0.994335830441979,0.994355685769224,2.31454855281754e-11
loading,-0.025,0.05,0.994345758105608,0.994335830441986,0.99435568576923,2.31425989483114e-11
loading,-0.025,0.0583333333333333,0.994345758105605,0.994335830441982,0.994355685769227,2.31462626842927e-11
loading,-0.025,0.0666666666666667,0.994345758105603,0.994335830441981,0.994355685769225,2.31435981490336e-11
loading,-0.025,0.075,0.9943457581056,0.994335830441978,0.994355685769222,2.31467067735025e-11
loading,-0.025,0.0833333333333333,0.994345758105611,0.994335830441989,0.994355685769233,2.31445973497557e-11
loading,-0.025,0.0916666666666667,0.9943457581056,0.994335830441977,0.994355685769222,2.31471508627124e-11
loading,-0.025,0.1,0.9943457581056,0.994335830441978,0.994355685769222,2.31465957512e-11
loading,-0.0166666666666667,-0.1,0.995198332074365,0.995188395898548,0.995208268250183,2.313937930154e-11
loading,-0.0166666666666667,-0.0916666666666667,0.995198332074362,0.995188395898544,0.995208268250179,2.31382690785153e-11
loading,-0.0166666666666667,-0.0833333333333333,0.995198332074359,0.995188395898541,0.995208268250177,2.31391572569351e-11
loading,-0.0166666666666667,-0.075,0.995198332074354,0.995188395898537,0.995208268250172,2.31434871267311e-11
loading,-0.0166666666666667,-0.0666666666666667,0.995198332074363,0.995188395898545,0.995208268250181,2.31380470339104e-11
loading,-0.0166666666666667,-0.0583333333333333,0.995198332074363,0.995188395898546,0.995208268250181,2.3137713967003e-11
loading,-0.0166666666666667,-0.05,0.99519833207436,0.995188395898543,0.995208268250178,2.31376029447006e-11
loading,-0.0166666666666667,-0.0416666666666667,0.995198332074363,0.995188395898545,0.99520826825018,2.31378249893055e-11
loading,-0.0166666666666667,-0.0333333333333333,0.995198332074363,0.995188395898545,0.995208268250181,2.31353824986513e-11
loading,-0.0166666666666667,-0.025,0.995198332074364,0.995188395898547,0.995208268250182,2.31364927216759e-11
loading,-0.0166666666666667,-0.0166666666666667,0.995198332074363,0.995188395898546,0.995208268250181,2.31373809000956e-11
loading,-0.0166666666666667,-0.00833333333333333,0.995198332074362,0.995188395898544,0.995208268250179,2.3136270677071e-11
loading,-0.0166666666666667,0,0.995198332074365,0.995188395898547,0.995208268250182,2.31387131677252e-11
loading,-0.0166666666666667,0.00833333333333333,0.995198332074361,0.995188395898544,0.995208268250179,2.31382690785153e-11
loading,-0.0166666666666667,0.0166666666666667,0.995198332074362,0.995188395898544,0.995208268250179,2.31382690785153e-11
loading,-0.0166666666666667,0.025,0.995198332074363,0.995188395898546,0.995208268250181,2.31373809000956e-11
loading,-0.0166666666666667,0.0333333333333333,0.995198332074362,0.995188395898544,0.995208268250179,2.31367147662809e-11
loading,-0.0166666666666667,0.0416666666666667,0.995198332074363,0.995188395898545,0.995208268250181,2.31380470339104e-11
loading,-0.0166666666666667,0.05,0.995198332074357,0.99518839589854,0.995208268250175,2.31407115691695e-11
loading,-0.0166666666666667,0.0583333333333333,0.995198332074363,0.995188395898545,0.99520826825018,2.31387131677252e-11
loading,-0.0166666666666667,0.0666666666666667,0.995198332074364,0.995188395898546,0.995208268250181,2.31378249893055e-11
loading,-0.0166666666666667,0.075,0.995198332074355,0.995188395898537,0.995208268250172,2.31433761044286e-11
loading,-0.0166666666666667,0.0833333333333333,0.995198332074359,0.995188395898541,0.995208268250176,2.31391572569351e-11
loading,-0.0166666666666667,0.0916666666666667,0.995198332074362,0.995188395898544,0.995208268250179,2.31376029447006e-11
loading,-0.0166666666666667,0.1,0.995198332074367,0.99518839589855,0.995208268250185,2.31369368108858e-11
loading,-0.00833333333333333,-0.1,0.995710110220154,0.9957001689347,0.995720051505608,2.31298313835282e-11
loading,-0.00833333333333333,-0.0916666666666667,0.995710110220158,0.995700168934704,0.995720051505612,2.31289432051085e-11
loading,-0.00833333333333333,-0.0833333333333333,0.995710110220157,0.995700168934703,0.995720051505611,2.31293872943183e-11
loading,-0.00833333333333333,-0.075,0.995710110220158,0.995700168934704,0.995720051505612,2.31300534281331e-11
loading,-0.00833333333333333,-0.0666666666666667,0.995710110220149,0.995700168934695,0.995720051505602,2.31356045432562e-11
loading,-0.00833333333333333,-0.0583333333333333,0.995710110220154,0.9957001689347,0.995720051505608,2.31298313835282e-11
loading,-0.00833333333333333,-0.05,0.995710110220157,0.995700168934703,0.995720051505611,2.31289432051085e-11
loading,-0.00833333333333333,-0.0416666666666667,0.995710110220154,0.995700168934699,0.995720051505607,2.31307195619479e-11
loading,-0.00833333333333333,-0.0333333333333333,0.995710110220153,0.995700168934699,0.995720051505607,2.31308305842504e-11
loading,-0.00833333333333333,-0.025,0.995710110220151,0.995700168934697,0.995720051505605,2.31328289856947e-11
loading,-0.00833333333333333,-0.0166666666666667,0.99571011022016,0.995700168934705,0.995720051505613,2.31280550266888e-11
loading,-0.00833333333333333,-0.00833333333333333,0.995710110220156,0.995700168934702,0.99572005150561,2.31289432051085e-11
loading,-0.00833333333333333,0,0.995710110220157,0.995700168934703,0.995720051505611,2.31269448036642e-11
loading,-0.00833333333333333,0.00833333333333333,0.995710110220157,0.995700168934703,0.995720051505611,2.31280550266888e-11
loading,-0.00833333333333333,0.0166666666666667,0.995710110220159,0.995700168934705,0.995720051505613,2.31289432051085e-11
loading,-0.00833333333333333,0.025,0.995710110220151,0.995700168934697,0.995720051505605,2.31331620526021e-11
loading,-0.00833333333333333,0.0333333333333333,0.995710110220151,0.995700168934698,0.995720051505606,2.31322738741824e-11
loading,-0.00833333333333333,0.0416666666666667,0.995710110220156,0.995700168934702,0.99572005150561,2.31284991158986e-11
loading,-0.00833333333333333,0.05,0.995710110220158,0.995700168934704,0.995720051505612,2.31293872943183e-11
loading,-0.00833333333333333,0.0583333333333333,0.995710110220155,0.9957001689347,0.995720051505608,2.31296093389233e-11
loading,-0.00833333333333333,0.0666666666666667,0.99571011022015,0.995700168934696,0.995720051505604,2.31342722756267e-11
loading,-0.00833333333333333,0.075,0.995710110220161,0.995700168934707,0.995720051505615,2.31271668482691e-11
loading,-0.00833333333333333,0.0833333333333333,0.995710110220157,0.995700168934703,0.995720051505611,2.31291652497134e-11
loading,-0.00833333333333333,0.0916666666666667,0.995710110220157,0.995700168934702,0.99572005150561,2.31296093389233e-11
loading,-0.00833333333333333,0.1,0.995710110220154,0.9957001689347,0.995720051505608,2.31298313835282e-11
loading,0,-0.1,0.995880742027461,0.995870799038399,0.995890685016524,2.31276109374789e-11
loading,0,-0.0916666666666667,0.995880742027467,0.995870799038405,0.99589068501653,2.3121393688541e-11
loading,0,-0.0833333333333333,0.995880742027467,0.995870799038404,0.995890685016529,2.31222818669607e-11
loading,0,-0.075,0.995880742027471,0.995870799038409,0.995890685016534,2.31195063093992e-11
loading,0,-0.0666666666666667,0.995880742027468,0.995870799038406,0.995890685016531,2.31207275547263e-11
loading,0,-0.0583333333333333,0.995880742027469,0.995870799038406,0.995890685016531,2.31200614209115e-11
loading,0,-0.05,0.995880742027465,0.995870799038402,0.995890685016527,2.31240582238001e-11
loading,0,-0.0416666666666667,0.995880742027473,0.99587079903841,0.995890685016535,2.31188401755844e-11
loading,0,-0.0333333333333333,0.995880742027471,0.995870799038409,0.995890685016533,2.31180630194672e-11
loading,0,-0.025,0.995880742027469,0.995870799038406,0.995890685016531,2.31206165324238e-11
loading,0,-0.0166666666666667,0.995880742027471,0.995870799038408,0.995890685016533,2.31190622201893e-11
loading,0,-0.00833333333333333,0.995880742027471,0.995870799038408,0.995890685016533,2.31197283540041e-11
loading,0,0,0.995880742027471,0.995870799038408,0.995890685016533,2.31180630194672e-11
loading,0,0.00833333333333333,0.995880742027473,0.99587079903841,0.995890685016535,2.31175079079549e-11
loading,0,0.0166666666666667,0.995880742027471,0.995870799038408,0.995890685016533,2.31190622201893e-11
loading,0,0.025,0.995880742027469,0.995870799038406,0.995890685016531,2.31206165324238e-11
loading,0,0.0333333333333333,0.99588074202747,0.995870799038407,0.995890685016532,2.31192842647943e-11
loading,0,0.0416666666666667,0.995880742027472,0.99587079903841,0.995890685016535,2.31188401755844e-11
loading,0,0.05,0.995880742027468,0.995870799038405,0.99589068501653,2.31212826662386e-11
loading,0,0.0583333333333333,0.995880742027468,0.995870799038406,0.99589068501653,2.31210606216337e-11
loading,0,0.0666666666666667,0.995880742027468,0.995870799038406,0.995890685016531,2.31207275547263e-11
loading,0,0.075,0.995880742027471,0.995870799038409,0.995890685016534,2.31192842647943e-11
loading,0,0.0833333333333333,0.995880742027469,0.995870799038406,0.995890685016531,2.31205055101213e-11
loading,0,0.0916666666666667,0.995880742027467,0.995870799038404,0.995890685016529,2.31219488000534e-11
loading,0,0.1,0.995880742027462,0.9958707990384,0.995890685016525,2.31265007144543e-11
loading,0.00833333333333333,-0.1,0.995710110370811,0.995700169085355,0.995720051656269,2.31084040791529e-11
loading,0.00833333333333333,-0.0916666666666667,0.99571011037081,0.995700169085353,0.995720051656267,2.31082930568505e-11
loading,0.00833333333333333,-0.0833333333333333,0.995710110370814,0.995700169085357,0.995720051656271,2.31075159007332e-11
loading,0.00833333333333333,-0.075,0.99571011037081,0.995700169085353,0.995720051656266,2.31090702129677e-11
loading,0.00833333333333333,-0.0666666666666667,0.99571011037081,0.995700169085354,0.995720051656267,2.31078489676406e-11
loading,0.00833333333333333,-0.0583333333333333,0.99571011037081,0.995700169085353,0.995720051656266,2.31087371460603e-11
loading,0.00833333333333333,-0.05,0.995710110370808,0.995700169085351,0.995720051656265,2.31102914582948e-11
loading,0.00833333333333333,-0.0416666666666667,0.995710110370813,0.995700169085356,0.99572005165627,2.31061836331037e-11
loading,0.00833333333333333,-0.0333333333333333,0.995710110370812,0.995700169085356,0.995720051656269,2.31056285215914e-11
loading,0.00833333333333333,-0.025,0.995710110370813,0.995700169085356,0.99572005165627,2.31070718115234e-11
loading,0.00833333333333333,-0.0166666666666667,0.995710110370806,0.99570016908535,0.995720051656263,2.31117347482268e-11
loading,0.00833333333333333,-0.00833333333333333,0.99571011037081,0.995700169085354,0.995720051656268,2.31075159007332e-11
loading,0.00833333333333333,0,0.995710110370812,0.995700169085355,0.995720051656269,2.31068497669185e-11
loading,0.00833333333333333,0.00833333333333333,0.99571011037081,0.995700169085353,0.995720051656267,2.31080710122455e-11
loading,0.00833333333333333,0.0166666666666667,0.995710110370809,0.995700169085352,0.995720051656266,2.31089591906652e-11
loading,0.00833333333333333,0.025,0.995710110370814,0.995700169085357,0.995720051656271,2.31068497669185e-11
loading,0.00833333333333333,0.0333333333333333,0.99571011037081,0.995700169085354,0.995720051656268,2.31074048784308e-11
loading,0.00833333333333333,0.0416666666666667,0.995710110370812,0.995700169085355,0.995720051656269,2.31070718115234e-11
loading,0.00833333333333333,0.05,0.995710110370809,0.995700169085352,0.995720051656266,2.31089591906652e-11
loading,0.00833333333333333,0.0583333333333333,0.995710110370811,0.995700169085355,0.995720051656268,2.31072938561283e-11
loading,0.00833333333333333,0.0666666666666667,0.995710110370807,0.995700169085351,0.995720051656264,2.31108465698071e-11
loading,0.00833333333333333,0.075,0.995710110370811,0.995700169085354,0.995720051656268,2.31077379453382e-11
loading,0.00833333333333333,0.0833333333333333,0.995710110370812,0.995700169085355,0.995720051656269,2.31095143021776e-11
loading,0.00833333333333333,0.0916666666666667,0.995710110370809,0.995700169085352,0.995720051656266,2.31090702129677e-11
loading,0.00833333333333333,0.1,0.995710110370813,0.995700169085356,0.99572005165627,2.31072938561283e-11
loading,0.0166666666666667,-0.1,0.995198332089568,0.995188395913756,0.995208268265381,2.31010766071904e-11
loading,0.0166666666666667,-0.0916666666666667,0.995198332089569,0.995188395913757,0.995208268265382,2.30999663841658e-11
loading,0.0166666666666667,-0.0833333333333333,0.99519833208957,0.995188395913757,0.995208268265383,2.30990782057461e-11
loading,0.0166666666666667,-0.075,0.995198332089573,0.99518839591376,0.995208268265386,2.30980790050239e-11
loading,0.0166666666666667,-0.0666666666666667,0.99519833208957,0.995188395913757,0.995208268265383,2.30995222949559e-11
loading,0.0166666666666667,-0.0583333333333333,0.995198332089574,0.995188395913761,0.995208268265387,2.30976349158141e-11
loading,0.0166666666666667,-0.05,0.995198332089572,0.995188395913759,0.995208268265384,2.3097856960419e-11
loading,0.0166666666666667,-0.0416666666666667,0.995198332089568,0.995188395913756,0.995208268265381,2.31010766071904e-11
loading,0.0166666666666667,-0.0333333333333333,0.99519833208957,0.995188395913757,0.995208268265383,2.3099300250351e-11
loading,0.0166666666666667,-0.025,0.995198332089571,0.995188395913758,0.995208268265384,2.30986341165362e-11
loading,0.0166666666666667,-0.0166666666666667,0.995198332089577,0.995188395913764,0.995208268265389,2.30987451388387e-11
loading,0.0166666666666667,-0.00833333333333333,0.995198332089575,0.995188395913763,0.995208268265388,2.30974128712091e-11
loading,0.0166666666666667,0,0.995198332089573,0.99518839591376,0.995208268265386,2.30980790050239e-11
loading,0.0166666666666667,0.00833333333333333,0.995198332089573,0.99518839591376,0.995208268265386,2.30991892280485e-11
loading,0.0166666666666667,0.0166666666666667,0.995198332089574,0.995188395913762,0.995208268265387,2.30998553618633e-11
loading,0.0166666666666667,0.025,0.995198332089569,0.995188395913757,0.995208268265382,2.30999663841658e-11
loading,0.0166666666666667,0.0333333333333333,0.995198332089572,0.995188395913759,0.995208268265385,2.30974128712091e-11
loading,0.0166666666666667,0.0416666666666667,0.99519833208957,0.995188395913757,0.995208268265383,2.30990782057461e-11
loading,0.0166666666666667,0.05,0.995198332089573,0.99518839591376,0.995208268265386,2.30969687819993e-11
loading,0.0166666666666667,0.0583333333333333,0.995198332089573,0.99518839591376,0.995208268265386,2.30980790050239e-11
loading,0.0166666666666667,0.0666666666666667,0.995198332089571,0.995188395913758,0.995208268265384,2.30986341165362e-11
loading,0.0166666666666667,0.075,0.995198332089572,0.995188395913759,0.995208268265385,2.30983010496288e-11
loading,0.0166666666666667,0.0833333333333333,0.995198332089568,0.995188395913755,0.995208268265381,2.31015206964003e-11
loading,0.0166666666666667,0.0916666666666667,0.99519833208957,0.995188395913757,0.995208268265383,2.30996333172584e-11
loading,0.0166666666666667,0.1,0.995198332089571,0.995188395913758,0.995208268265384,2.30984120719313e-11
loading,0.025,-0.1,0.994345758344174,0.994335830680571,0.994355686007777,2.30873098416851e-11
loading,0.025,-0.0916666666666667,0.994345758344174,0.994335830680571,0.994355686007777,2.30871988193826e-11
loading,0.025,-0.0833333333333333,0.994345758344178,0.994335830680575,0.99435568600778,2.30874208639875e-11
loading,0.025,-0.075,0.994345758344175,0.994335830680572,0.994355686007778,2.30867547301727e-11
loading,0.025,-0.0666666666666667,0.994345758344175,0.994335830680572,0.994355686007778,2.30863106409629e-11
loading,0.025,-0.0583333333333333,0.994345758344176,0.994335830680573,0.994355686007779,2.30874208639875e-11
loading,0.025,-0.05,0.994345758344175,0.994335830680572,0.994355686007778,2.30863106409629e-11
loading,0.025,-0.0416666666666667,0.994345758344175,0.994335830680573,0.994355686007778,2.30874208639875e-11
loading,0.025,-0.0333333333333333,0.994345758344175,0.994335830680572,0.994355686007778,2.30871988193826e-11
loading,0.025,-0.025,0.994345758344177,0.994335830680574,0.994355686007779,2.30867547301727e-11
loading,0.025,-0.0166666666666667,0.994345758344178,0.994335830680575,0.994355686007781,2.30874208639875e-11
loading,0.025,-0.00833333333333333,0.994345758344178,0.994335830680575,0.994355686007781,2.30863106409629e-11
loading,0.025,0,0.994345758344183,0.99433583068058,0.994355686007786,2.30866437078703e-11
loading,0.025,0.00833333333333333,0.994345758344178,0.994335830680575,0.994355686007781,2.30865326855678e-11
loading,0.025,0.0166666666666667,0.99434575834418,0.994335830680577,0.994355686007783,2.30854224625432e-11
loading,0.025,0.025,0.994345758344176,0.994335830680573,0.994355686007779,2.30867547301727e-11
loading,0.025,0.0333333333333333,0.994345758344177,0.994335830680574,0.99435568600778,2.30848673510309e-11
loading,0.025,0.0416666666666667,0.994345758344176,0.994335830680574,0.99435568600778,2.30861996186604e-11
loading,0.025,0.05,0.994345758344177,0.994335830680574,0.99435568600778,2.30842012172161e-11
loading,0.025,0.0583333333333333,0.994345758344176,0.994335830680573,0.994355686007779,2.30871988193826e-11
loading,0.025,0.0666666666666667,0.994345758344172,0.994335830680569,0.994355686007775,2.30888641539195e-11
loading,0.025,0.075,0.994345758344176,0.994335830680573,0.994355686007779,2.30855334848457e-11
loading,0.025,0.0833333333333333,0.99434575834418,0.994335830680577,0.994355686007783,2.30857555294506e-11
loading,0.025,0.0916666666666667,0.994345758344175,0.994335830680572,0.994355686007778,2.3085866551753e-11
loading,0.025,0.1,0.994345758344174,0.994335830680571,0.994355686007777,2.30866437078703e-11
loading,0.0333333333333333,-0.1,0.993152973146899,0.993143057392209,0.993162888901588,2.30760965891363e-11
loading,0.0333333333333333,-0.0916666666666667,0.993152973146899,0.99314305739221,0.993162888901589,2.30730989869699e-11
loading,0.0333333333333333,-0.0833333333333333,0.993152973146896,0.993143057392206,0.993162888901585,2.30748753438093e-11
loading,0.0333333333333333,-0.075,0.993152973146899,0.993143057392209,0.993162888901588,2.30727659200625e-11
loading,0.0333333333333333,-0.0666666666666667,0.993152973146896,0.993143057392206,0.993162888901585,2.30748753438093e-11
loading,0.0333333333333333,-0.0583333333333333,0.993152973146896,0.993143057392206,0.993162888901586,2.30747643215068e-11
loading,0.0333333333333333,-0.05,0.993152973146895,0.993143057392206,0.993162888901585,2.30754304553216e-11
loading,0.0333333333333333,-0.0416666666666667,0.993152973146897,0.993143057392208,0.993162888901587,2.30729879646674e-11
loading,0.0333333333333333,-0.0333333333333333,0.993152973146897,0.993143057392208,0.993162888901587,2.30730989869699e-11
loading,0.0333333333333333,-0.025,0.993152973146891,0.993143057392201,0.99316288890158,2.30799823697225e-11
loading,0.0333333333333333,-0.0166666666666667,0.993152973146903,0.993143057392213,0.993162888901593,2.307265489776e-11
loading,0.0333333333333333,-0.00833333333333333,0.993152973146897,0.993143057392207,0.993162888901586,2.30737651207846e-11
loading,0.0333333333333333,0,0.993152973146894,0.993143057392205,0.993162888901584,2.30760965891363e-11
loading,0.0333333333333333,0.00833333333333333,0.993152973146897,0.993143057392207,0.993162888901586,2.30738761430871e-11
loading,0.0333333333333333,0.0166666666666667,0.993152973146903,0.993143057392213,0.993162888901593,2.30728769423649e-11
loading,0.0333333333333333,0.025,0.993152973146891,0.993143057392201,0.99316288890158,2.30797603251176e-11
loading,0.0333333333333333,0.0333333333333333,0.993152973146895,0.993143057392206,0.993162888901585,2.30749863661117e-11
loading,0.0333333333333333,0.0416666666666667,0.993152973146896,0.993143057392207,0.993162888901586,2.30744312545994e-11
loading,0.0333333333333333,0.05,0.993152973146894,0.993143057392204,0.993162888901583,2.30768737452536e-11
loading,0.0333333333333333,0.0583333333333333,0.993152973146896,0.993143057392206,0.993162888901586,2.30747643215068e-11
loading,0.0333333333333333,0.0666666666666667,0.993152973146897,0.993143057392207,0.993162888901587,2.30735430761797e-11
loading,0.0333333333333333,0.075,0.993152973146897,0.993143057392207,0.993162888901586,2.30747643215068e-11
loading,0.0333333333333333,0.0833333333333333,0.993152973146897,0.993143057392208,0.993162888901587,2.30728769423649e-11
loading,0.0333333333333333,0.0916666666666667,0.9931529731469,0.99314305739221,0.993162888901589,2.30728769423649e-11
loading,0.0333333333333333,0.1,0.993152973146899,0.99314305739221,0.993162888901589,2.30747643215068e-11
loading,0.0416666666666667,-0.1,0.991620795325061,0.991610894867864,0.991630695782258,2.30609975560014e-11
loading,0.0416666666666667,-0.0916666666666667,0.991620795325066,0.991610894867869,0.991630695782263,2.30602203998842e-11
loading,0.0416666666666667,-0.0833333333333333,0.991620795325065,0.991610894867868,0.991630695782262,2.30597763106744e-11
loading,0.0416666666666667,-0.075,0.991620795325062,0.991610894867865,0.99163069578226,2.30618857344211e-11
loading,0.0416666666666667,-0.0666666666666667,0.991620795325062,0.991610894867865,0.991630695782259,2.30595542660694e-11
loading,0.0416666666666667,-0.0583333333333333,0.991620795325062,0.991610894867865,0.99163069578226,2.30611085783039e-11
loading,0.0416666666666667,-0.05,0.99162079532506,0.991610894867862,0.991630695782257,2.30635510689581e-11
loading,0.0416666666666667,-0.0416666666666667,0.991620795325058,0.991610894867861,0.991630695782255,2.30624408459335e-11
loading,0.0416666666666667,-0.0333333333333333,0.991620795325064,0.991610894867867,0.991630695782262,2.30599983552793e-11
loading,0.0416666666666667,-0.025,0.991620795325062,0.991610894867864,0.991630695782259,2.30611085783039e-11
loading,0.0416666666666667,-0.0166666666666667,0.991620795325067,0.991610894867869,0.991630695782264,2.30613306229088e-11
loading,0.0416666666666667,-0.00833333333333333,0.991620795325062,0.991610894867865,0.99163069578226,2.30587771099522e-11
loading,0.0416666666666667,0,0.991620795325062,0.991610894867864,0.991630695782259,2.30606644890941e-11
loading,0.0416666666666667,0.00833333333333333,0.991620795325062,0.991610894867865,0.991630695782259,2.30587771099522e-11
loading,0.0416666666666667,0.0166666666666667,0.991620795325065,0.991610894867868,0.991630695782262,2.30624408459335e-11
loading,0.0416666666666667,0.025,0.991620795325062,0.991610894867865,0.991630695782259,2.3060886533699e-11
loading,0.0416666666666667,0.0333333333333333,0.991620795325062,0.991610894867865,0.991630695782259,2.30622188013285e-11
loading,0.0416666666666667,0.0416666666666667,0.991620795325059,0.991610894867862,0.991630695782256,2.30614416452113e-11
loading,0.0416666666666667,0.05,0.991620795325062,0.991610894867865,0.991630695782259,2.30612196006064e-11
loading,0.0416666666666667,0.0583333333333333,0.991620795325062,0.991610894867865,0.99163069578226,2.3060886533699e-11
loading,0.0416666666666667,0.0666666666666667,0.991620795325062,0.991610894867865,0.991630695782259,2.30597763106744e-11
loading,0.0416666666666667,0.075,0.991620795325064,0.991610894867867,0.991630695782261,2.30604424444891e-11
loading,0.0416666666666667,0.0833333333333333,0.991620795325064,0.991610894867866,0.991630695782261,2.30615526675138e-11
loading,0.0416666666666667,0.0916666666666667,0.991620795325065,0.991610894867868,0.991630695782262,2.30599983552793e-11
loading,0.0416666666666667,0.1,0.991620795325062,0.991610894867865,0.991630695782259,2.30599983552793e-11
loading,0.05,-0.1,0.989750272137643,0.989740390355958,0.989760153919328,2.30461205674715e-11
loading,0.05,-0.0916666666666667,0.989750272137641,0.989740390355956,0.989760153919326,2.30477859020084e-11
loading,0.05,-0.0833333333333333,0.989750272137648,0.989740390355963,0.989760153919333,2.30464536343788e-11
loading,0.05,-0.075,0.989750272137641,0.989740390355957,0.989760153919326,2.30487851027306e-11
loading,0.05,-0.0666666666666667,0.989750272137644,0.989740390355959,0.989760153919329,2.3048896125033e-11
loading,0.05,-0.0583333333333333,0.989750272137641,0.989740390355956,0.989760153919326,2.30490071473355e-11
loading,0.05,-0.05,0.989750272137645,0.98974039035596,0.98976015391933,2.30486740804281e-11
loading,0.05,-0.0416666666666667,0.989750272137644,0.98974039035596,0.989760153919329,2.30478969243109e-11
loading,0.05,-0.0333333333333333,0.989750272137649,0.989740390355964,0.989760153919333,2.30487851027306e-11
loading,0.05,-0.025,0.989750272137644,0.989740390355959,0.989760153919329,2.30483410135207e-11
loading,0.05,-0.0166666666666667,0.989750272137648,0.989740390355963,0.989760153919333,2.30484520358232e-11
loading,0.05,-0.00833333333333333,0.989750272137641,0.989740390355956,0.989760153919326,2.30498953257552e-11
loading,0.05,0,0.989750272137644,0.989740390355959,0.989760153919329,2.30471197681936e-11
loading,0.05,0.00833333333333333,0.989750272137642,0.989740390355957,0.989760153919327,2.30484520358232e-11
loading,0.05,0.0166666666666667,0.989750272137648,0.989740390355963,0.989760153919333,2.30481189689158e-11
loading,0.05,0.025,0.989750272137645,0.98974039035596,0.98976015391933,2.30476748797059e-11
loading,0.05,0.0333333333333333,0.989750272137649,0.989740390355964,0.989760153919333,2.30480079466133e-11
loading,0.05,0.0416666666666667,0.989750272137644,0.989740390355959,0.989760153919329,2.30486740804281e-11
loading,0.05,0.05,0.989750272137646,0.989740390355961,0.989760153919331,2.30481189689158e-11
loading,0.05,0.0583333333333333,0.989750272137641,0.989740390355956,0.989760153919326,2.30486740804281e-11
loading,0.05,0.0666666666666667,0.989750272137643,0.989740390355959,0.989760153919328,2.30493402142429e-11
loading,0.05,0.075,0.989750272137641,0.989740390355956,0.989760153919326,2.3048896125033e-11
loading,0.05,0.0833333333333333,0.989750272137646,0.989740390355961,0.989760153919331,2.30480079466133e-11
loading,0.05,0.0916666666666667,0.989750272137643,0.989740390355958,0.989760153919328,2.30455654559591e-11
loading,0.05,0.1,0.989750272137642,0.989740390355957,0.989760153919327,2.30473418127985e-11
loading,0.0583333333333333,-0.1,0.987542686904612,0.987532827163706,0.987552546645518,2.30304664228242e-11
loading,0.0583333333333333,-0.0916666666666667,0.987542686904611,0.987532827163705,0.987552546645517,2.30304664228242e-11
loading,0.0583333333333333,-0.0833333333333333,0.98754268690461,0.987532827163704,0.987552546645517,2.30323538019661e-11
loading,0.0583333333333333,-0.075,0.987542686904611,0.987532827163705,0.987552546645517,2.30310215343366e-11
loading,0.0583333333333333,-0.0666666666666667,0.987542686904606,0.9875328271637,0.987552546645512,2.30334640249907e-11
loading,0.0583333333333333,-0.0583333333333333,0.987542686904612,0.987532827163705,0.987552546645518,2.3032797891176e-11
loading,0.0583333333333333,-0.05,0.987542686904611,0.987532827163704,0.987552546645517,2.30329089134784e-11
loading,0.0583333333333333,-0.0416666666666667,0.987542686904615,0.987532827163709,0.987552546645521,2.30314656235464e-11
loading,0.0583333333333333,-0.0333333333333333,0.987542686904615,0.987532827163709,0.987552546645521,2.30330199357809e-11
loading,0.0583333333333333,-0.025,0.987542686904614,0.987532827163708,0.98755254664552,2.30335750472932e-11
loading,0.0583333333333333,-0.0166666666666667,0.987542686904613,0.987532827163707,0.987552546645519,2.30317986904538e-11
loading,0.0583333333333333,-0.00833333333333333,0.987542686904608,0.987532827163702,0.987552546645514,2.30322427796636e-11
loading,0.0583333333333333,0,0.987542686904612,0.987532827163706,0.987552546645518,2.30319097127563e-11
loading,0.0583333333333333,0.00833333333333333,0.987542686904609,0.987532827163703,0.987552546645515,2.30313546012439e-11
loading,0.0583333333333333,0.0166666666666667,0.987542686904613,0.987532827163706,0.987552546645519,2.3032575846571e-11
loading,0.0583333333333333,0.025,0.987542686904614,0.987532827163708,0.987552546645521,2.30329089134784e-11
loading,0.0583333333333333,0.0333333333333333,0.987542686904615,0.987532827163708,0.987552546645521,2.30330199357809e-11
loading,0.0583333333333333,0.0416666666666667,0.987542686904613,0.987532827163707,0.987552546645519,2.30329089134784e-11
loading,0.0583333333333333,0.05,0.987542686904612,0.987532827163706,0.987552546645518,2.30316876681513e-11
loading,0.0583333333333333,0.0583333333333333,0.987542686904611,0.987532827163705,0.987552546645517,2.3032797891176e-11
loading,0.0583333333333333,0.0666666666666667,0.987542686904608,0.987532827163702,0.987552546645514,2.30317986904538e-11
loading,0.0583333333333333,0.075,0.98754268690461,0.987532827163704,0.987552546645516,2.30321317573612e-11
loading,0.0583333333333333,0.0833333333333333,0.98754268690461,0.987532827163704,0.987552546645517,2.30324648242686e-11
loading,0.0583333333333333,0.0916666666666667,0.987542686904607,0.987532827163701,0.987552546645514,2.30332419803858e-11
loading,0.0583333333333333,0.1,0.98754268690461,0.987532827163704,0.987552546645516,2.30315766458489e-11
loading,0.0666666666666667,-0.1,0.984999552598934,0.984989718248968,0.985009386948901,2.3019364192578e-11
loading,0.0666666666666667,-0.0916666666666667,0.984999552598934,0.984989718248968,0.985009386948901,2.30184760141583e-11
loading,0.0666666666666667,-0.0833333333333333,0.984999552598933,0.984989718248967,0.985009386948899,2.30182539695534e-11
loading,0.0666666666666667,-0.075,0.984999552598934,0.984989718248968,0.9850093869489,2.30183649918558e-11
loading,0.0666666666666667,-0.0666666666666667,0.984999552598935,0.984989718248969,0.985009386948902,2.30178098803435e-11
loading,0.0666666666666667,-0.0583333333333333,0.984999552598931,0.984989718248965,0.985009386948897,2.30195862371829e-11
loading,0.0666666666666667,-0.05,0.984999552598935,0.984989718248968,0.985009386948901,2.30161445458066e-11
loading,0.0666666666666667,-0.0416666666666667,0.984999552598929,0.984989718248963,0.985009386948895,2.3019364192578e-11
loading,0.0666666666666667,-0.0333333333333333,0.984999552598932,0.984989718248966,0.985009386948898,2.30178098803435e-11
loading,0.0666666666666667,-0.025,0.984999552598937,0.984989718248971,0.985009386948904,2.3016477612714e-11
loading,0.0666666666666667,-0.0166666666666667,0.984999552598929,0.984989718248963,0.985009386948896,2.30173657911337e-11
loading,0.0666666666666667,-0.00833333333333333,0.984999552598936,0.98498971824897,0.985009386948903,2.30170327242263e-11
loading,0.0666666666666667,0,0.984999552598932,0.984989718248965,0.985009386948898,2.30199193040903e-11
loading,0.0666666666666667,0.00833333333333333,0.984999552598934,0.984989718248968,0.985009386948901,2.30191421479731e-11
loading,0.0666666666666667,0.0166666666666667,0.984999552598928,0.984989718248961,0.985009386948894,2.30189201033681e-11
loading,0.0666666666666667,0.025,0.984999552598935,0.984989718248969,0.985009386948901,2.30184760141583e-11
loading,0.0666666666666667,0.0333333333333333,0.984999552598931,0.984989718248965,0.985009386948898,2.30182539695534e-11
loading,0.0666666666666667,0.0416666666666667,0.984999552598928,0.984989718248962,0.985009386948895,2.30191421479731e-11
loading,0.0666666666666667,0.05,0.984999552598931,0.984989718248965,0.985009386948898,2.30196972594854e-11
loading,0.0666666666666667,0.0583333333333333,0.984999552598931,0.984989718248965,0.985009386948898,2.30191421479731e-11
loading,0.0666666666666667,0.0666666666666667,0.984999552598934,0.984989718248968,0.985009386948901,2.30184760141583e-11
loading,0.0666666666666667,0.075,0.984999552598935,0.984989718248968,0.985009386948901,2.30172547688312e-11
loading,0.0666666666666667,0.0833333333333333,0.984999552598932,0.984989718248966,0.985009386948899,2.30194752148805e-11
loading,0.0666666666666667,0.0916666666666667,0.984999552598933,0.984989718248967,0.9850093869489,2.30186980587632e-11
loading,0.0666666666666667,0.1,0.984999552598937,0.98498971824897,0.985009386948903,2.30175878357386e-11
loading,0.075,-0.1,0.982122612167066,0.982112806540798,0.982132417793333,2.30033769810234e-11
loading,0.075,-0.0916666666666667,0.982122612167069,0.982112806540802,0.982132417793337,2.30027108472086e-11
loading,0.075,-0.0833333333333333,0.982122612167063,0.982112806540795,0.98213241779333,2.30040431148382e-11
loading,0.075,-0.075,0.982122612167066,0.982112806540799,0.982132417793334,2.30042651594431e-11
loading,0.075,-0.0666666666666667,0.982122612167069,0.982112806540802,0.982132417793337,2.30020447133938e-11
loading,0.075,-0.0583333333333333,0.982122612167068,0.982112806540801,0.982132417793336,2.30032659587209e-11
loading,0.075,-0.05,0.98212261216707,0.982112806540802,0.982132417793337,2.30014896018815e-11
loading,0.075,-0.0416666666666667,0.982122612167065,0.982112806540798,0.982132417793332,2.30038210702332e-11
loading,0.075,-0.0333333333333333,0.98212261216707,0.982112806540803,0.982132417793337,2.30014896018815e-11
loading,0.075,-0.025,0.982122612167069,0.982112806540802,0.982132417793336,2.30034880033259e-11
loading,0.075,-0.0166666666666667,0.982122612167068,0.982112806540801,0.982132417793335,2.30040431148382e-11
loading,0.075,-0.00833333333333333,0.982122612167064,0.982112806540797,0.982132417793331,2.30040431148382e-11
loading,0.075,0,0.982122612167074,0.982112806540807,0.982132417793341,2.30020447133938e-11
loading,0.075,0.00833333333333333,0.982122612167065,0.982112806540798,0.982132417793332,2.3004487204048e-11
loading,0.075,0.0166666666666667,0.98212261216707,0.982112806540803,0.982132417793337,2.30020447133938e-11
loading,0.075,0.025,0.98212261216707,0.982112806540803,0.982132417793337,2.30024888026037e-11
loading,0.075,0.0333333333333333,0.982122612167067,0.982112806540799,0.982132417793334,2.30033769810234e-11
loading,0.075,0.0416666666666667,0.982122612167064,0.982112806540797,0.982132417793331,2.30052643601653e-11
loading,0.075,0.05,0.982122612167068,0.982112806540801,0.982132417793335,2.30034880033259e-11
loading,0.075,0.0583333333333333,0.982122612167069,0.982112806540801,0.982132417793336,2.3003043914116e-11
loading,0.075,0.0666666666666667,0.982122612167069,0.982112806540802,0.982132417793337,2.30024888026037e-11
loading,0.075,0.075,0.982122612167067,0.9821128065408,0.982132417793334,2.30032659587209e-11
loading,0.075,0.0833333333333333,0.982122612167064,0.982112806540797,0.982132417793331,2.30031549364185e-11
loading,0.075,0.0916666666666667,0.982122612167069,0.982112806540802,0.982132417793336,2.30038210702332e-11
loading,0.075,0.1,0.982122612167068,0.982112806540801,0.982132417793335,2.30017116464865e-11
loading,0.0833333333333333,-0.1,0.978913837334209,0.978904063744714,0.978923610923703,2.29897212378205e-11
loading,0.0833333333333333,-0.0916666666666667,0.978913837334218,0.978904063744723,0.978923610923712,2.29866126133516e-11
loading,0.0833333333333333,-0.0833333333333333,0.978913837334213,0.978904063744719,0.978923610923708,2.29868346579565e-11
loading,0.0833333333333333,-0.075,0.978913837339984,0.97890406375049,0.978923610929479,2.2986723635654e-11
loading,0.0833333333333333,-0.0666666666666667,0.978913837339988,0.978904063750493,0.978923610929482,2.29870567025614e-11
loading,0.0833333333333333,-0.0583333333333333,0.978913837334212,0.978904063744718,0.978923610923707,2.29863905687466e-11
loading,0.0833333333333333,-0.05,0.978913837334217,0.978904063744722,0.978923610923711,2.29863905687466e-11
loading,0.0833333333333333,-0.0416666666666667,0.978913837339991,0.978904063750496,0.978923610929485,2.2988166925586e-11
loading,0.0833333333333333,-0.0333333333333333,0.978913837334214,0.978904063744719,0.978923610923708,2.29879448809811e-11
loading,0.0833333333333333,-0.025,0.978913837334213,0.978904063744719,0.978923610923708,2.29884999924934e-11
loading,0.0833333333333333,-0.0166666666666667,0.978913837334218,0.978904063744723,0.978923610923712,2.29849472788146e-11
loading,0.0833333333333333,-0.00833333333333333,0.978913837334211,0.978904063744716,0.978923610923705,2.29880559032836e-11
loading,0.0833333333333333,0,0.978913837339992,0.978904063750497,0.978923610929486,2.29850583011171e-11
loading,0.0833333333333333,0.00833333333333333,0.978913837339988,0.978904063750494,0.978923610929483,2.29882779478885e-11
loading,0.0833333333333333,0.0166666666666667,0.978913837334218,0.978904063744724,0.978923610923713,2.29842811449998e-11
loading,0.0833333333333333,0.025,0.978913837334215,0.97890406374472,0.978923610923709,2.29868346579565e-11
loading,0.0833333333333333,0.0333333333333333,0.978913837334216,0.978904063744721,0.97892361092371,2.29862795464442e-11
loading,0.0833333333333333,0.0416666666666667,0.978913837334211,0.978904063744717,0.978923610923706,2.29887220370983e-11
loading,0.0833333333333333,0.05,0.978913837334217,0.978904063744723,0.978923610923712,2.29856134126294e-11
loading,0.0833333333333333,0.0583333333333333,0.978913837334211,0.978904063744716,0.978923610923705,2.29878338586786e-11
loading,0.0833333333333333,0.0666666666666667,0.978913837334216,0.978904063744722,0.97892361092371,2.29868346579565e-11
loading,0.0833333333333333,0.075,0.978913837339984,0.97890406375049,0.978923610929478,2.29871677248639e-11
loading,0.0833333333333333,0.0833333333333333,0.978913837334214,0.978904063744719,0.978923610923708,2.29856134126294e-11
loading,0.0833333333333333,0.0916666666666667,0.978913837334216,0.978904063744722,0.978923610923711,2.2988166925586e-11
loading,0.0833333333333333,0.1,0.978913837334206,0.978904063744712,0.9789236109237,2.2992718839987e-11
loading,0.0916666666666667,-0.1,0.975375427252748,0.975365688991143,0.975385165514352,2.29699592679822e-11
loading,0.0916666666666667,-0.0916666666666667,0.975375427252745,0.975365688991141,0.97538516551435,2.29682939334452e-11
loading,0.0916666666666667,-0.0833333333333333,0.975375427252748,0.975365688991143,0.975385165514352,2.29701813125871e-11
loading,0.0916666666666667,-0.075,0.97537542725275,0.975365688991146,0.975385165514355,2.29687380226551e-11
loading,0.0916666666666667,-0.0666666666666667,0.975375427252746,0.975365688991141,0.97538516551435,2.29687380226551e-11
loading,0.0916666666666667,-0.0583333333333333,0.975375427252745,0.975365688991141,0.975385165514349,2.29714025579142e-11
loading,0.0916666666666667,-0.05,0.975375427252748,0.975365688991144,0.975385165514352,2.29690710895625e-11
loading,0.0916666666666667,-0.0416666666666667,0.975375427252748,0.975365688991143,0.975385165514352,2.2967516777328e-11
loading,0.0916666666666667,-0.0333333333333333,0.975375427252742,0.975365688991138,0.975385165514347,2.29717356248216e-11
loading,0.0916666666666667,-0.025,0.97537542725275,0.975365688991146,0.975385165514354,2.29700702902846e-11
loading,0.0916666666666667,-0.0166666666666667,0.975375427252746,0.975365688991142,0.975385165514351,2.29687380226551e-11
loading,0.0916666666666667,-0.00833333333333333,0.975375427252749,0.975365688991145,0.975385165514353,2.296896006726e-11
loading,0.0916666666666667,0,0.975375427252744,0.975365688991139,0.975385165514348,2.29700702902846e-11
loading,0.0916666666666667,0.00833333333333333,0.975375427252749,0.975365688991144,0.975385165514353,2.29685159780502e-11
loading,0.0916666666666667,0.0166666666666667,0.975375427252744,0.97536568899114,0.975385165514349,2.29709584687043e-11
loading,0.0916666666666667,0.025,0.975375427252751,0.975365688991146,0.975385165514355,2.29692931341674e-11
loading,0.0916666666666667,0.0333333333333333,0.975375427252745,0.97536568899114,0.975385165514349,2.296896006726e-11
loading,0.0916666666666667,0.0416666666666667,0.975375427252747,0.975365688991142,0.975385165514351,2.29688490449576e-11
loading,0.0916666666666667,0.05,0.975375427252749,0.975365688991144,0.975385165514353,2.29692931341674e-11
loading,0.0916666666666667,0.0583333333333333,0.975375427252746,0.975365688991142,0.97538516551435,2.29700702902846e-11
loading,0.0916666666666667,0.0666666666666667,0.975375427252747,0.975365688991142,0.975385165514351,2.29676277996305e-11
loading,0.0916666666666667,0.075,0.97537542725275,0.975365688991146,0.975385165514355,2.29692931341674e-11
loading,0.0916666666666667,0.0833333333333333,0.975375427252749,0.975365688991145,0.975385165514354,2.29685159780502e-11
loading,0.0916666666666667,0.0916666666666667,0.975375427252745,0.97536568899114,0.975385165514349,2.29691821118649e-11
loading,0.0916666666666667,0.1,0.975375427252751,0.975365688991146,0.975385165514355,2.29672947327231e-11
loading,0.1,-0.1,0.9715098070416,0.971500107374791,0.971519506708409,2.29514185434709e-11
loading,0.1,-0.0916666666666667,0.971509807041608,0.971500107374799,0.971519506708418,2.29518626326808e-11
loading,0.1,-0.0833333333333333,0.971509806994794,0.971500107327985,0.971519506661603,2.29514185434709e-11
loading,0.1,-0.075,0.971509807041601,0.971500107374792,0.97151950670841,2.29523067218906e-11
loading,0.1,-0.0666666666666667,0.9715098070416,0.971500107374791,0.971519506708409,2.29528618334029e-11
loading,0.1,-0.0583333333333333,0.9715098070416,0.971500107374791,0.971519506708408,2.29539720564276e-11
loading,0.1,-0.05,0.971509807041605,0.971500107374796,0.971519506708414,2.29529728557054e-11
loading,0.1,-0.0416666666666667,0.971509807041607,0.971500107374798,0.971519506708416,2.29503083204463e-11
loading,0.1,-0.0333333333333333,0.971509807041606,0.971500107374797,0.971519506708415,2.29503083204463e-11
loading,0.1,-0.025,0.971509807041601,0.971500107374792,0.97151950670841,2.29524177441931e-11
loading,0.1,-0.0166666666666667,0.971509807041601,0.971500107374792,0.97151950670841,2.29509744542611e-11
loading,0.1,-0.00833333333333333,0.971509807041602,0.971500107374793,0.971519506708411,2.29521956995882e-11
loading,0.1,0,0.971509807041602,0.971500107374793,0.971519506708411,2.29508634319586e-11
loading,0.1,0.00833333333333333,0.971509807041603,0.971500107374794,0.971519506708412,2.29514185434709e-11
loading,0.1,0.0166666666666667,0.971509807041602,0.971500107374793,0.971519506708411,2.29519736549832e-11
loading,0.1,0.025,0.971509807041603,0.971500107374794,0.971519506708412,2.29507524096562e-11
loading,0.1,0.0333333333333333,0.971509807041606,0.971500107374797,0.971519506708415,2.29494201420266e-11
loading,0.1,0.0416666666666667,0.971509807041606,0.971500107374797,0.971519506708415,2.29514185434709e-11
loading,0.1,0.05,0.971509807041606,0.971500107374797,0.971519506708415,2.29515295657734e-11
loading,0.1,0.0583333333333333,0.971509807041601,0.971500107374793,0.97151950670841,2.29519736549832e-11
loading,0.1,0.0666666666666667,0.971509807041602,0.971500107374793,0.971519506708411,2.29514185434709e-11
loading,0.1,0.075,0.971509807041603,0.971500107374794,0.971519506708412,2.29507524096562e-11
loading,0.1,0.0833333333333333,0.971509807041604,0.971500107374795,0.971519506708413,2.29508634319586e-11
loading,0.1,0.0916666666666667,0.971509807041605,0.971500107374797,0.971519506708415,2.295408307873e-11
loading,0.1,0.1,0.9715098070416,0.971500107374791,0.971519506708409,2.29517516103783e-11
floquet_calibration,-0.1,-0.1,0.996662368925653,0.99665578798938,0.996668949861925,2.31177299525598e-11
floquet_calibration,-0.1,-0.0916666666666667,0.996631116530463,0.99662394180618,0.996638291254745,2.31206165324238e-11
floquet_calibration,-0.1,-0.0833333333333333,0.996598836396708,0.996591034815583,0.996606637977832,2.31193952870967e-11
floquet_calibration,-0.1,-0.075,0.996565529469408,0.996557067058167,0.996573991880648,2.31177299525598e-11
floquet_calibration,-0.1,-0.0666666666666667,0.996531196705669,0.996522038577598,0.99654035483374,2.31187291532819e-11
floquet_calibration,-0.1,-0.0583333333333333,0.996495839074654,0.996485949420654,0.996505728728654,2.31189511978869e-11
floquet_calibration,-0.1,-0.05,0.99645945755753,0.996448799637236,0.996470115477823,2.31203944878189e-11
floquet_calibration,-0.1,-0.0416666666666667,0.996422053147442,0.996410589280404,0.99643351701448,2.31177299525598e-11
floquet_calibration,-0.1,-0.0333333333333333,0.996383626849456,0.996371318406376,0.996395935292536,2.31203944878189e-11
floquet_calibration,-0.1,-0.025,0.996344179680553,0.996330987074586,0.99635737228652,2.31192842647943e-11
floquet_calibration,-0.1,-0.0166666666666667,0.996303712669552,0.996289595347671,0.996317829991432,2.31205055101213e-11
floquet_calibration,-0.1,-0.00833333333333333,0.996262226857106,0.996247143291527,0.996277310422684,2.31177299525598e-11
floquet_calibration,-0.1,0,0.996219723295618,0.996203630975287,0.996235815615948,2.31203944878189e-11
floquet_calibration,-0.1,0.00833333333333333,0.996176203049262,0.996159058471407,0.996193347627116,2.31210606216337e-11
floquet_calibration,-0.1,0.0166666666666667,0.996131667193895,0.996113425855641,0.99614990853215,2.31177299525598e-11
floquet_calibration,-0.1,0.025,0.996086116817006,0.99606673320705,0.996105500426963,2.31180630194672e-11
floquet_calibration,-0.1,0.0333333333333333,0.996039553017737,0.996018980608095,0.99606012542738,2.31207275547263e-11
floquet_calibration,-0.1,0.0416666666666667,0.995991976906788,0.9959701681446,0.996013785668975,2.31193952870967e-11
floquet_calibration,-0.1,0.05,0.995943389606382,0.995920295905788,0.995966483306976,2.31210606216337e-11
floquet_calibration,-0.1,0.0583333333333333,0.995893792250248,0.995869363984321,0.995918220516175,2.31192842647943e-11
floquet_calibration,-0.1,0.0666666666666667,0.995843185983549,0.995817372476302,0.995868999490797,2.31182850640721e-11
floquet_calibration,-0.1,0.075,0.995791571962862,0.995764321481317,0.995818822444408,2.31177299525598e-11
floquet_calibration,-0.1,0.0833333333333333,0.995738951356118,0.995710211102441,0.995767691609795,2.31217267554484e-11
floquet_calibration,-0.1,0.0916666666666667,0.995685325342588,0.995655041446296,0.99571560923888,2.31177299525598e-11
floquet_calibration,-0.1,0.1,0.995630695112782,0.995598812623011,0.995662577602553,2.31206165324238e-11
floquet_calibration,-0.0916666666666667,-0.1,0.996630862611819,0.996624616330076,0.996637108893562,2.31202834655164e-11
floquet_calibration,-0.0916666666666667,-0.0916666666666667,0.996600357809767,0.996593534474783,0.996607181144749,2.31223928892632e-11
floquet_calibration,-0.0916666666666667,-0.0833333333333333,0.996568824931925,0.996561391804981,0.996576258058869,2.31178409748622e-11
floquet_calibration,-0.0916666666666667,-0.075,0.996536264918966,0.996528188359297,0.996544341478635,2.31177299525598e-11
floquet_calibration,-0.0916666666666667,-0.0666666666666667,0.996502678723659,0.996493924179447,0.996511433267872,2.31200614209115e-11
floquet_calibration,-0.0916666666666667,-0.0583333333333333,0.996468067310848,0.996458599310268,0.996477535311429,2.31193952870967e-11
floquet_calibration,-0.0916666666666667,-0.05,0.996432431657379,0.996422213799708,0.99644264951505,2.31177299525598e-11
floquet_calibration,-0.0916666666666667,-0.0416666666666667,0.996395772752073,0.99638476769886,0.996406777805286,2.31219488000534e-11
floquet_calibration,-0.0916666666666667,-0.0333333333333333,0.996358091595721,0.996346261062017,0.996369922129425,2.31177299525598e-11
floquet_calibration,-0.0916666666666667,-0.025,0.996319389200976,0.996306693946623,0.99633208445533,2.31228369784731e-11
floquet_calibration,-0.0916666666666667,-0.0166666666666667,0.996279666592404,0.996266066413389,0.996293266771419,2.31189511978869e-11
floquet_calibration,-0.0916666666666667,-0.00833333333333333,0.996238924806358,0.99622437852623,0.996253471086486,2.31180630194672e-11
floquet_calibration,-0.0916666666666667,0,0.996197164890993,0.996181630352339,0.996212699429648,2.31178409748622e-11
floquet_calibration,-0.0916666666666667,0.00833333333333333,0.99615438790621,0.996137821962195,0.996170953850225,2.31177299525598e-11
floquet_calibration,-0.0916666666666667,0.0166666666666667,0.996110594923608,0.996092953429581,0.996128236417634,2.31215047108435e-11
floquet_calibration,-0.0916666666666667,0.025,0.996065787026472,0.996047024831634,0.996084549221309,2.31177299525598e-11
floquet_calibration,-0.0916666666666667,0.0333333333333333,0.996019965309676,0.996000036248812,0.99603989437054,2.31177299525598e-11
floquet_calibration,-0.0916666666666667,0.0416666666666667,0.995973130879709,0.995951987764983,0.995994273994434,2.31177299525598e-11
floquet_calibration,-0.0916666666666667,0.05,0.995925284854585,0.995902879467406,0.995947690241764,2.31177299525598e-11
floquet_calibration,-0.0916666666666667,0.0583333333333333,0.995876428363821,0.995852711446767,0.995900145280876,2.31177299525598e-11
floquet_calibration,-0.0916666666666667,0.0666666666666667,0.995826562548387,0.995801483797197,0.995851641299578,2.31210606216337e-11
floquet_calibration,-0.0916666666666667,0.075,0.995775688560687,0.995749196616323,0.995802180505051,2.31177299525598e-11
floquet_calibration,-0.0916666666666667,0.0833333333333333,0.995723807564464,0.995695850005237,0.995751765123692,2.31209495993312e-11
floquet_calibration,-0.0916666666666667,0.0916666666666667,0.995670920734819,0.995641444068577,0.99570039740106,2.31236141345903e-11
floquet_calibration,-0.0916666666666667,0.1,0.995617029258133,0.995585978914526,0.995648079601739,2.31177299525598e-11
floquet_calibration,-0.0833333333333333,-0.1,0.996598321447466,0.996592402321622,0.99660424057331,2.31217267554484e-11
floquet_calibration,-0.0833333333333333,-0.0916666666666667,0.99656856408099,0.996562084603902,0.996575043558078,2.31232810676829e-11
floquet_calibration,-0.0833333333333333,-0.0833333333333333,0.996537778303063,0.996530706066366,0.996544850539761,2.31210606216337e-11
floquet_calibration,-0.0833333333333333,-0.075,0.996505965050022,0.996498266745704,0.996513663354341,2.31177299525598e-11
floquet_calibration,-0.0833333333333333,-0.0666666666666667,0.996473125270294,0.996464766681676,0.996481483858912,2.31208385770287e-11
floquet_calibration,-0.0833333333333333,-0.0583333333333333,0.996439259924401,0.996430205917177,0.996448313931624,2.31177299525598e-11
floquet_calibration,-0.0833333333333333,-0.05,0.996404369984853,0.996394584498187,0.996414155471519,2.31193952870967e-11
floquet_calibration,-0.0833333333333333,-0.0416666666666667,0.996368456436183,0.996357902473869,0.996379010398496,2.31209495993312e-11
floquet_calibration,-0.0833333333333333,-0.0333333333333333,0.996331520274867,0.996320159896548,0.996342880653185,2.31177299525598e-11
floquet_calibration,-0.0833333333333333,-0.025,0.996293562509261,0.996281356821712,0.99630576819681,2.31238361791952e-11
floquet_calibration,-0.0833333333333333,-0.0166666666666667,0.996254584159653,0.996241493308122,0.996267675011184,2.3121393688541e-11
floquet_calibration,-0.0833333333333333,-0.00833333333333333,0.996214586258123,0.996200569417737,0.996228603098509,2.31177299525598e-11
floquet_calibration,-0.0833333333333333,0,0.996173569848543,0.996158585215776,0.996188554481311,2.3120172443214e-11
floquet_calibration,-0.0833333333333333,0.00833333333333333,0.996131535986572,0.996115540770773,0.99614753120237,2.31177299525598e-11
floquet_calibration,-0.0833333333333333,0.0166666666666667,0.99608848573955,0.996071436154543,0.996105535324557,2.31188401755844e-11
floquet_calibration,-0.0833333333333333,0.025,0.996044420186515,0.99602627144225,0.99606256893078,2.31177299525598e-11
floquet_calibration,-0.0833333333333333,0.0333333333333333,0.995999340418118,0.995980046712395,0.99601863412384,2.31228369784731e-11
floquet_calibration,-0.0833333333333333,0.0416666666666667,0.995953247536624,0.995932762046882,0.995973733026365,2.31232810676829e-11
floquet_calibration,-0.0833333333333333,0.05,0.995906142655843,0.995884417531008,0.995927867780677,2.31177299525598e-11
floquet_calibration,-0.0833333333333333,0.0583333333333333,0.995858026901065,0.995835013253468,0.995881040548662,2.31177299525598e-11
floquet_calibration,-0.0833333333333333,0.0666666666666667,0.995808901409086,0.995784549306444,0.995833253511727,2.31177299525598e-11
floquet_calibration,-0.0833333333333333,0.075,0.995758767328101,0.995733025785567,0.995784508870634,2.3120172443214e-11
floquet_calibration,-0.0833333333333333,0.0833333333333333,0.995707625817708,0.995680442789986,0.99573480884543,2.31177299525598e-11
floquet_calibration,-0.0833333333333333,0.0916666666666667,0.995655478048815,0.995626800422338,0.995684155675291,2.31183960863746e-11
floquet_calibration,-0.0833333333333333,0.1,0.995602325203652,0.995572098788835,0.995632551618469,2.31177299525598e-11
floquet_calibration,-0.075,-0.1,0.996564746074158,0.996559146502997,0.996570345645317,2.31177299525598e-11
floquet_calibration,-0.075,-0.0916666666666667,0.996535735982823,0.996529592729049,0.996541879236598,2.31219488000534e-11
floquet_calibration,-0.075,-0.0833333333333333,0.996505697145948,0.996498978131791,0.996512416160104,2.31261676475469e-11
floquet_calibration,-0.075,-0.075,0.996474630495532,0.996467302745976,0.996481958245088,2.31189511978869e-11
floquet_calibration,-0.075,-0.0666666666666667,0.996442536975664,0.996434566609413,0.996450507341914,2.31177299525598e-11
floquet_calibration,-0.075,-0.0583333333333333,0.996409417542515,0.996400769763024,0.996418065322006,2.31207275547263e-11
floquet_calibration,-0.075,-0.05,0.996375273164314,0.996365912250877,0.996384634077751,2.31177299525598e-11
floquet_calibration,-0.075,-0.0416666666666667,0.996340104821251,0.99632999412015,0.996350215522353,2.31187291532819e-11
floquet_calibration,-0.075,-0.0333333333333333,0.996303913505505,0.996293015421219,0.99631481158979,2.3119950398609e-11
floquet_calibration,-0.075,-0.025,0.996266700221165,0.996254976207646,0.996278424234683,2.31177299525598e-11
floquet_calibration,-0.075,-0.0166666666666667,0.996228465984192,0.996215876536194,0.996241055432191,2.31210606216337e-11
floquet_calibration,-0.075,-0.00833333333333333,0.996189211822416,0.996175716466889,0.996202707177943,2.31177299525598e-11
floquet_calibration,-0.075,0,0.996148938775434,0.996134496062985,0.996163381487884,2.3120172443214e-11
floquet_calibration,-0.075,0.00833333333333333,0.996107647894641,0.99609221539105,0.996123080398232,2.31209495993312e-11
floquet_calibration,-0.075,0.0166666666666667,0.996065340243137,0.996048874520945,0.996081805965328,2.31218377777509e-11
floquet_calibration,-0.075,0.025,0.996022016895713,0.996004473525868,0.996039560265559,2.31177299525598e-11
floquet_calibration,-0.075,0.0333333333333333,0.995977678938792,0.995959012482358,0.995996345395226,2.31177299525598e-11
floquet_calibration,-0.075,0.0416666666666667,0.995932327470403,0.995912491470337,0.995952163470468,2.31180630194672e-11
floquet_calibration,-0.075,0.05,0.99588596360014,0.995864910573136,0.995907016627144,2.31178409748622e-11
floquet_calibration,-0.075,0.0583333333333333,0.995838588449112,0.995816269877501,0.995860907020722,2.31177299525598e-11
floquet_calibration,-0.075,0.0666666666666667,0.995790203149896,0.995766569473622,0.99581383682617,2.31203944878189e-11
floquet_calibration,-0.075,0.075,0.995740808846523,0.995715809455179,0.995765808237867,2.31177299525598e-11
floquet_calibration,-0.075,0.0833333333333333,0.995690406694389,0.99566398991932,0.995716823469459,2.31177299525598e-11
floquet_calibration,-0.075,0.0916666666666667,0.995638997860249,0.995611110966723,0.995666884753775,2.31196173317016e-11
floquet_calibration,-0.075,0.1,0.995586583522172,0.995557172701618,0.995615994342725,2.31222818669607e-11
floquet_calibration,-0.0666666666666667,-0.1,0.996530137141727,0.996524849421245,0.996535424862209,2.31177299525598e-11
floquet_calibration,-0.0666666666666667,-0.0916666666666667,0.99650187416225,0.996496059393824,0.996507688930675,2.3118507108677e-11
floquet_calibration,-0.0666666666666667,-0.0833333333333333,0.996472582104707,0.996466208541408,0.996478955668006,2.3119950398609e-11
floquet_calibration,-0.0666666666666667,-0.075,0.996442261896751,0.996435296896798,0.996449226896704,2.31180630194672e-11
floquet_calibration,-0.0666666666666667,-0.0666666666666667,0.996410914478138,0.996403324495859,0.996418504460416,2.31231700453804e-11
floquet_calibration,-0.0666666666666667,-0.0583333333333333,0.996378540800729,0.996370291377583,0.996386790223875,2.31208385770287e-11
floquet_calibration,-0.0666666666666667,-0.05,0.996345141828408,0.996336197584059,0.996354086072757,2.31188401755844e-11
floquet_calibration,-0.0666666666666667,-0.0416666666666667,0.996310718537068,0.99630104316053,0.996320393913607,2.31217267554484e-11
floquet_calibration,-0.0666666666666667,-0.0333333333333333,0.996275271914583,0.996264828155416,0.99628571567375,2.31206165324238e-11
floquet_calibration,-0.0666666666666667,-0.025,0.996238802960741,0.996227552620314,0.996250053301167,2.31210606216337e-11
floquet_calibration,-0.0666666666666667,-0.0166666666666667,0.996201312687237,0.996189216610053,0.996213408764421,2.31177299525598e-11
floquet_calibration,-0.0666666666666667,-0.00833333333333333,0.996162802117584,0.996149820182661,0.996175784052506,2.31190622201893e-11
floquet_calibration,-0.0666666666666667,0,0.996123272287153,0.996109363399474,0.996137181174831,2.31179519971647e-11
floquet_calibration,-0.0666666666666667,0.00833333333333333,0.996082724243054,0.996067846325076,0.996097602161032,2.31190622201893e-11
floquet_calibration,-0.0666666666666667,0.0166666666666667,0.996041159044146,0.996025269027373,0.996057049060919,2.3118507108677e-11
floquet_calibration,-0.0666666666666667,0.025,0.995998577760971,0.995981631577592,0.99601552394435,2.31180630194672e-11
floquet_calibration,-0.0666666666666667,0.0333333333333333,0.995954981475723,0.995936934050312,0.995973028901135,2.31195063093992e-11
floquet_calibration,-0.0666666666666667,0.0416666666666667,0.995910371282213,0.995891176523493,0.995929566040934,2.31195063093992e-11
floquet_calibration,-0.0666666666666667,0.05,0.995864748285813,0.995844359078489,0.995885137493136,2.31217267554484e-11
floquet_calibration,-0.0666666666666667,0.0583333333333333,0.995818113603433,0.995796481800086,0.99583974540678,2.31177299525598e-11
floquet_calibration,-0.0666666666666667,0.0666666666666667,0.995770468363454,0.995747544776501,0.995793391950408,2.31177299525598e-11
floquet_calibration,-0.0666666666666667,0.075,0.995721813705705,0.995697548099426,0.995746079311985,2.31177299525598e-11
floquet_calibration,-0.0666666666666667,0.0833333333333333,0.995672150781415,0.995646491864045,0.995697809698784,2.31177299525598e-11
floquet_calibration,-0.0666666666666667,0.0916666666666667,0.995621480753181,0.995594376169072,0.99564858533729,2.31187291532819e-11
floquet_calibration,-0.0666666666666667,0.1,0.995569804794905,0.995541201116751,0.995598408473059,2.3118507108677e-11
floquet_calibration,-0.0583333333333333,-0.1,0.996494495308302,0.996489511631496,0.996499478985107,2.31186181309795e-11
floquet_calibration,-0.0583333333333333,-0.0916666666666667,0.996466979274514,0.996461485149886,0.996472473399142,2.3125945602942e-11
floquet_calibration,-0.0583333333333333,-0.0833333333333333,0.99643843383172,0.996432397843417,0.996444469820022,2.31221708446583e-11
floquet_calibration,-0.0583333333333333,-0.075,0.996408859903214,0.996402249742932,0.996415470063497,2.31177299525598e-11
floquet_calibration,-0.0583333333333333,-0.0666666666666667,0.996378258424412,0.996371040882343,0.996385475966481,2.3119950398609e-11
floquet_calibration,-0.0583333333333333,-0.0583333333333333,0.996346630342854,0.996338771298699,0.996354489387009,2.31177299525598e-11
floquet_calibration,-0.0583333333333333,-0.05,0.996313976618096,0.996305441032134,0.996322512204059,2.31208385770287e-11
floquet_calibration,-0.0583333333333333,-0.0416666666666667,0.99628029822174,0.996271050125955,0.996289546317525,2.31177299525598e-11
floquet_calibration,-0.0583333333333333,-0.0333333333333333,0.99624559613733,0.996235598626604,0.996255593648055,2.31191732424918e-11
floquet_calibration,-0.0583333333333333,-0.025,0.996209871360376,0.996199086583741,0.996220656137011,2.31197283540041e-11
floquet_calibration,-0.0583333333333333,-0.0166666666666667,0.996173124898281,0.996161514050229,0.996184735746334,2.31177299525598e-11
floquet_calibration,-0.0583333333333333,-0.00833333333333333,0.996135357770286,0.996122881082145,0.996147834458426,2.31196173317016e-11
floquet_calibration,-0.0583333333333333,0,0.996096571007486,0.99608318773886,0.996109954276113,2.31210606216337e-11
floquet_calibration,-0.0583333333333333,0.00833333333333333,0.996056765652743,0.996042434083006,0.99607109722248,2.31177299525598e-11
floquet_calibration,-0.0583333333333333,0.0166666666666667,0.996015942760649,0.996000620180513,0.996031265340785,2.31181740417696e-11
floquet_calibration,-0.0583333333333333,0.025,0.995974103397514,0.995957746100653,0.995990460694375,2.31177299525598e-11
floquet_calibration,-0.0583333333333333,0.0333333333333333,0.99593124864129,0.995913811916032,0.995948685366548,2.31233920899854e-11
floquet_calibration,-0.0583333333333333,0.0416666666666667,0.995887379581585,0.995868817702665,0.995905941460506,2.31177299525598e-11
floquet_calibration,-0.0583333333333333,0.05,0.995842497319526,0.995822763539907,0.995862231099146,2.3118507108677e-11
floquet_calibration,-0.0583333333333333,0.0583333333333333,0.995796602967836,0.995775649510591,0.995817556425082,2.31177299525598e-11
floquet_calibration,-0.0583333333333333,0.0666666666666667,0.995749697650688,0.995727475700954,0.995771919600422,2.3118507108677e-11
floquet_calibration,-0.0583333333333333,0.075,0.995701782503738,0.995678242200729,0.995725322806748,2.31180630194672e-11
floquet_calibration,-0.0583333333333333,0.0833333333333333,0.995652858674037,0.995627949103126,0.995677768244948,2.31177299525598e-11
floquet_calibration,-0.0583333333333333,0.0916666666666667,0.995602927320003,0.995576596504872,0.995629258135134,2.31177299525598e-11
floquet_calibration,-0.0583333333333333,0.1,0.995551989611388,0.995524184506243,0.995579794716533,2.31177299525598e-11
floquet_calibration,-0.05,-0.1,0.996457821240261,0.996453133696936,0.996462508783586,2.31193952870967e-11
floquet_calibration,-0.05,-0.0916666666666667,0.996431051983158,0.99642587055699,0.996436233409326,2.31217267554484e-11
floquet_calibration,-0.05,-0.0833333333333333,0.996403252987661,0.996397546594114,0.996408959381207,2.31177299525598e-11
floquet_calibration,-0.05,-0.075,0.996374425172713,0.996368161837197,0.996380688508229,2.31177299525598e-11
floquet_calibration,-0.05,-0.0666666666666667,0.996344569469419,0.996337716318231,0.996351422620607,2.31177299525598e-11
floquet_calibration,-0.05,-0.0583333333333333,0.996313686820961,0.996306210072283,0.996321163569637,2.31238361791952e-11
floquet_calibration,-0.05,-0.05,0.996281778182604,0.996273643137568,0.996289913227639,2.31228369784731e-11
floquet_calibration,-0.05,-0.0416666666666667,0.996248844521619,0.996240015555422,0.996257673487815,2.31181740417696e-11
floquet_calibration,-0.05,-0.0333333333333333,0.996214886817254,0.99620532737034,0.996224446264169,2.31186181309795e-11
floquet_calibration,-0.05,-0.025,0.996179906060728,0.996169578630029,0.996190233491427,2.31177299525598e-11
floquet_calibration,-0.05,-0.0166666666666667,0.996143903255136,0.996132769385376,0.996155037124895,2.31177299525598e-11
floquet_calibration,-0.05,-0.00833333333333333,0.996106879415469,0.996094899690529,0.996118859140408,2.31177299525598e-11
floquet_calibration,-0.05,0,0.996068835568535,0.996055969602879,0.996081701534192,2.31195063093992e-11
floquet_calibration,-0.05,0.00833333333333333,0.996029772752939,0.996015979183102,0.996043566322776,2.3119950398609e-11
floquet_calibration,-0.05,0.0166666666666667,0.995989692019026,0.995974928495169,0.996004455542882,2.31232810676829e-11
floquet_calibration,-0.05,0.025,0.99594859442887,0.995932817606397,0.995964371251342,2.31177299525598e-11
floquet_calibration,-0.05,0.0333333333333333,0.995906481056176,0.995889646587411,0.995923315524941,2.31190622201893e-11
floquet_calibration,-0.05,0.0416666666666667,0.995863352986322,0.995845415512254,0.995881290460389,2.31177299525598e-11
floquet_calibration,-0.05,0.05,0.995819211316243,0.995800124458338,0.995838298174149,2.31177299525598e-11
floquet_calibration,-0.05,0.0583333333333333,0.995774057154425,0.995753773506494,0.995794340802356,2.31235031122878e-11
floquet_calibration,-0.05,0.0666666666666667,0.995727891620881,0.995706362741025,0.995749420500737,2.31195063093992e-11
floquet_calibration,-0.05,0.075,0.995680715847058,0.99565789224967,0.995703539444446,2.31177299525598e-11
floquet_calibration,-0.05,0.0833333333333333,0.995632530975818,0.995608362123655,0.995656699827982,2.31187291532819e-11
floquet_calibration,-0.05,0.0916666666666667,0.995583338161431,0.99555777245775,0.995608903865112,2.3118507108677e-11
floquet_calibration,-0.05,0.1,0.995533138569473,0.995506123350239,0.995560153788706,2.31218377777509e-11
floquet_calibration,-0.0416666666666667,-0.1,0.99642011561222,0.996415716188786,0.996424515035654,2.31187291532819e-11
floquet_calibration,-0.0416666666666667,-0.0916666666666667,0.996394092959927,0.996389216182899,0.996398969736955,2.31188401755844e-11
floquet_calibration,-0.0416666666666667,-0.0833333333333333,0.996367040241419,0.996361655357815,0.996372425125023,2.31177299525598e-11
floquet_calibration,-0.0416666666666667,-0.075,0.996338958371305,0.996333033740487,0.996344883002124,2.31177299525598e-11
floquet_calibration,-0.0416666666666667,-0.0666666666666667,0.996309848276352,0.996303351360957,0.996316345191747,2.31177299525598e-11
floquet_calibration,-0.0416666666666667,-0.0583333333333333,0.996279710895403,0.996272608252336,0.99628681353847,2.31249464022198e-11
floquet_calibration,-0.0416666666666667,-0.05,0.996248547179416,0.996240804450898,0.996256289907934,2.31239472014977e-11
floquet_calibration,-0.0416666666666667,-0.0416666666666667,0.996216358091348,0.996207939996027,0.996224776186669,2.31177299525598e-11
floquet_calibration,-0.0416666666666667,-0.0333333333333333,0.996183144606136,0.996174014930258,0.996192274282015,2.31177299525598e-11
floquet_calibration,-0.0416666666666667,-0.025,0.996148907710703,0.996139029299341,0.996158786122066,2.31177299525598e-11
floquet_calibration,-0.0416666666666667,-0.0166666666666667,0.996113648403869,0.996102983152218,0.99612431365552,2.31188401755844e-11
floquet_calibration,-0.0416666666666667,-0.00833333333333333,0.996077367696344,0.996065876541076,0.996088858851611,2.31177299525598e-11
floquet_calibration,-0.0416666666666667,0,0.99604006661066,0.996027709521341,0.996052423699979,2.3119950398609e-11
floquet_calibration,-0.0416666666666667,0.00833333333333333,0.99600174618117,0.995988482151737,0.996015010210602,2.31177299525598e-11
floquet_calibration,-0.0416666666666667,0.0166666666666667,0.995962407453953,0.995948194494259,0.995976620413648,2.31189511978869e-11
floquet_calibration,-0.0416666666666667,0.025,0.995922051486845,0.995906846614262,0.995937256359427,2.31179519971647e-11
floquet_calibration,-0.0416666666666667,0.0333333333333333,0.995880679349338,0.99586443858043,0.995896920118246,2.31177299525598e-11
floquet_calibration,-0.0416666666666667,0.0416666666666667,0.995838292122545,0.995820970464798,0.995855613780292,2.31211716439361e-11
floquet_calibration,-0.0416666666666667,0.05,0.995794890899225,0.995776442342848,0.995813339455601,2.31177299525598e-11
floquet_calibration,-0.0416666666666667,0.0583333333333333,0.995750476783639,0.995730854293427,0.995770099273852,2.31207275547263e-11
floquet_calibration,-0.0416666666666667,0.0666666666666667,0.995705050891602,0.995684206398862,0.995725895384343,2.31177299525598e-11
floquet_calibration,-0.0416666666666667,0.075,0.995658614350368,0.995636498744916,0.995680729955821,2.31177299525598e-11
floquet_calibration,-0.0416666666666667,0.0833333333333333,0.995611168298641,0.995587731420862,0.995634605176421,2.31177299525598e-11
floquet_calibration,-0.0416666666666667,0.0916666666666667,0.995562713886495,0.995537904519469,0.995587523253522,2.31202834655164e-11
floquet_calibration,-0.0416666666666667,0.1,0.995513252275371,0.995487018137065,0.995539486413677,2.31193952870967e-11
floquet_calibration,-0.0333333333333333,-0.1,0.996381379107014,0.996377259686297,0.996385498527731,2.31178409748622e-11
floquet_calibration,-0.0333333333333333,-0.0916666666666667,0.996356102884799,0.996351522603417,0.996360683166181,2.31236141345903e-11
floquet_calibration,-0.0333333333333333,-0.0833333333333333,0.996329796270133,0.996324724706893,0.996334867833373,2.31177299525598e-11
floquet_calibration,-0.0333333333333333,-0.075,0.996302460173269,0.996296866021722,0.996308054324816,2.31177299525598e-11
floquet_calibration,-0.0333333333333333,-0.0666666666666667,0.996274095516633,0.996267946575995,0.996280244457272,2.31177299525598e-11
floquet_calibration,-0.0333333333333333,-0.0583333333333333,0.996244703234763,0.996237966400895,0.99625144006863,2.31177299525598e-11
floquet_calibration,-0.0333333333333333,-0.05,0.996214284274263,0.996206925530716,0.99622164301781,2.3119950398609e-11
floquet_calibration,-0.0333333333333333,-0.0416666666666667,0.996182839593785,0.996174824002894,0.996190855184676,2.31255015137322e-11
floquet_calibration,-0.0333333333333333,-0.0333333333333333,0.996150370163997,0.996141661858046,0.996159078469948,2.31177299525598e-11
floquet_calibration,-0.0333333333333333,-0.025,0.996116876967487,0.99610743913993,0.996126314795045,2.31206165324238e-11
floquet_calibration,-0.0333333333333333,-0.0166666666666667,0.996082360998809,0.996072155895551,0.996092566102067,2.3121393688541e-11
floquet_calibration,-0.0333333333333333,-0.00833333333333333,0.996046823264386,0.996035812175129,0.996057834353642,2.31205055101213e-11
floquet_calibration,-0.0333333333333333,0,0.996010264782492,0.995998408032143,0.99602212153284,2.31177299525598e-11
floquet_calibration,-0.0333333333333333,0.00833333333333333,0.995972686583194,0.995959943523332,0.995985429643057,2.31178409748622e-11
floquet_calibration,-0.0333333333333333,0.0166666666666667,0.995934089708349,0.995920418708756,0.995947760707941,2.31191732424918e-11
floquet_calibration,-0.0333333333333333,0.025,0.99589447521153,0.99587983365179,0.995909116771269,2.31182850640721e-11
floquet_calibration,-0.0333333333333333,0.0333333333333333,0.995853844157996,0.995838188419152,0.995869499896841,2.31177299525598e-11
floquet_calibration,-0.0333333333333333,0.0416666666666667,0.995812197624652,0.995795483080928,0.995828912168376,2.31198393763066e-11
floquet_calibration,-0.0333333333333333,0.05,0.99576953670002,0.995751717710611,0.995787355689429,2.31177299525598e-11
floquet_calibration,-0.0333333333333333,0.0583333333333333,0.99572586248417,0.995706892385094,0.995744832583246,2.31177299525598e-11
floquet_calibration,-0.0333333333333333,0.0666666666666667,0.995681176088696,0.99566100718471,0.995701344992682,2.31177299525598e-11
floquet_calibration,-0.0333333333333333,0.075,0.99563547863668,0.995614062193267,0.995656895080093,2.31237251568928e-11
floquet_calibration,-0.0333333333333333,0.0833333333333333,0.995588771262654,0.995566057498069,0.995611485027239,2.31219488000534e-11
floquet_calibration,-0.0333333333333333,0.0916666666666667,0.995541055112521,0.995516993189908,0.995565117035133,2.31200614209115e-11
floquet_calibration,-0.0333333333333333,0.1,0.995492331343545,0.995466869363121,0.995517793323969,2.31209495993312e-11
floquet_calibration,-0.025,-0.1,0.996341612415684,0.996337764776733,0.996345460054635,2.31177299525598e-11
floquet_calibration,-0.025,-0.0916666666666667,0.996317082445984,0.996312790402388,0.996321374489579,2.31177299525598e-11
floquet_calibration,-0.025,-0.0833333333333333,0.996291521759148,0.99628675522174,0.996296288296556,2.31177299525598e-11
floquet_calibration,-0.025,-0.075,0.996264931261096,0.99625965925785,0.996270203264342,2.31177299525598e-11
floquet_calibration,-0.025,-0.0666666666666667,0.996237311869915,0.99623150253686,0.996243121202969,2.31193952870967e-11
floquet_calibration,-0.025,-0.0583333333333333,0.996208664515813,0.996202285088006,0.996215043943621,2.31210606216337e-11
floquet_calibration,-0.025,-0.05,0.996178990141082,0.996172006943635,0.99618597333853,2.31208385770287e-11
floquet_calibration,-0.025,-0.0416666666666667,0.996148289700057,0.99614066813923,0.996155911260884,2.31218377777509e-11
floquet_calibration,-0.025,-0.0333333333333333,0.996116564159091,0.996108268713444,0.996124859604737,2.31178409748622e-11
floquet_calibration,-0.025,-0.025,0.996083814496491,0.996074808708095,0.996092820284887,2.31206165324238e-11
floquet_calibration,-0.025,-0.0166666666666667,0.996050041702519,0.996040288168226,0.996059795236812,2.31190622201893e-11
floquet_calibration,-0.025,-0.00833333333333333,0.996015246779315,0.996004707142096,0.996025786416534,2.31218377777509e-11
floquet_calibration,-0.025,0,0.995979430740889,0.995968065681228,0.995990795800549,2.31183960863746e-11
floquet_calibration,-0.025,0.00833333333333333,0.995942594613048,0.995930363840405,0.995954825385692,2.3119950398609e-11
floquet_calibration,-0.025,0.0166666666666667,0.995904739433396,0.995891601677722,0.99591787718907,2.31177299525598e-11
floquet_calibration,-0.025,0.025,0.995865866251254,0.995851779254583,0.995879953247925,2.31196173317016e-11
floquet_calibration,-0.025,0.0333333333333333,0.995825976127658,0.995810896635751,0.995841055619565,2.31177299525598e-11
floquet_calibration,-0.025,0.0416666666666667,0.995785070135281,0.99576895388934,0.995801186381221,2.31192842647943e-11
floquet_calibration,-0.025,0.05,0.995743149358429,0.995725951086876,0.995760347629981,2.31177299525598e-11
floquet_calibration,-0.025,0.0583333333333333,0.995700214892961,0.995681888303278,0.995718541482644,2.31177299525598e-11
floquet_calibration,-0.025,0.0666666666666667,0.995656267846283,0.995636765616918,0.995675770075647,2.31198393763066e-11
floquet_calibration,-0.025,0.075,0.995611309337293,0.995590583109636,0.99563203556495,2.31177299525598e-11
floquet_calibration,-0.025,0.0833333333333333,0.995565340496313,0.995543340866732,0.995587340125894,2.3119950398609e-11
floquet_calibration,-0.025,0.0916666666666667,0.995518362465106,0.995495038977052,0.995541685953159,2.31177299525598e-11
floquet_calibration,-0.025,0.1,0.995470376396762,0.995445677532942,0.995495075260581,2.31186181309795e-11
floquet_calibration,-0.0166666666666667,-0.1,0.99630081623745,0.996297232055352,0.996304400419548,2.31179519971647e-11
floquet_calibration,-0.0166666666666667,-0.0916666666666667,0.996277032339844,0.996273020171627,0.996281044508061,2.31177299525598e-11
floquet_calibration,-0.0166666666666667,-0.0833333333333333,0.99625221740199,0.996247747490744,0.996256687313237,2.31177299525598e-11
floquet_calibration,-0.0166666666666667,-0.075,0.996226372325477,0.996221414033834,0.996231330617121,2.31177299525598e-11
floquet_calibration,-0.0166666666666667,-0.0666666666666667,0.996199498024038,0.996194019825075,0.996204976223002,2.31212826662386e-11
floquet_calibration,-0.0166666666666667,-0.0583333333333333,0.996171595423566,0.996165564891767,0.996177625955366,2.31246133353125e-11
floquet_calibration,-0.0166666666666667,-0.05,0.996142665462034,0.99613604926431,0.996149281659758,2.31215047108435e-11
floquet_calibration,-0.0166666666666667,-0.0416666666666667,0.996112709089458,0.996105472976231,0.996119945202686,2.31198393763066e-11
floquet_calibration,-0.0166666666666667,-0.0333333333333333,0.996081727267889,0.996073836064228,0.996089618471549,2.31177299525598e-11
floquet_calibration,-0.0166666666666667,-0.025,0.996049720971337,0.996041138568165,0.996058303374509,2.31177299525598e-11
floquet_calibration,-0.0166666666666667,-0.0166666666666667,0.996016691185774,0.996007380531127,0.996026001840421,2.31177299525598e-11
floquet_calibration,-0.0166666666666667,-0.00833333333333333,0.995982638909066,0.995972561999419,0.995992715818712,2.31212826662386e-11
floquet_calibration,-0.0166666666666667,0,0.995947565150954,0.995936683022608,0.995958447279299,2.31181740417696e-11
floquet_calibration,-0.0166666666666667,0.00833333333333333,0.995911470932983,0.995899743653513,0.995923198212452,2.31191732424918e-11
floquet_calibration,-0.0166666666666667,0.0166666666666667,0.995874357288499,0.995861743948266,0.995886970628733,2.31189511978869e-11
floquet_calibration,-0.0166666666666667,0.025,0.995836225262588,0.99582268396631,0.995849766558866,2.31207275547263e-11
floquet_calibration,-0.0166666666666667,0.0333333333333333,0.995797075912048,0.995782563770444,0.995811588053651,2.31177299525598e-11
floquet_calibration,-0.0166666666666667,0.0416666666666667,0.995756910305313,0.995741383426803,0.995772437183823,2.31258345806395e-11
floquet_calibration,-0.0166666666666667,0.05,0.995715729522494,0.995699143004964,0.995732316040024,2.31210606216337e-11
floquet_calibration,-0.0166666666666667,0.0583333333333333,0.995673534655236,0.995655842577871,0.995691226732601,2.31178409748622e-11
floquet_calibration,-0.0166666666666667,0.0666666666666667,0.995630326806736,0.995611482221916,0.995649171391556,2.3121393688541e-11
floquet_calibration,-0.0166666666666667,0.075,0.995586107091707,0.995566062016969,0.995606152166446,2.3119950398609e-11
floquet_calibration,-0.0166666666666667,0.0833333333333333,0.995540876636302,0.995519582046366,0.995562171226237,2.31210606216337e-11
floquet_calibration,-0.0166666666666667,0.0916666666666667,0.995494636578098,0.995472042396965,0.995517230759231,2.31182850640721e-11
floquet_calibration,-0.0166666666666667,0.1,0.995447388066034,0.995423443159142,0.995471332972925,2.31197283540041e-11
floquet_calibration,-0.00833333333333333,-0.1,0.996258991279708,0.996255662125403,0.996262320434013,2.31208385770287e-11
floquet_calibration,-0.00833333333333333,-0.0916666666666667,0.996235953270931,0.996232212510951,0.996239694030911,2.3118507108677e-11
floquet_calibration,-0.00833333333333333,-0.0833333333333333,0.996211883900365,0.99620770211029,0.996216065690441,2.31246133353125e-11
floquet_calibration,-0.00833333333333333,-0.075,0.996186784065269,0.996182130942621,0.996191437187917,2.31177299525598e-11
floquet_calibration,-0.00833333333333333,-0.0666666666666667,0.99616065467503,0.996155499030167,0.996165810319894,2.31211716439361e-11
floquet_calibration,-0.00833333333333333,-0.0583333333333333,0.99613349665121,0.996127806398277,0.996139186904143,2.31229480007755e-11
floquet_calibration,-0.00833333333333333,-0.05,0.996105310927464,0.996099053075405,0.996111568779522,2.31177299525598e-11
floquet_calibration,-0.00833333333333333,-0.0416666666666667,0.996076098449489,0.996069239093119,0.996082957805859,2.3119950398609e-11
floquet_calibration,-0.00833333333333333,-0.0333333333333333,0.996045860175033,0.996038364486167,0.996053355863899,2.31231700453804e-11
floquet_calibration,-0.00833333333333333,-0.025,0.996014597073834,0.996006429292481,0.996022764855187,2.31177299525598e-11
floquet_calibration,-0.00833333333333333,-0.0166666666666667,0.995982310127551,0.995973433553166,0.995991186701936,2.31177299525598e-11
floquet_calibration,-0.00833333333333333,-0.00833333333333333,0.995949000329782,0.99593937731258,0.995958623346984,2.31177299525598e-11
floquet_calibration,-0.00833333333333333,0,0.995914668685982,0.995904260618314,0.99592507675365,2.31200614209115e-11
floquet_calibration,-0.00833333333333333,0.00833333333333333,0.995879316213457,0.99586808352125,0.995890548905663,2.31190622201893e-11
floquet_calibration,-0.00833333333333333,0.0166666666666667,0.995842943941285,0.995830846075544,0.995855041807027,2.31215047108435e-11
floquet_calibration,-0.00833333333333333,0.025,0.995805552910321,0.995792548338688,0.995818557481953,2.31177299525598e-11
floquet_calibration,-0.00833333333333333,0.0333333333333333,0.995767144173106,0.995753190371495,0.995781097974717,2.31197283540041e-11
floquet_calibration,-0.00833333333333333,0.0416666666666667,0.99572771879388,0.995712772238164,0.995742665349596,2.31195063093992e-11
floquet_calibration,-0.00833333333333333,0.05,0.995687277848505,0.995671294006273,0.995703261690738,2.31177299525598e-11
floquet_calibration,-0.00833333333333333,0.0583333333333333,0.995645822424426,0.995628755746804,0.995662889102048,2.31217267554484e-11
floquet_calibration,-0.00833333333333333,0.0666666666666667,0.995603353620658,0.995585157534196,0.995621549707121,2.31208385770287e-11
floquet_calibration,-0.00833333333333333,0.075,0.99555987254771,0.99554049944633,0.99557924564909,2.31193952870967e-11
floquet_calibration,-0.00833333333333333,0.0833333333333333,0.995515380327557,0.995494781564573,0.99553597909054,2.31198393763066e-11
floquet_calibration,-0.00833333333333333,0.0916666666666667,0.995469878093603,0.995448003973804,0.995491752213402,2.31193952870967e-11
floquet_calibration,-0.00833333333333333,0.1,0.995423366990636,0.995400166762432,0.99544656721884,2.31177299525598e-11
floquet_calibration,0,-0.1,0.996216138257998,0.996213055598102,0.996219220917894,2.31248353799174e-11
floquet_calibration,0,-0.0916666666666667,0.996193845951949,0.996190368028154,0.996197323875745,2.31233920899854e-11
floquet_calibration,0,-0.0833333333333333,0.99617052196416,0.996166619684766,0.996174424243553,2.31177299525598e-11
floquet_calibration,0,-0.075,0.996146167187509,0.996141810585161,0.996150523789856,2.31177299525598e-11
floquet_calibration,0,-0.0666666666666667,0.99612078252708,0.996115940749649,0.99612562430451,2.31177299525598e-11
floquet_calibration,0,-0.0583333333333333,0.996094368900089,0.996089010201614,0.996099727598564,2.31193952870967e-11
floquet_calibration,0,-0.05,0.99606692723587,0.99606101896756,0.99607283550418,2.31207275547263e-11
floquet_calibration,0,-0.0416666666666667,0.996038458475827,0.996031967077122,0.996044949874532,2.31180630194672e-11
floquet_calibration,0,-0.0333333333333333,0.996008963573389,0.996001854563083,0.996016072583695,2.31177299525598e-11
floquet_calibration,0,-0.025,0.995978443493988,0.995970681461409,0.995986205526567,2.31177299525598e-11
floquet_calibration,0,-0.0166666666666667,0.995946899215015,0.99593844781127,0.99595535061876,2.31177299525598e-11
floquet_calibration,0,-0.00833333333333333,0.995914331725776,0.995905153655053,0.995923509796498,2.31196173317016e-11
floquet_calibration,0,0,0.995880742027471,0.995870799038408,0.995890685016533,2.31180630194672e-11
floquet_calibration,0,0.00833333333333333,0.995846131133131,0.995835384010242,0.99585687825602,2.31177299525598e-11
floquet_calibration,0,0.0166666666666667,0.995810500067579,0.995798908622746,0.995822091512412,2.31181740417696e-11
floquet_calibration,0,0.025,0.995773849867422,0.995761372931447,0.995786326803396,2.31247243576149e-11
floquet_calibration,0,0.0333333333333333,0.995736181580997,0.995722776995224,0.99574958616677,2.31177299525598e-11
floquet_calibration,0,0.0416666666666667,0.99569749626828,0.995683120876272,0.995711871660289,2.31177299525598e-11
floquet_calibration,0,0.05,0.995657795000931,0.995642404640215,0.995673185361647,2.31177299525598e-11
floquet_calibration,0,0.0583333333333333,0.995617078862188,0.99560062835607,0.995633529368307,2.3121615733146e-11
floquet_calibration,0,0.0666666666666667,0.995575348946872,0.995557792096307,0.995592905797437,2.31177299525598e-11
floquet_calibration,0,0.075,0.995532606361279,0.995513895936814,0.995551316785744,2.31212826662386e-11
floquet_calibration,0,0.0833333333333333,0.995488852223227,0.995468939957007,0.995508764489447,2.31217267554484e-11
floquet_calibration,0,0.0916666666666667,0.995444087661946,0.995422924239785,0.995465251084107,2.31177299525598e-11
floquet_calibration,0,0.1,0.99539831381805,0.995375848871571,0.995420778764529,2.31177299525598e-11
floquet_calibration,0.00833333333333333,-0.1,0.996172257896008,0.996169413092634,0.996175102699383,2.31177299525598e-11
floquet_calibration,0.00833333333333333,-0.0916666666666667,0.99615071110375,0.996147487338999,0.996153934868501,2.31177299525598e-11
floquet_calibration,0.00833333333333333,-0.0833333333333333,0.996128132311345,0.996124500826472,0.996131763796218,2.31220598223558e-11
floquet_calibration,0.00833333333333333,-0.075,0.996104522407353,0.996100453570354,0.996108591244353,2.31215047108435e-11
floquet_calibration,0.00833333333333333,-0.0666666666666667,0.996079882292507,0.996075345588995,0.99608441899602,2.31191732424918e-11
floquet_calibration,0.00833333333333333,-0.0583333333333333,0.996054212879697,0.996049176903836,0.996059248855559,2.31177299525598e-11
floquet_calibration,0.00833333333333333,-0.05,0.996027515093928,0.996021947539422,0.996033082648435,2.31196173317016e-11
floquet_calibration,0.00833333333333333,-0.0416666666666667,0.995999789872297,0.995993657523444,0.99600592222115,2.31177299525598e-11
floquet_calibration,0.00833333333333333,-0.0333333333333333,0.995971038163928,0.995964306886732,0.995977769441125,2.31177299525598e-11
floquet_calibration,0.00833333333333333,-0.025,0.995941260929961,0.995933895663301,0.99594862619662,2.31177299525598e-11
floquet_calibration,0.00833333333333333,-0.0166666666666667,0.995910459143494,0.995902423890363,0.995918494396625,2.31177299525598e-11
floquet_calibration,0.00833333333333333,-0.00833333333333333,0.995878633789559,0.995869891608352,0.995887375970767,2.31177299525598e-11
floquet_calibration,0.00833333333333333,0,0.995845785865073,0.995836298860944,0.995855272869201,2.3121393688541e-11
floquet_calibration,0.00833333333333333,0.00833333333333333,0.995811916378824,0.995801645695109,0.99582218706254,2.31177299525598e-11
floquet_calibration,0.00833333333333333,0.0166666666666667,0.995777026351372,0.995765932161063,0.99578812054168,2.31177299525598e-11
floquet_calibration,0.00833333333333333,0.025,0.995741116815082,0.995729158312377,0.995753075317787,2.31186181309795e-11
floquet_calibration,0.00833333333333333,0.0333333333333333,0.995704188814037,0.995691324205942,0.995717053422132,2.31215047108435e-11
floquet_calibration,0.00833333333333333,0.0416666666666667,0.995666243404017,0.99565242990202,0.995680056906015,2.31211716439361e-11
floquet_calibration,0.00833333333333333,0.05,0.99562728165245,0.995612475464253,0.995642087840646,2.31193952870967e-11
floquet_calibration,0.00833333333333333,0.0583333333333333,0.995587304638368,0.995571460959691,0.995603148317045,2.31177299525598e-11
floquet_calibration,0.00833333333333333,0.0666666666666667,0.995546313452377,0.995529386458818,0.995563240445937,2.31177299525598e-11
floquet_calibration,0.00833333333333333,0.075,0.995504309196609,0.995486252035574,0.995522366357643,2.31178409748622e-11
floquet_calibration,0.00833333333333333,0.0833333333333333,0.995461292984684,0.995442057767386,0.995480528201982,2.31177299525598e-11
floquet_calibration,0.00833333333333333,0.0916666666666667,0.995417265941651,0.995396803735168,0.995437728148134,2.31190622201893e-11
floquet_calibration,0.00833333333333333,0.1,0.995372229203983,0.995350490023386,0.99539396838458,2.31177299525598e-11
floquet_calibration,0.0166666666666667,-0.1,0.996127350925486,0.996124735236071,0.9961299666149,2.31265007144543e-11
floquet_calibration,0.0166666666666667,-0.0916666666666667,0.996106549455263,0.99610357106716,0.996109527843367,2.31180630194672e-11
floquet_calibration,0.0166666666666667,-0.0833333333333333,0.996084715668065,0.996081346155706,0.996088085180423,2.31186181309795e-11
floquet_calibration,0.0166666666666667,-0.075,0.996061850448104,0.996058060515069,0.996065640381139,2.31182850640721e-11
floquet_calibration,0.0166666666666667,-0.0666666666666667,0.996037954691782,0.996033714161656,0.996042195221909,2.31177299525598e-11
floquet_calibration,0.0166666666666667,-0.0583333333333333,0.996013029307663,0.996008307114962,0.996017751500364,2.31177299525598e-11
floquet_calibration,0.0166666666666667,-0.05,0.995987075216429,0.995981839397584,0.995992311035274,2.31192842647943e-11
floquet_calibration,0.0166666666666667,-0.0416666666666667,0.995960093350864,0.995954311035262,0.995965875666466,2.31187291532819e-11
floquet_calibration,0.0166666666666667,-0.0333333333333333,0.995932084655792,0.995925722056876,0.995938447254708,2.31178409748622e-11
floquet_calibration,0.0166666666666667,-0.025,0.995903050088054,0.995896072494487,0.995910027681621,2.31177299525598e-11
floquet_calibration,0.0166666666666667,-0.0166666666666667,0.995872990616451,0.99586536238334,0.995880618849563,2.31241692461026e-11
floquet_calibration,0.0166666666666667,-0.00833333333333333,0.995841907221761,0.995833591761938,0.995850222681584,2.31195063093992e-11
floquet_calibration,0.0166666666666667,0,0.995809800896614,0.995800760671985,0.995818841121243,2.31187291532819e-11
floquet_calibration,0.0166666666666667,0.00833333333333333,0.995776672645525,0.995766869158477,0.995786476132573,2.31178409748622e-11
floquet_calibration,0.0166666666666667,0.0166666666666667,0.995742523484817,0.995731917269688,0.995753129699947,2.31219488000534e-11
floquet_calibration,0.0166666666666667,0.025,0.995707354442614,0.995695905057226,0.995718803828001,2.31177299525598e-11
floquet_calibration,0.0166666666666667,0.0333333333333333,0.995671166558746,0.995658832576004,0.995683500541489,2.31202834655164e-11
floquet_calibration,0.0166666666666667,0.0416666666666667,0.995633960884776,0.995620699884325,0.995647221885227,2.31206165324238e-11
floquet_calibration,0.0166666666666667,0.05,0.995595738483906,0.995581507043858,0.995609969923955,2.312450231301e-11
floquet_calibration,0.0166666666666667,0.0583333333333333,0.995556500430969,0.995541254119691,0.995571746742248,2.31269448036642e-11
floquet_calibration,0.0166666666666667,0.0666666666666667,0.995516247812379,0.995499941180345,0.995532554444413,2.3118507108677e-11
floquet_calibration,0.0166666666666667,0.075,0.995474981726062,0.995457568297776,0.995492395154349,2.31177299525598e-11
floquet_calibration,0.0166666666666667,0.0833333333333333,0.995432703281452,0.995414135547427,0.995451271015476,2.31186181309795e-11
floquet_calibration,0.0166666666666667,0.0916666666666667,0.99538941359945,0.995369643008265,0.995409184190634,2.31177299525598e-11
floquet_calibration,0.0166666666666667,0.1,0.995345113812336,0.995324090762747,0.995366136861924,2.31177299525598e-11
floquet_calibration,0.025,-0.1,0.99608141808635,0.99607902266349,0.996083813509211,2.31183960863746e-11
floquet_calibration,0.025,-0.0916666666666667,0.996061361743553,0.996058619844271,0.996064103642835,2.31177299525598e-11
floquet_calibration,0.025,-0.0833333333333333,0.996040272768525,0.996037156300665,0.996043389236385,2.31207275547263e-11
floquet_calibration,0.025,-0.075,0.996018152041138,0.996014632044087,0.996021672038189,2.31237251568928e-11
floquet_calibration,0.025,-0.0666666666666667,0.99599500045346,0.995991047089003,0.995998953817916,2.31215047108435e-11
floquet_calibration,0.025,-0.0583333333333333,0.995970818909724,0.995966401452961,0.995975236366487,2.31177299525598e-11
floquet_calibration,0.025,-0.05,0.995945608326282,0.995940695156598,0.995950521495966,2.31197283540041e-11
floquet_calibration,0.025,-0.0416666666666667,0.995919369631617,0.995913928223715,0.99592481103952,2.31177299525598e-11
floquet_calibration,0.025,-0.0333333333333333,0.995892103766237,0.99588610068123,0.995898106851244,2.31193952870967e-11
floquet_calibration,0.025,-0.025,0.995863811682695,0.995857212559259,0.995870410806133,2.31190622201893e-11
floquet_calibration,0.025,-0.0166666666666667,0.995834494345516,0.9958272638911,0.995841724799931,2.31191732424918e-11
floquet_calibration,0.025,-0.00833333333333333,0.995804152731169,0.995796254713276,0.995812050749062,2.31202834655164e-11
floquet_calibration,0.025,0,0.995772787828037,0.995764185065553,0.995781390590521,2.31203944878189e-11
floquet_calibration,0.025,0.00833333333333333,0.99574040063637,0.995731054990964,0.995749746281775,2.31177299525598e-11
floquet_calibration,0.025,0.0166666666666667,0.995706992168231,0.995696864535817,0.995717119800644,2.31183960863746e-11
floquet_calibration,0.025,0.025,0.995672563447492,0.995661613749751,0.995683513145232,2.3120172443214e-11
floquet_calibration,0.025,0.0333333333333333,0.995637115509771,0.995625302685736,0.995648928333806,2.31177299525598e-11
floquet_calibration,0.025,0.0416666666666667,0.995600649402379,0.995587931400086,0.995613367404672,2.31210606216337e-11
floquet_calibration,0.025,0.05,0.995563166184317,0.995549499952518,0.995576832416115,2.31211716439361e-11
floquet_calibration,0.025,0.0583333333333333,0.995524666926205,0.995510008406149,0.995539325446262,2.31177299525598e-11
floquet_calibration,0.025,0.0666666666666667,0.995485152710238,0.99546945682751,0.995500848592967,2.31177299525598e-11
floquet_calibration,0.025,0.075,0.995444624630169,0.9954278452866,0.995461403973738,2.31198393763066e-11
floquet_calibration,0.025,0.0833333333333333,0.995403083791255,0.995385173856898,0.995420993725612,2.31219488000534e-11
floquet_calibration,0.025,0.0916666666666667,0.995360531310213,0.995341442615379,0.995379620005047,2.31210606216337e-11
floquet_calibration,0.025,0.1,0.995316968315182,0.995296651642547,0.995337284987816,2.31177299525598e-11
floquet_calibration,0.0333333333333333,-0.1,0.996034460126524,0.9960322760178,0.996036644235247,2.31207275547263e-11
floquet_calibration,0.0333333333333333,-0.0916666666666667,0.996015148713736,0.996012634309859,0.996017663117613,2.31177299525598e-11
floquet_calibration,0.0333333333333333,-0.0833333333333333,0.995994804355037,0.995991931897484,0.995997676812591,2.3120172443214e-11
floquet_calibration,0.0333333333333333,-0.075,0.995973427925951,0.995970168790144,0.995976687061758,2.31210606216337e-11
floquet_calibration,0.0333333333333333,-0.0666666666666667,0.995951020314204,0.995947345000356,0.995954695628052,2.31215047108435e-11
floquet_calibration,0.0333333333333333,-0.0583333333333333,0.995927582419711,0.995923460543731,0.995931704295691,2.31177299525598e-11
floquet_calibration,0.0333333333333333,-0.05,0.995903115154497,0.995898515438951,0.995907714870042,2.31179519971647e-11
floquet_calibration,0.0333333333333333,-0.0416666666666667,0.995877619442731,0.995872509707867,0.995882729177594,2.31179519971647e-11
floquet_calibration,0.0333333333333333,-0.0333333333333333,0.99585109622063,0.995845443375459,0.995856749065801,2.31177299525598e-11
floquet_calibration,0.0333333333333333,-0.025,0.995823546436425,0.995817316469862,0.995829776402987,2.31231700453804e-11
floquet_calibration,0.0333333333333333,-0.0166666666666667,0.995794971050384,0.995788129022455,0.995801813078313,2.31177299525598e-11
floquet_calibration,0.0333333333333333,-0.00833333333333333,0.995765371034672,0.995757881067774,0.99577286100157,2.31208385770287e-11
floquet_calibration,0.0333333333333333,0,0.995734747373417,0.995726572643647,0.995742922103188,2.31180630194672e-11
floquet_calibration,0.0333333333333333,0.00833333333333333,0.99570310106259,0.995694203791129,0.99571199833405,2.31215047108435e-11
floquet_calibration,0.0333333333333333,0.0166666666666667,0.995670433110023,0.995660774554592,0.995680091665455,2.31188401755844e-11
floquet_calibration,0.0333333333333333,0.025,0.99563674453533,0.995626284981695,0.995647204088964,2.31177299525598e-11
floquet_calibration,0.0333333333333333,0.0333333333333333,0.995602036369886,0.995590735123441,0.99561333761633,2.31190622201893e-11
floquet_calibration,0.0333333333333333,0.0416666666666667,0.995566309656783,0.995554125034185,0.99557849427938,2.31255015137322e-11
floquet_calibration,0.0333333333333333,0.05,0.995529565450811,0.995516454771686,0.995542676129935,2.31207275547263e-11
floquet_calibration,0.0333333333333333,0.0583333333333333,0.99549180481836,0.995477724397069,0.995505885239653,2.31217267554484e-11
floquet_calibration,0.0333333333333333,0.0666666666666667,0.995453028837448,0.995437933974917,0.995468123699979,2.31180630194672e-11
floquet_calibration,0.0333333333333333,0.075,0.995413238597623,0.995397083573246,0.995429393621999,2.3120172443214e-11
floquet_calibration,0.0333333333333333,0.0833333333333333,0.995372435199965,0.995355173263565,0.995389697136364,2.31181740417696e-11
floquet_calibration,0.0333333333333333,0.0916666666666667,0.995330619757008,0.995312203120863,0.995349036393153,2.31209495993312e-11
floquet_calibration,0.0333333333333333,0.1,0.995287793392736,0.995268173223676,0.995307413561795,2.31177299525598e-11
floquet_calibration,0.0416666666666667,-0.1,0.995986477802025,0.99598449594985,0.995988459654199,2.3121393688541e-11
floquet_calibration,0.0416666666666667,-0.0916666666666667,0.995967911119006,0.995965615111363,0.995970207126649,2.31177299525598e-11
floquet_calibration,0.0416666666666667,-0.0833333333333333,0.995948311177966,0.995945673590191,0.99595094876574,2.31182850640721e-11
floquet_calibration,0.0416666666666667,-0.075,0.995927678850081,0.995924671393858,0.995930686306303,2.31177299525598e-11
floquet_calibration,0.0416666666666667,-0.0666666666666667,0.995906015018741,0.995902608532937,0.995909421504545,2.31177299525598e-11
floquet_calibration,0.0416666666666667,-0.0583333333333333,0.995883320579519,0.995879485021076,0.995887156137962,2.3119950398609e-11
floquet_calibration,0.0416666666666667,-0.05,0.995859596440156,0.995855300875049,0.995863892005262,2.31177299525598e-11
floquet_calibration,0.0416666666666667,-0.0416666666666667,0.995834843520469,0.995830056114718,0.995839630926221,2.3123059023078e-11
floquet_calibration,0.0416666666666667,-0.0333333333333333,0.995809062752398,0.995803750763136,0.995814374741661,2.31177299525598e-11
floquet_calibration,0.0416666666666667,-0.025,0.995782255079873,0.995776384846484,0.995788125313263,2.31189511978869e-11
floquet_calibration,0.0416666666666667,-0.0166666666666667,0.995754421458852,0.995747958394161,0.995760884523542,2.31231700453804e-11
floquet_calibration,0.0416666666666667,-0.00833333333333333,0.995725562857259,0.995718471438789,0.995732654275729,2.31177299525598e-11
floquet_calibration,0.0416666666666667,0,0.995695680254916,0.995687924016201,0.995703436493632,2.31177299525598e-11
floquet_calibration,0.0416666666666667,0.00833333333333333,0.99566477464355,0.995656316165513,0.995673233121587,2.31179519971647e-11
floquet_calibration,0.0416666666666667,0.0166666666666667,0.995632847026729,0.995623647929124,0.995642046124335,2.31193952870967e-11
floquet_calibration,0.0416666666666667,0.025,0.99559989841983,0.995589919352741,0.995609877486919,2.31190622201893e-11
floquet_calibration,0.0416666666666667,0.0333333333333333,0.995565929849992,0.995555130485401,0.995576729214583,2.31183960863746e-11
floquet_calibration,0.0416666666666667,0.0416666666666667,0.995530942356083,0.995519281379498,0.995542603332667,2.31177299525598e-11
floquet_calibration,0.0416666666666667,0.05,0.995494936988655,0.995482372090805,0.995507501886506,2.31177299525598e-11
floquet_calibration,0.0416666666666667,0.0583333333333333,0.995457914809902,0.99544440267849,0.995471426941315,2.31200614209115e-11
floquet_calibration,0.0416666666666667,0.0666666666666667,0.995419876893641,0.995405373205167,0.995434380582115,2.31191732424918e-11
floquet_calibration,0.0416666666666667,0.075,0.995380824325233,0.995365283736885,0.995396364913581,2.31182850640721e-11
floquet_calibration,0.0416666666666667,0.0833333333333333,0.995340758201568,0.995324134343169,0.995357382059968,2.31177299525598e-11
floquet_calibration,0.0416666666666667,0.0916666666666667,0.995299679631013,0.995281925097039,0.995317434164986,2.31177299525598e-11
floquet_calibration,0.0416666666666667,0.1,0.99525758973337,0.995238656075039,0.9952765233917,2.31246133353125e-11
floquet_calibration,0.05,-0.1,0.995937471876896,0.995935683118349,0.995939260635442,2.31203944878189e-11
floquet_calibration,0.05,-0.0916666666666667,0.995919649720585,0.995917562904094,0.995921736537077,2.3119950398609e-11
floquet_calibration,0.05,-0.0833333333333333,0.995900793995716,0.9958983820307,0.995903205960732,2.31177299525598e-11
floquet_calibration,0.05,-0.075,0.995880905569109,0.995878140503737,0.995883670634482,2.31208385770287e-11
floquet_calibration,0.05,-0.0666666666666667,0.995859985319831,0.995856838331846,0.995863132307817,2.31186181309795e-11
floquet_calibration,0.05,-0.0583333333333333,0.995838034139124,0.995834475526729,0.995841592751519,2.31182850640721e-11
floquet_calibration,0.05,-0.05,0.995815052930393,0.995811052103196,0.995819053757591,2.31200614209115e-11
floquet_calibration,0.05,-0.0416666666666667,0.99579104260917,0.995786568079185,0.995795517139155,2.31200614209115e-11
floquet_calibration,0.05,-0.0333333333333333,0.995766004103068,0.995761023475779,0.995770984730356,2.31177299525598e-11
floquet_calibration,0.05,-0.025,0.995739938351724,0.995734418317208,0.995745458386239,2.31181740417696e-11
floquet_calibration,0.05,-0.0166666666666667,0.995712846306816,0.995706752630927,0.995718939982706,2.31207275547263e-11
floquet_calibration,0.05,-0.00833333333333333,0.995684728931984,0.995678026447593,0.995691431416375,2.31177299525598e-11
floquet_calibration,0.05,0,0.995655587202775,0.995648239801082,0.995662934604469,2.31211716439361e-11
floquet_calibration,0.05,0.00833333333333333,0.995625422106666,0.995617392728561,0.99563345148477,2.31217267554484e-11
floquet_calibration,0.05,0.0166666666666667,0.995594234642968,0.995585485270467,0.995602984015469,2.31177299525598e-11
floquet_calibration,0.05,0.025,0.995562025822799,0.99555251747053,0.995571534175068,2.31191732424918e-11
floquet_calibration,0.05,0.0333333333333333,0.995528796669078,0.99551848937584,0.995539103962315,2.31177299525598e-11
floquet_calibration,0.05,0.0416666666666667,0.995494548216423,0.995483401036804,0.995505695396042,2.31231700453804e-11
floquet_calibration,0.05,0.05,0.995459281511203,0.995447252507261,0.995471310515144,2.31177299525598e-11
floquet_calibration,0.05,0.0583333333333333,0.995422997611365,0.995410043844378,0.995435951378353,2.31235031122878e-11
floquet_calibration,0.05,0.0666666666666667,0.995385697586553,0.995371775108823,0.995399620064283,2.31177299525598e-11
floquet_calibration,0.05,0.075,0.995347382517919,0.995332446364656,0.995362318671183,2.31177299525598e-11
floquet_calibration,0.05,0.0833333333333333,0.995308053498176,0.995292057679434,0.995324049316918,2.31177299525598e-11
floquet_calibration,0.05,0.0916666666666667,0.995267711631515,0.995250609124202,0.995284814138828,2.31208385770287e-11
floquet_calibration,0.05,0.1,0.995226358033593,0.995208100773542,0.995244615293643,2.31177299525598e-11
floquet_calibration,0.0583333333333333,-0.1,0.9958874431232,0.995885838189874,0.995889048056526,2.31177299525598e-11
floquet_calibration,0.0583333333333333,-0.0916666666666667,0.995870365287726,0.995868478351237,0.995872252224214,2.31177299525598e-11
floquet_calibration,0.0583333333333333,-0.0833333333333333,0.995852253574724,0.995850057878799,0.995854449270649,2.31177299525598e-11
floquet_calibration,0.0583333333333333,-0.075,0.995833108846673,0.995830576776188,0.995835640917158,2.31177299525598e-11
floquet_calibration,0.0583333333333333,-0.0666666666666667,0.99581293197829,0.995810035050089,0.995815828906492,2.31211716439361e-11
floquet_calibration,0.0583333333333333,-0.0583333333333333,0.995791723856506,0.995788432710274,0.995795015002738,2.31211716439361e-11
floquet_calibration,0.0583333333333333,-0.05,0.995769485380397,0.995765769769598,0.995773200991195,2.312450231301e-11
floquet_calibration,0.0583333333333333,-0.0416666666666667,0.995746217461187,0.995742046244057,0.995750388678318,2.3121615733146e-11
floquet_calibration,0.0583333333333333,-0.0333333333333333,0.995721921022181,0.995717262152776,0.995726579891585,2.31177299525598e-11
floquet_calibration,0.0583333333333333,-0.025,0.995696596998724,0.995691417518039,0.995701776479408,2.31177299525598e-11
floquet_calibration,0.0583333333333333,-0.0166666666666667,0.995670246338198,0.995664512365338,0.995675980311058,2.31191732424918e-11
floquet_calibration,0.0583333333333333,-0.00833333333333333,0.995642869999967,0.995636546723381,0.995649193276553,2.31177299525598e-11
floquet_calibration,0.0583333333333333,0,0.995614468955316,0.995607520624091,0.995621417286541,2.31177299525598e-11
floquet_calibration,0.0583333333333333,0.00833333333333333,0.995585044187444,0.995577434102667,0.995592654272222,2.31193952870967e-11
floquet_calibration,0.0583333333333333,0.0166666666666667,0.995554596691417,0.995546287197588,0.995562906185246,2.31177299525598e-11
floquet_calibration,0.0583333333333333,0.025,0.995523127474106,0.995514079950625,0.995532174997587,2.31220598223558e-11
floquet_calibration,0.0583333333333333,0.0333333333333333,0.995490637554195,0.995480812406905,0.995500462701484,2.31186181309795e-11
floquet_calibration,0.0583333333333333,0.0416666666666667,0.995457127962088,0.995446484614884,0.995467771309292,2.31177299525598e-11
floquet_calibration,0.0583333333333333,0.05,0.995422599739894,0.995411096626392,0.995434102853396,2.31177299525598e-11
floquet_calibration,0.0583333333333333,0.0583333333333333,0.995387053941393,0.995374648496669,0.995399459386117,2.31215047108435e-11
floquet_calibration,0.0583333333333333,0.0666666666666667,0.995350491632003,0.995337140284392,0.995363842979613,2.3118507108677e-11
floquet_calibration,0.0583333333333333,0.075,0.995312913888694,0.995298572051657,0.995327255725731,2.31186181309795e-11
floquet_calibration,0.0583333333333333,0.0833333333333333,0.995274321799996,0.995258943864048,0.995289699735944,2.31177299525598e-11
floquet_calibration,0.0583333333333333,0.0916666666666667,0.995234716465925,0.995218255790632,0.995251177141217,2.31198393763066e-11
floquet_calibration,0.0583333333333333,0.1,0.995194098997967,0.995176507904011,0.995211690091924,2.31195063093992e-11
floquet_calibration,0.0666666666666667,-0.1,0.995836392320984,0.995834961838833,0.995837822803135,2.31177299525598e-11
floquet_calibration,0.0666666666666667,-0.0916666666666667,0.995820058597668,0.995818362123817,0.995821755071519,2.31186181309795e-11
floquet_calibration,0.0666666666666667,-0.0833333333333333,0.995802690689427,0.99580070180213,0.995804679576724,2.31177299525598e-11
floquet_calibration,0.0666666666666667,-0.075,0.995784289454378,0.99578198087544,0.995786598033315,2.31277219597814e-11
floquet_calibration,0.0666666666666667,-0.0666666666666667,0.995764855762945,0.995762199348533,0.995767512177357,2.31177299525598e-11
floquet_calibration,0.0666666666666667,-0.0583333333333333,0.995744390497679,0.995741357229183,0.995747423766174,2.31242802684051e-11
floquet_calibration,0.0666666666666667,-0.05,0.995722894553382,0.995719454528345,0.995726334578418,2.31177299525598e-11
floquet_calibration,0.0666666666666667,-0.0416666666666667,0.995700368836922,0.995696491260022,0.995704246413823,2.31188401755844e-11
floquet_calibration,0.0666666666666667,-0.0333333333333333,0.995676814267324,0.995672467441414,0.995681161093234,2.31177299525598e-11
floquet_calibration,0.0666666666666667,-0.025,0.995652231775638,0.995647383092854,0.995657080458422,2.31196173317016e-11
floquet_calibration,0.0666666666666667,-0.0166666666666667,0.995626622304957,0.995621238237879,0.995632006372036,2.3123059023078e-11
floquet_calibration,0.0666666666666667,-0.00833333333333333,0.995599986810367,0.995594032903242,0.995605940717492,2.31177299525598e-11
floquet_calibration,0.0666666666666667,0,0.995572326258872,0.995565767118904,0.995578885398841,2.31195063093992e-11
floquet_calibration,0.0666666666666667,0.00833333333333333,0.995543641629417,0.995536440918107,0.995550842340727,2.31219488000534e-11
floquet_calibration,0.0666666666666667,0.0166666666666667,0.995513933912814,0.995506054337378,0.995521813488251,2.31177299525598e-11
floquet_calibration,0.0666666666666667,0.025,0.995483204111688,0.995474607416519,0.995491800806856,2.31177299525598e-11
floquet_calibration,0.0666666666666667,0.0333333333333333,0.995451453240476,0.995442100198688,0.995460806282263,2.31177299525598e-11
floquet_calibration,0.0666666666666667,0.0416666666666667,0.995418682325356,0.995408532730375,0.995428831920337,2.31208385770287e-11
floquet_calibration,0.0666666666666667,0.05,0.995384892404235,0.995373905061463,0.995395879747008,2.3119950398609e-11
floquet_calibration,0.0666666666666667,0.0583333333333333,0.995350084526676,0.995338217245213,0.995361951808137,2.31223928892632e-11
floquet_calibration,0.0666666666666667,0.0666666666666667,0.995314259753884,0.995301469338326,0.995327050169443,2.31203944878189e-11
floquet_calibration,0.0666666666666667,0.075,0.995277419158648,0.995263661400932,0.995291176916364,2.31197283540041e-11
floquet_calibration,0.0666666666666667,0.0833333333333333,0.995239563825313,0.995224793496642,0.995254334153983,2.31177299525598e-11
floquet_calibration,0.0666666666666667,0.0916666666666667,0.995200694849715,0.995184865692544,0.995216524006886,2.31197283540041e-11
floquet_calibration,0.0666666666666667,0.1,0.995160813339186,0.995143878059271,0.995177748619102,2.31177299525598e-11
floquet_calibration,0.075,-0.1,0.995784320258289,0.995783054747479,0.995785585769098,2.31177299525598e-11
floquet_calibration,0.075,-0.0916666666666667,0.995768730435645,0.995767214900703,0.995770245970588,2.31177299525598e-11
floquet_calibration,0.075,-0.0833333333333333,0.99575210612224,0.995750314476165,0.995753897768315,2.31206165324238e-11
floquet_calibration,0.075,-0.075,0.995734448171872,0.99573235347362,0.995736542870124,2.31208385770287e-11
floquet_calibration,0.075,-0.0666666666666667,0.995715757450599,0.995713331895879,0.99571818300532,2.31177299525598e-11
floquet_calibration,0.075,-0.0583333333333333,0.995696034836655,0.995693249748783,0.995698819924526,2.31219488000534e-11
floquet_calibration,0.075,-0.05,0.995675281220519,0.995672107041339,0.9956784553997,2.31178409748622e-11
floquet_calibration,0.075,-0.0416666666666667,0.995653497504759,0.995649903785611,0.995657091223908,2.31228369784731e-11
floquet_calibration,0.075,-0.0333333333333333,0.995630684604091,0.995626639996847,0.995634729211334,2.31177299525598e-11
floquet_calibration,0.075,-0.025,0.995606843445265,0.995602315693424,0.995611371197106,2.31178409748622e-11
floquet_calibration,0.075,-0.0166666666666667,0.995581974967085,0.995576930896924,0.995587019037247,2.31217267554484e-11
floquet_calibration,0.075,-0.00833333333333333,0.995556080120361,0.995550485632149,0.995561674608572,2.31177299525598e-11
floquet_calibration,0.075,0,0.995529159867823,0.9955229799271,0.995535339808546,2.3119950398609e-11
floquet_calibration,0.075,0.00833333333333333,0.995501215184162,0.995494413813072,0.995508016555251,2.31177299525598e-11
floquet_calibration,0.075,0.0166666666666667,0.995472247055917,0.995464787324611,0.995479706787224,2.31182850640721e-11
floquet_calibration,0.075,0.025,0.995442256481485,0.995434100499576,0.995450412463394,2.31208385770287e-11
floquet_calibration,0.075,0.0333333333333333,0.995411244471065,0.995402353379159,0.995420135562971,2.31178409748622e-11
floquet_calibration,0.075,0.0416666666666667,0.995379212046605,0.995369546007885,0.995388878085326,2.31186181309795e-11
floquet_calibration,0.075,0.05,0.995346160241788,0.995335678433664,0.995356642049912,2.31177299525598e-11
floquet_calibration,0.075,0.0583333333333333,0.995312090101966,0.995300750707792,0.995323429496139,2.3120172443214e-11
floquet_calibration,0.075,0.0666666666666667,0.995277002684147,0.995264762885001,0.995289242483294,2.31183960863746e-11
floquet_calibration,0.075,0.075,0.995240899056928,0.995227715023451,0.995254083090405,2.31177299525598e-11
floquet_calibration,0.075,0.0833333333333333,0.995203780300459,0.99518960718477,0.995217953416148,2.31208385770287e-11
floquet_calibration,0.075,0.0916666666666667,0.995165647506428,0.995150439434095,0.995180855578762,2.31179519971647e-11
floquet_calibration,0.075,0.1,0.995126501777976,0.995110211840056,0.995142791715896,2.31183960863746e-11
floquet_calibration,0.0833333333333333,-0.1,0.9957312277311,0.995730117605866,0.995732337856333,2.31232810676829e-11
floquet_calibration,0.0833333333333333,-0.0916666666666667,0.995716381594844,0.99571503736857,0.995717725821116,2.31196173317016e-11
floquet_calibration,0.0833333333333333,-0.0833333333333333,0.995700500663569,0.995698896584224,0.995702104742914,2.31177299525598e-11
floquet_calibration,0.0833333333333333,-0.075,0.99568358578672,0.995681695250627,0.995685476322813,2.31202834655164e-11
floquet_calibration,0.0833333333333333,-0.0666666666666667,0.995665637826022,0.995663433368651,0.995667842283392,2.31212826662386e-11
floquet_calibration,0.0833333333333333,-0.0583333333333333,0.995646657655408,0.995644110942223,0.995649204368593,2.31223928892632e-11
floquet_calibration,0.0833333333333333,-0.05,0.995626646161007,0.995623727978369,0.995629564343645,2.31200614209115e-11
floquet_calibration,0.0833333333333333,-0.0416666666666667,0.995605604241093,0.995602284487227,0.995608923994959,2.31177299525598e-11
floquet_calibration,0.0833333333333333,-0.0333333333333333,0.995583532806055,0.995579780482072,0.995587285130038,2.31197283540041e-11
floquet_calibration,0.0833333333333333,-0.025,0.995560432778373,0.995556215979354,0.995564649577392,2.31181740417696e-11
floquet_calibration,0.0833333333333333,-0.0166666666666667,0.995536305092553,0.995531590998693,0.995541019186412,2.31198393763066e-11
floquet_calibration,0.0833333333333333,-0.00833333333333333,0.995511150695119,0.995505905562933,0.995516395827305,2.31177299525598e-11
floquet_calibration,0.0833333333333333,0,0.995484970544545,0.995479159698129,0.99549078139096,2.31177299525598e-11
floquet_calibration,0.0833333333333333,0.00833333333333333,0.995457765611237,0.995451353433599,0.995464177788876,2.31193952870967e-11
floquet_calibration,0.0833333333333333,0.0166666666666667,0.995429536877501,0.995422486801948,0.995436586953055,2.31211716439361e-11
floquet_calibration,0.0833333333333333,0.025,0.995400285337494,0.995392559839082,0.995408010835906,2.31177299525598e-11
floquet_calibration,0.0833333333333333,0.0333333333333333,0.995370011997142,0.995361572584193,0.995378451410091,2.31178409748622e-11
floquet_calibration,0.0833333333333333,0.0416666666666667,0.9953387178742,0.995329525079876,0.995347910668524,2.31177299525598e-11
floquet_calibration,0.0833333333333333,0.05,0.995306403998111,0.995296417372056,0.995316390624166,2.31193952870967e-11
floquet_calibration,0.0833333333333333,0.0583333333333333,0.995273071410034,0.995262249510077,0.99528389330999,2.31193952870967e-11
floquet_calibration,0.0833333333333333,0.0666666666666667,0.995238721162761,0.995227021546687,0.995250420778835,2.31198393763066e-11
floquet_calibration,0.0833333333333333,0.075,0.995203354320702,0.995190733538082,0.995215975103322,2.31181740417696e-11
floquet_calibration,0.0833333333333333,0.0833333333333333,0.995166971959827,0.995153385543919,0.995180558375736,2.3119950398609e-11
floquet_calibration,0.0833333333333333,0.0916666666666667,0.995129575167643,0.995114977627354,0.995144172707933,2.31182850640721e-11
floquet_calibration,0.0833333333333333,0.1,0.995091165043126,0.995075509855041,0.995106820231211,2.31218377777509e-11
floquet_calibration,0.0916666666666667,-0.1,0.995677115543362,0.995676151111866,0.995678079974858,2.31186181309795e-11
floquet_calibration,0.0916666666666667,-0.0916666666666667,0.995663012876397,0.995661830221908,0.995664195530886,2.3120172443214e-11
floquet_calibration,0.0916666666666667,-0.0833333333333333,0.995647875111731,0.9956464488174,0.995649301406063,2.31177299525598e-11
floquet_calibration,0.0916666666666667,-0.075,0.995631703094462,0.9956300068942,0.995633399294725,2.31196173317016e-11
floquet_calibration,0.0916666666666667,-0.0666666666666667,0.995614497681978,0.995612504451234,0.995616490912721,2.31203944878189e-11
floquet_calibration,0.0916666666666667,-0.0583333333333333,0.995596259743884,0.995593941490486,0.995598577997282,2.3120172443214e-11
floquet_calibration,0.0916666666666667,-0.05,0.995576990161994,0.995574318017041,0.995579662306946,2.31177299525598e-11
floquet_calibration,0.0916666666666667,-0.0416666666666667,0.995556689830253,0.995553634039073,0.995559745621433,2.31186181309795e-11
floquet_calibration,0.0916666666666667,-0.0333333333333333,0.995535359654774,0.995531889567935,0.995538829741612,2.31177299525598e-11
floquet_calibration,0.0916666666666667,-0.025,0.995513000553717,0.995509084618104,0.995516916489329,2.31177299525598e-11
floquet_calibration,0.0916666666666667,-0.0166666666666667,0.99548961345731,0.995485219207257,0.995494007707365,2.31178409748622e-11
floquet_calibration,0.0916666666666667,-0.00833333333333333,0.995465199307803,0.995460293356284,0.995470105259321,2.31177299525598e-11
floquet_calibration,0.0916666666666667,0,0.995439759059383,0.995434307089275,0.995445211029491,2.31177299525598e-11
floquet_calibration,0.0916666666666667,0.00833333333333333,0.995413293678215,0.995407260433609,0.995419326922821,2.31183960863746e-11
floquet_calibration,0.0916666666666667,0.0166666666666667,0.995385804142336,0.995379153419917,0.995392454864755,2.31197283540041e-11
floquet_calibration,0.0916666666666667,0.025,0.99535729144165,0.995349986082138,0.995364596801162,2.31189511978869e-11
floquet_calibration,0.0916666666666667,0.0333333333333333,0.995327756577871,0.995319758457525,0.995335754698217,2.31226149338681e-11
floquet_calibration,0.0916666666666667,0.0416666666666667,0.995297200564512,0.995288470586696,0.995305930542329,2.31177299525598e-11
floquet_calibration,0.0916666666666667,0.05,0.995265624426795,0.995256122513607,0.995275126339983,2.31178409748622e-11
floquet_calibration,0.0916666666666667,0.0583333333333333,0.99523302920166,0.995222714285629,0.995243344117692,2.31231700453804e-11
floquet_calibration,0.0916666666666667,0.0666666666666667,0.995199415937722,0.99518824595356,0.995210585921883,2.31177299525598e-11
floquet_calibration,0.0916666666666667,0.075,0.995164785695172,0.995152717571604,0.995176853818739,2.31186181309795e-11
floquet_calibration,0.0916666666666667,0.0833333333333333,0.995129139545813,0.995116129197461,0.995142149894166,2.31177299525598e-11
floquet_calibration,0.0916666666666667,0.0916666666666667,0.995092478572964,0.995078480892297,0.995106476253632,2.31220598223558e-11
floquet_calibration,0.0916666666666667,0.1,0.995054803871459,0.995039772720816,0.995069835022103,2.31177299525598e-11
floquet_calibration,0.1,-0.1,0.995621984506907,0.995621155971098,0.995622813042716,2.31196173317016e-11
floquet_calibration,0.1,-0.0916666666666667,0.995608625089358,0.995607594162981,0.995609656015735,2.31207275547263e-11
floquet_calibration,0.1,-0.0833333333333333,0.995594230272988,0.995592971874593,0.995595488671382,2.31210606216337e-11
floquet_calibration,0.1,-0.075,0.995578800898564,0.995577289099866,0.995580312697263,2.31187291532819e-11
floquet_calibration,0.1,-0.0666666666666667,0.995562337819124,0.995560545835768,0.995564129802479,2.31205055101213e-11
floquet_calibration,0.1,-0.0583333333333333,0.995544841899958,0.995542742082353,0.995546941717563,2.31177299525598e-11
floquet_calibration,0.1,-0.05,0.995526314018542,0.995523877842742,0.995528750194341,2.31177299525598e-11
floquet_calibration,0.1,-0.0416666666666667,0.995506755064537,0.99550395312319,0.995509557005883,2.31177299525598e-11
floquet_calibration,0.1,-0.0333333333333333,0.995486165939723,0.995482967933074,0.995489363946372,2.31195063093992e-11
floquet_calibration,0.1,-0.025,0.995464547557988,0.995460922284941,0.995468172831035,2.31178409748622e-11
floquet_calibration,0.1,-0.0166666666666667,0.995441900845263,0.995437816194508,0.995445985496019,2.31192842647943e-11
floquet_calibration,0.1,-0.00833333333333333,0.995418226739512,0.995413649680705,0.995422803798318,2.31177299525598e-11
floquet_calibration,0.1,0,0.995393526190669,0.995388422765685,0.995398629615654,2.31177299525598e-11
floquet_calibration,0.1,0.00833333333333333,0.995367800160618,0.99536213547485,0.995373464846386,2.31183960863746e-11
floquet_calibration,0.1,0.0166666666666667,0.995341049623153,0.995334787836884,0.995347311409422,2.31177299525598e-11
floquet_calibration,0.1,0.025,0.995313275563921,0.995306379883754,0.995320171244088,2.31192842647943e-11
floquet_calibration,0.1,0.0333333333333333,0.99528447898041,0.995276911650762,0.995292046310059,2.3123059023078e-11
floquet_calibration,0.1,0.0416666666666667,0.995254660881896,0.995246383176552,0.99526293858724,2.31225039115657e-11
floquet_calibration,0.1,0.05,0.995223822289396,0.995214794503131,0.995232850075661,2.31196173317016e-11
floquet_calibration,0.1,0.0583333333333333,0.995191964235638,0.995182145675898,0.995201782795378,2.31177299525598e-11
floquet_calibration,0.1,0.0666666666666667,0.995159087765001,0.995148436743654,0.995169738786349,2.31193952870967e-11
floquet_calibration,0.1,0.075,0.995125193933529,0.995113667758671,0.995136720108387,2.31177299525598e-11
floquet_calibration,0.1,0.0833333333333333,0.995090283808812,0.995077838776649,0.995102728840974,2.31190622201893e-11
floquet_calibration,0.1,0.0916666666666667,0.995054358470009,0.995040949856799,0.99506776708322,2.31210606216337e-11
floquet_calibration,0.1,0.1,0.99501741900778,0.995003001061836,0.995031836953724,2.31177299525598e-11
timing_cd,-0.5,-0.3,0.940399727389237,0.886749118996137,0.994050335782337,2.31178409748622e-11
timing_cd,-0.5,-0.275,0.94891722299424,0.903590994474773,0.994243451513707,2.31182850640721e-11
timing_cd,-0.5,-0.25,0.956749417698909,0.9190776367245,0.994421198673319,2.31177299525598e-11
timing_cd,-0.5,-0.225,0.963884408387983,0.933185491566831,0.994583325209135,2.31177299525598e-11
timing_cd,-0.5,-0.2,0.970311353327078,0.945893107648843,0.994729599005312,2.31177299525598e-11
timing_cd,-0.5,-0.175,0.976020488703088,0.957181169191987,0.994859808214188,2.31177299525598e-11
timing_cd,-0.5,-0.15,0.98100314351403,0.967032525470145,0.994973761557916,2.31177299525598e-11
timing_cd,-0.5,-0.125,0.985251752785591,0.975432216971829,0.995071288599352,2.3120172443214e-11
timing_cd,-0.5,-0.1,0.988759869094114,0.982367498206458,0.99515223998177,2.31193952870967e-11
timing_cd,-0.5,-0.075,0.991522172378433,0.987827857119809,0.995216487637057,2.31177299525598e-11
timing_cd,-0.5,-0.05,0.993534478025562,0.991805031088997,0.995263924962128,2.31192842647943e-11
timing_cd,-0.5,-0.025,0.994793743217935,0.994293019472558,0.995294466963312,2.31177299525598e-11
timing_cd,-0.5,0,0.995298071532415,0.995288092696412,0.995308050368417,2.31191732424918e-11
timing_cd,-0.5,0.025,0.995046715784269,0.994788797862047,0.995304633706492,2.31181740417696e-11
timing_cd,-0.5,0.05,0.994040079111612,0.992795960868249,0.995284197354975,2.3121393688541e-11
timing_cd,-0.5,0.075,0.992279714298915,0.98931268504346,0.995246743554371,2.31177299525598e-11
timing_cd,-0.5,0.1,0.989768321340513,0.984344346290787,0.995192296390238,2.3120172443214e-11
timing_cd,-0.5,0.125,0.986509743248134,0.977898584753489,0.995120901742778,2.31209495993312e-11
timing_cd,-0.5,0.15,0.982508960108733,0.969985293013626,0.995032627203839,2.31183960863746e-11
timing_cd,-0.5,0.175,0.977772081401983,0.960616600842305,0.994927561961662,2.31208385770287e-11
timing_cd,-0.5,0.2,0.972306336589268,0.949806856525023,0.994805816653513,2.31177299525598e-11
timing_cd,-0.5,0.225,0.966120063988597,0.937572604790857,0.994667523186337,2.31177299525598e-11
timing_cd,-0.5,0.25,0.959222697952728,0.923932561379608,0.994512834525848,2.31177299525598e-11
timing_cd,-0.5,0.275,0.951624754370156,0.908907584286032,0.99434192445428,2.31177299525598e-11
timing_cd,-0.5,0.3,0.943337814511317,0.89252064172544,0.994154987297195,2.31181740417696e-11
timing_cd,-0.458333333333333,-0.3,0.940575226772076,0.886938640446295,0.994211813097857,2.31192842647943e-11
timing_cd,-0.458333333333333,-0.275,0.949090077890784,0.903775345300089,0.99440481048148,2.31177299525598e-11
timing_cd,-0.458333333333333,-0.25,0.956919922559184,0.919257330398022,0.994582514720345,2.31177299525598e-11
timing_cd,-0.458333333333333,-0.225,0.964052867251661,0.933361062830024,0.994744671673297,2.31190622201893e-11
timing_cd,-0.458333333333333,-0.2,0.970478078610829,0.946065109721694,0.994891047499964,2.31177299525598e-11
timing_cd,-0.458333333333333,-0.175,0.9761857999677,0.957350170933071,0.99502142900233,2.31177299525598e-11
timing_cd,-0.458333333333333,-0.15,0.981167366214563,0.967199108494091,0.995135623935036,2.31177299525598e-11
timing_cd,-0.458333333333333,-0.125,0.985415217007756,0.975596972731629,0.995233461283884,2.31198393763066e-11
timing_cd,-0.458333333333333,-0.1,0.98892290828021,0.982531025048228,0.995314791512191,2.31190622201893e-11
timing_cd,-0.458333333333333,-0.075,0.9916851220461,0.987990757317617,0.995379486774584,2.31177299525598e-11
timing_cd,-0.458333333333333,-0.05,0.993697674482695,0.991967907867439,0.995427441097951,2.31177299525598e-11
timing_cd,-0.458333333333333,-0.025,0.9949575222771,0.994456474024841,0.99545857052936,2.31177299525598e-11
timing_cd,-0.458333333333333,0,0.995462767228098,0.995452721205634,0.995472813250563,2.31189511978869e-11
timing_cd,-0.458333333333333,0.025,0.995212659096268,0.994955188533421,0.995470129659114,2.31198393763066e-11
timing_cd,-0.458333333333333,0.05,0.994207596697943,0.992964690980036,0.99545050241585,2.31177299525598e-11
timing_cd,-0.458333333333333,0.075,0.992449127241469,0.989484318024198,0.995413936458741,2.31188401755844e-11
timing_cd,-0.458333333333333,0.1,0.989939943906881,0.984519428830634,0.995360458983128,2.31177299525598e-11
timing_cd,-0.458333333333333,0.125,0.986683881672655,0.978077643957038,0.995290119388272,2.31178409748622e-11
timing_cd,-0.458333333333333,0.15,0.982685911396162,0.970168833601875,0.995202989190449,2.31190622201893e-11
timing_cd,-0.458333333333333,0.175,0.977952132156862,0.96080510241111,0.995099161902615,2.31236141345903e-11
timing_cd,-0.458333333333333,0.2,0.972489761874126,0.950000770867326,0.994978752880925,2.31177299525598e-11
timing_cd,-0.458333333333333,0.225,0.966307126214025,0.937772353289833,0.994841899138217,2.31177299525598e-11
timing_cd,-0.458333333333333,0.25,0.959413645802394,0.92413853247985,0.994688759124938,2.31202834655164e-11
timing_cd,-0.458333333333333,0.275,0.951819821763611,0.90912013104954,0.994519512477682,2.31193952870967e-11
timing_cd,-0.458333333333333,0.3,0.943537219607463,0.892740079479152,0.994334359735774,2.31189511978869e-11
timing_cd,-0.416666666666667,-0.3,0.940721039820983,0.887095661933803,0.994346417708163,2.31177299525598e-11
timing_cd,-0.416666666666667,-0.275,0.949233116249313,0.903927698045064,0.99453853445356,2.31192842647943e-11
timing_cd,-0.416666666666667,-0.25,0.95706043923651,0.919405419206522,0.994715459266498,2.31223928892632e-11
timing_cd,-0.416666666666667,-0.225,0.964191124346238,0.93350531130029,0.994876937392187,2.31177299525598e-11
timing_cd,-0.416666666666667,-0.2,0.970614346250533,0.946205957874671,0.995022734626395,2.31180630194672e-11
timing_cd,-0.416666666666667,-0.175,0.976320355230886,0.957488072798332,0.99515263766344,2.31177299525598e-11
timing_cd,-0.416666666666667,-0.15,0.981300492034824,0.967334529657545,0.995266454412102,2.31178409748622e-11
timing_cd,-0.416666666666667,-0.125,0.985547201065357,0.975730387851643,0.995364014279072,2.31202834655164e-11
timing_cd,-0.416666666666667,-0.1,0.989054041883118,0.982662915346753,0.995445168419483,2.31187291532819e-11
timing_cd,-0.416666666666667,-0.075,0.991815699003585,0.988121608053021,0.995509789954149,2.31177299525598e-11
timing_cd,-0.416666666666667,-0.05,0.993827989974502,0.992098205795797,0.995557774153207,2.31218377777509e-11
timing_cd,-0.416666666666667,-0.025,0.995087871721171,0.994586704856409,0.995589038585933,2.31202834655164e-11
timing_cd,-0.416666666666667,0,0.995593445149851,0.995583367063319,0.995603523236383,2.31193952870967e-11
timing_cd,-0.416666666666667,0.025,0.99534395800244,0.995086725420009,0.995601190584872,2.31179519971647e-11
timing_cd,-0.416666666666667,0.05,0.994339805957994,0.993097586260953,0.995582025655034,2.31200614209115e-11
timing_cd,-0.416666666666667,0.075,0.992582531979539,0.989619027932589,0.995546036026489,2.31193952870967e-11
timing_cd,-0.416666666666667,0.1,0.990074823907193,0.984656396001342,0.995493251813044,2.31177299525598e-11
timing_cd,-0.416666666666667,0.125,0.986820510301361,0.978217294996234,0.995423725606487,2.31257235583371e-11
timing_cd,-0.416666666666667,0.15,0.982824554542563,0.970311576698935,0.99533753238619,2.31190622201893e-11
timing_cd,-0.416666666666667,0.175,0.978093047196694,0.960951324999042,0.995234769394347,2.31179519971647e-11
timing_cd,-0.416666666666667,0.2,0.972633196657908,0.950150837338344,0.995115555977472,2.31177299525598e-11
timing_cd,-0.416666666666667,0.225,0.966453318083161,0.937926602772281,0.99498003339404,2.31177299525598e-11
timing_cd,-0.416666666666667,0.25,0.959562820635672,0.924297276682559,0.994828364588786,2.31208385770287e-11
timing_cd,-0.416666666666667,0.275,0.951972193056815,0.909283652179711,0.994660733933919,2.31189511978869e-11
timing_cd,-0.416666666666667,0.3,0.943692987588619,0.892908628239592,0.994477346937646,2.31206165324238e-11
timing_cd,-0.375,-0.3,0.940806187772178,0.887190049576364,0.994422325967991,2.31177299525598e-11
timing_cd,-0.375,-0.275,0.949314851360766,0.904017210707557,0.994612492013976,2.31177299525598e-11
timing_cd,-0.375,-0.25,0.957138995963996,0.919490398156419,0.994787593771574,2.31226149338681e-11
timing_cd,-0.375,-0.225,0.964266746403229,0.933586115272431,0.994947377534028,2.31177299525598e-11
timing_cd,-0.375,-0.2,0.970687285663513,0.946282961026827,0.9950916103002,2.31189511978869e-11
timing_cd,-0.375,-0.175,0.97639087137595,0.95756166262602,0.99522008012588,2.31198393763066e-11
timing_cd,-0.375,-0.15,0.981368850658084,0.967405104873724,0.995332596442444,2.31197283540041e-11
timing_cd,-0.375,-0.125,0.98561367328983,0.975798356237103,0.995428990342557,2.31180630194672e-11
timing_cd,-0.375,-0.1,0.989118903204731,0.982728691577028,0.995509114832434,2.3118507108677e-11
timing_cd,-0.375,-0.075,0.991879228279031,0.98818561150777,0.995572845050292,2.31195063093992e-11
timing_cd,-0.375,-0.05,0.993890468403608,0.992160858356553,0.995620078450663,2.31226149338681e-11
timing_cd,-0.375,-0.025,0.99514958182649,0.994648428698667,0.995650734954313,2.31190622201893e-11
timing_cd,-0.375,0,0.995654669756238,0.995644582448987,0.995664757063488,2.31210606216337e-11
timing_cd,-0.375,0.025,0.995404979219318,0.9951478484962,0.995662109942436,2.3121393688541e-11
timing_cd,-0.375,0.05,0.994400904167014,0.993159026871078,0.99564278146295,2.31177299525598e-11
timing_cd,-0.375,0.075,0.992643984830332,0.989681187445704,0.99560678221496,2.31177299525598e-11
timing_cd,-0.375,0.1,0.99013690532392,0.984719665165701,0.99555414548214,2.31215047108435e-11
timing_cd,-0.375,0.125,0.986883489502786,0.978282051822956,0.995484927182617,2.31215047108435e-11
timing_cd,-0.375,0.15,0.982888695078078,0.970378184381405,0.99539920577475,2.31177299525598e-11
timing_cd,-0.375,0.175,0.978158606001155,0.961020129874046,0.995297082128264,2.31183960863746e-11
timing_cd,-0.375,0.2,0.972700423127666,0.95022216689439,0.995178679360942,2.31215047108435e-11
timing_cd,-0.375,0.225,0.966522453175862,0.938000763710725,0.995044142641,2.31211716439361e-11
timing_cd,-0.375,0.25,0.959634095996261,0.924374553036948,0.994893638955574,2.31182850640721e-11
timing_cd,-0.375,0.275,0.952045830172151,0.909364303498662,0.99472735684564,2.31177299525598e-11
timing_cd,-0.375,0.3,0.943769196973087,0.892992887838407,0.994545506107767,2.31203944878189e-11
timing_cd,-0.333333333333333,-0.3,0.94086925967056,0.887260855579945,0.994477663761175,2.31193952870967e-11
timing_cd,-0.333333333333333,-0.275,0.94937460032651,0.90408354314649,0.994665657506529,2.31177299525598e-11
timing_cd,-0.333333333333333,-0.25,0.957195635361531,0.919552546161166,0.994838724561897,2.3120172443214e-11
timing_cd,-0.333333333333333,-0.225,0.964320498374138,0.933644383807926,0.99499661294035,2.31223928892632e-11
timing_cd,-0.333333333333333,-0.2,0.970738380277417,0.946337669109822,0.995139091445012,2.31210606216337e-11
timing_cd,-0.333333333333333,-0.175,0.976439545763336,0.957613141505127,0.995265950021545,2.31179519971647e-11
timing_cd,-0.333333333333333,-0.15,0.981415348127563,0.96745369617736,0.995377000077765,2.31177299525598e-11
timing_cd,-0.333333333333333,-0.125,0.985658242432136,0.975844410094379,0.995472074769893,2.31177299525598e-11
timing_cd,-0.333333333333333,-0.1,0.989161796985933,0.98277256471683,0.995551029255036,2.31177299525598e-11
timing_cd,-0.333333333333333,-0.075,0.991920703125351,0.988227665341227,0.995613740909475,2.31206165324238e-11
timing_cd,-0.333333333333333,-0.05,0.993930783280361,0.992201457048232,0.995660109512489,2.31186181309795e-11
timing_cd,-0.333333333333333,-0.025,0.995188997313558,0.994687937231742,0.995690057395373,2.31177299525598e-11
timing_cd,-0.333333333333333,0,0.995693447122635,0.995683364689783,0.995703529555488,2.31228369784731e-11
timing_cd,-0.333333333333333,0.025,0.995443379499284,0.995186265263392,0.995700493735175,2.31182850640721e-11
timing_cd,-0.333333333333333,0.05,0.994439187240076,0.993197434014852,0.995680940465299,2.31177299525598e-11
timing_cd,-0.333333333333333,0.075,0.992682408507893,0.989719933942231,0.995644883073555,2.31177299525598e-11
timing_cd,-0.333333333333333,0.1,0.990175724444786,0.984759091232187,0.995592357657384,2.31177299525598e-11
timing_cd,-0.333333333333333,0.125,0.98692295503999,0.978322487058405,0.995523423021574,2.31211716439361e-11
timing_cd,-0.333333333333333,0.15,0.982929053259565,0.970419945938422,0.995438160580708,2.31177299525598e-11
timing_cd,-0.333333333333333,0.175,0.97820009744657,0.961063520666644,0.995336674226496,2.31177299525598e-11
timing_cd,-0.333333333333333,0.2,0.972743282003616,0.950267473846884,0.995219090160347,2.31177299525598e-11
timing_cd,-0.333333333333333,0.225,0.966566906372006,0.938048256052678,0.995085556691334,2.31177299525598e-11
timing_cd,-0.333333333333333,0.25,0.959680362324412,0.924424480648949,0.994936243999875,2.3121615733146e-11
timing_cd,-0.333333333333333,0.275,0.952094119590648,0.909416895313722,0.994771343867573,2.31177299525598e-11
timing_cd,-0.333333333333333,0.3,0.943819709838509,0.893048350303517,0.994591069373501,2.31181740417696e-11
timing_cd,-0.291666666666667,-0.3,0.940940583063707,0.887338613707802,0.994542552419611,2.31177299525598e-11
timing_cd,-0.291666666666667,-0.275,0.949443218907266,0.904157689412441,0.99472874840209,2.31177299525598e-11
timing_cd,-0.291666666666667,-0.25,0.957261737576273,0.919623322306224,0.994900152846321,2.31189511978869e-11
timing_cd,-0.291666666666667,-0.225,0.964384280463789,0.933712045513719,0.995056515413859,2.31193952870967e-11
timing_cd,-0.291666666666667,-0.2,0.970800045511052,0.946402484432046,0.995197606590058,2.31188401755844e-11
timing_cd,-0.291666666666667,-0.175,0.976499303654968,0.957675389273229,0.995323218036707,2.31191732424918e-11
timing_cd,-0.291666666666667,-0.15,0.981473413638273,0.967513664364959,0.995433162911586,2.31177299525598e-11
timing_cd,-0.291666666666667,-0.125,0.985714835159721,0.975902394165016,0.995527276154426,2.31196173317016e-11
timing_cd,-0.291666666666667,-0.1,0.989217140344299,0.982828865949697,0.9956054147389,2.3120172443214e-11
timing_cd,-0.291666666666667,-0.075,0.991975023515886,0.988282589141584,0.995667457890187,2.31181740417696e-11
timing_cd,-0.291666666666667,-0.05,0.993984309257514,0.992255311247196,0.995713307267832,2.31180630194672e-11
timing_cd,-0.291666666666667,-0.025,0.995241958746947,0.994741030380276,0.995742887113618,2.31197283540041e-11
timing_cd,-0.291666666666667,0,0.995746074357904,0.995736004351596,0.995756144364212,2.31177299525598e-11
timing_cd,-0.291666666666667,0.025,0.995495902519944,0.995238756311489,0.995753048728398,2.31246133353125e-11
timing_cd,-0.291666666666667,0.05,0.994491834832762,0.993250076936652,0.995733592728873,2.31207275547263e-11
timing_cd,-0.291666666666667,0.075,0.992735407433087,0.989773023157797,0.995697791708376,2.31212826662386e-11
timing_cd,-0.291666666666667,0.1,0.990229298615403,0.984812913430444,0.995645683800362,2.31180630194672e-11
timing_cd,-0.291666666666667,0.125,0.98697732471001,0.978377319555956,0.995577329864064,2.31189511978869e-11
timing_cd,-0.291666666666667,0.15,0.982984434224914,0.970476055065615,0.995492813384213,2.31177299525598e-11
timing_cd,-0.291666666666667,0.175,0.97825670026046,0.961121160185483,0.995392240335437,2.3118507108677e-11
timing_cd,-0.291666666666667,0.2,0.972801311208462,0.950326883405252,0.995275739011671,2.31177299525598e-11
timing_cd,-0.291666666666667,0.225,0.966626559750009,0.938109659679284,0.995143459820735,2.31210606216337e-11
timing_cd,-0.291666666666667,0.25,0.95974183016898,0.924488085293431,0.994995575044528,2.31193952870967e-11
timing_cd,-0.291666666666667,0.275,0.952157584000522,0.909482889436005,0.994832278565038,2.3121615733146e-11
timing_cd,-0.291666666666667,0.3,0.943885344036729,0.893116902516668,0.994653785556789,2.3121393688541e-11
timing_cd,-0.25,-0.3,0.941001865129397,0.88740526208303,0.994598468175765,2.31177299525598e-11
timing_cd,-0.25,-0.275,0.949502004842046,0.904221122105089,0.994782887579003,2.31177299525598e-11
timing_cd,-0.25,-0.25,0.957318198759441,0.919683747762628,0.994952649756255,2.3119950398609e-11
timing_cd,-0.25,-0.225,0.964438595489735,0.933769684808493,0.995107506170977,2.31177299525598e-11
timing_cd,-0.25,-0.2,0.970852399492921,0.946457569879469,0.995247229106374,2.31195063093992e-11
timing_cd,-0.25,-0.175,0.976549887512562,0.957728163007754,0.99537161201737,2.31177299525598e-11
timing_cd,-0.25,-0.15,0.981522423372012,0.967564376894775,0.995480469849249,2.31186181309795e-11
timing_cd,-0.25,-0.125,0.985762471112833,0.975951302902946,0.995573639322721,2.31197283540041e-11
timing_cd,-0.25,-0.1,0.989263606455141,0.982876233725494,0.995650979184787,2.31177299525598e-11
timing_cd,-0.25,-0.075,0.992020526562486,0.988328682699883,0.995712370425088,2.31198393763066e-11
timing_cd,-0.25,-0.05,0.994029058096503,0.992300399735478,0.995757716457528,2.31177299525598e-11
timing_cd,-0.25,-0.025,0.995286163548765,0.994785383830938,0.995786943266592,2.31177299525598e-11
timing_cd,-0.25,0,0.995789945840561,0.995779892162609,0.995799999518512,2.31177299525598e-11
timing_cd,-0.25,0.025,0.99553965118332,0.995282445729846,0.995796856636793,2.31177299525598e-11
timing_cd,-0.25,0.05,0.99453567019554,0.993293831548895,0.995777508842185,2.31186181309795e-11
timing_cd,-0.25,0.075,0.99277953727448,0.989817101392002,0.995741973156959,2.31177299525598e-11
timing_cd,-0.25,0.1,0.990273928223635,0.98485756707378,0.995690289373489,2.31180630194672e-11
timing_cd,-0.25,0.125,0.987022656139702,0.978422792292174,0.99562251998723,2.31187291532819e-11
timing_cd,-0.25,0.15,0.983030665565345,0.970522581036544,0.995538750094146,2.31203944878189e-11
timing_cd,-0.25,0.175,0.978304024916766,0.961168962580737,0.995439087252795,2.31203944878189e-11
timing_cd,-0.25,0.2,0.972849917197695,0.950376173084136,0.995323661311254,2.31207275547263e-11
timing_cd,-0.25,0.225,0.966676629014087,0.938160633828988,0.995192624199187,2.31212826662386e-11
timing_cd,-0.25,0.25,0.959793537906317,0.924540926127293,0.99504614968534,2.31221708446583e-11
timing_cd,-0.25,0.275,0.952211098018346,0.909537762935806,0.994884433100887,2.31192842647943e-11
timing_cd,-0.25,0.3,0.943940824125779,0.893173957222557,0.994707691029,2.31190622201893e-11
timing_cd,-0.208333333333333,-0.3,0.941040192353756,0.887448142284206,0.994632242423305,2.31177299525598e-11
timing_cd,-0.208333333333333,-0.275,0.949537747624786,0.904260836349377,0.994814658900195,2.31193952870967e-11
timing_cd,-0.208333333333333,-0.25,0.957351517473809,0.919720482065835,0.994982552881782,2.31177299525598e-11
timing_cd,-0.208333333333333,-0.225,0.964469657453887,0.933803636947435,0.995135677960339,2.31180630194672e-11
timing_cd,-0.208333333333333,-0.2,0.970881378333463,0.946488948150965,0.995273808515962,2.31186181309795e-11
timing_cd,-0.208333333333333,-0.175,0.976576962512973,0.957757184958949,0.995396740066997,2.31177299525598e-11
timing_cd,-0.208333333333333,-0.15,0.981547778807927,0.967591268028626,0.995504289587228,2.31177299525598e-11
timing_cd,-0.208333333333333,-0.125,0.985786295575886,0.975976295362449,0.995596295789323,2.31195063093992e-11
timing_cd,-0.208333333333333,-0.1,0.989286092167386,0.982899564960608,0.995672619374164,2.3118507108677e-11
timing_cd,-0.208333333333333,-0.075,0.992041868683194,0.988350594120853,0.995733143245534,2.31220598223558e-11
timing_cd,-0.208333333333333,-0.05,0.99404945402323,0.992321135356441,0.99577777269002,2.3121615733146e-11
timing_cd,-0.208333333333333,-0.025,0.995305812214722,0.994805188907762,0.995806435521682,2.31188401755844e-11
timing_cd,-0.208333333333333,0,0.995809047010074,0.995799011828756,0.995819082191392,2.31177299525598e-11
timing_cd,-0.208333333333333,0.025,0.995558404747423,0.995301123634243,0.995815685860602,2.31189511978869e-11
timing_cd,-0.208333333333333,0.05,0.994554275469593,0.993312308499687,0.995796242439499,2.31177299525598e-11
timing_cd,-0.208333333333333,0.075,0.992798192299679,0.989835614010007,0.995760770589351,2.31220598223558e-11
timing_cd,-0.208333333333333,0.1,0.990292829074478,0.984876346459659,0.995709311689297,2.31177299525598e-11
timing_cd,-0.208333333333333,0.125,0.987041996239105,0.97844206271093,0.99564192976728,2.31215047108435e-11
timing_cd,-0.208333333333333,0.15,0.983050635009502,0.970542558623369,0.995558711395634,2.31182850640721e-11
timing_cd,-0.208333333333333,0.175,0.978324809811435,0.961189854071762,0.995459765551108,2.31202834655164e-11
timing_cd,-0.208333333333333,0.2,0.972871699007886,0.95039817457591,0.995345223439862,2.31210606216337e-11
timing_cd,-0.208333333333333,0.225,0.966699583928846,0.938183929570212,0.995215238287481,2.3120172443214e-11
timing_cd,-0.208333333333333,0.25,0.959817836220444,0.924565687346423,0.995069985094465,2.31189511978869e-11
timing_cd,-0.208333333333333,0.275,0.952236903532731,0.909564146707936,0.994909660357526,2.31180630194672e-11
timing_cd,-0.208333333333333,0.3,0.943968293568085,0.893202105379032,0.994734481757138,2.31191732424918e-11
timing_cd,-0.166666666666667,-0.3,0.94107311052556,0.887484960670413,0.994661260380706,2.31177299525598e-11
timing_cd,-0.166666666666667,-0.275,0.949568288987562,0.904294802445036,0.994841775530088,2.31177299525598e-11
timing_cd,-0.166666666666667,-0.25,0.95737982907647,0.919751760283337,0.995007897869604,2.31190622201893e-11
timing_cd,-0.166666666666667,-0.225,0.964495892766947,0.933832402441704,0.99515938309219,2.31193952870967e-11
timing_cd,-0.166666666666667,-0.2,0.970905696665754,0.946515385703929,0.995296007627579,2.31198393763066e-11
timing_cd,-0.166666666666667,-0.175,0.976599528414279,0.957781487837651,0.995417568990907,2.31227259561706e-11
timing_cd,-0.166666666666667,-0.15,0.98156876145921,0.967613636820329,0.995523886098092,2.31242802684051e-11
timing_cd,-0.166666666666667,-0.125,0.985805868168825,0.975996936790156,0.995614799547493,2.31177299525598e-11
timing_cd,-0.166666666666667,-0.1,0.989304431274854,0.982918690682334,0.995690171867375,2.31177299525598e-11
timing_cd,-0.166666666666667,-0.075,0.99205915362264,0.988368419516336,0.995749887728944,2.31195063093992e-11
timing_cd,-0.166666666666667,-0.05,0.994065866214507,0.992337878304601,0.995793854124414,2.31198393763066e-11
timing_cd,-0.166666666666667,-0.025,0.99532153453427,0.994821068558562,0.995822000509976,2.31191732424918e-11
timing_cd,-0.166666666666667,0,0.995824263143194,0.995814247372967,0.99583427891342,2.31203944878189e-11
timing_cd,-0.166666666666667,0.025,0.995573298540461,0.99531593307469,0.995830664006232,2.31177299525598e-11
timing_cd,-0.166666666666667,0.05,0.994569030283748,0.993326907427465,0.99581115314003,2.31181740417696e-11
timing_cd,-0.166666666666667,0.075,0.992812990368357,0.989850214389339,0.995775766347375,2.31177299525598e-11
timing_cd,-0.166666666666667,0.1,0.990307850865756,0.984891155424696,0.995724546306816,2.31192842647943e-11
timing_cd,-0.166666666666667,0.125,0.987057419825336,0.978457281378267,0.995657558272405,2.31193952870967e-11
timing_cd,-0.166666666666667,0.15,0.98306663544552,0.970558380923445,0.995574889967594,2.31198393763066e-11
timing_cd,-0.166666666666667,0.175,0.97834155852332,0.961206465602778,0.995476651443862,2.31177299525598e-11
timing_cd,-0.166666666666667,0.2,0.972889363193813,0.950415751483478,0.995362974904148,2.3119950398609e-11
timing_cd,-0.166666666666667,0.225,0.966718325973836,0.938202637456153,0.995234014491521,2.31179519971647e-11
timing_cd,-0.166666666666667,0.25,0.959837813126525,0.924585680209839,0.99508994604321,2.31209495993312e-11
timing_cd,-0.166666666666667,0.275,0.952258266366222,0.909585565921827,0.994930966810616,2.31177299525598e-11
timing_cd,-0.166666666666667,0.3,0.943991186925459,0.89322507870541,0.994757295145509,2.31178409748622e-11
timing_cd,-0.125,-0.3,0.941110904359051,0.887526086781993,0.994695721936108,2.31203944878189e-11
timing_cd,-0.125,-0.275,0.949604073350771,0.904333530742748,0.994874615958795,2.31177299525598e-11
timing_cd,-0.125,-0.25,0.957413736827781,0.919788234678405,0.995039238977157,2.31183960863746e-11
timing_cd,-0.125,-0.225,0.964528062539301,0.933866776523002,0.9951893485556,2.3118507108677e-11
timing_cd,-0.125,-0.2,0.970936272330975,0.946547821730397,0.995324722931554,2.31188401755844e-11
timing_cd,-0.125,-0.175,0.976628658534299,0.957812155706459,0.995445161362138,2.31217267554484e-11
timing_cd,-0.125,-0.15,0.981596598725753,0.96764271301384,0.995550484437666,2.31177299525598e-11
timing_cd,-0.125,-0.125,0.985832568833088,0.976024603304745,0.99564053436143,2.31177299525598e-11
timing_cd,-0.125,-0.1,0.989330154568908,0.982945133942334,0.995715175195483,2.31177299525598e-11
timing_cd,-0.125,-0.075,0.992084061173987,0.988393829276121,0.995774293071853,2.31177299525598e-11
timing_cd,-0.125,-0.05,0.994090121455599,0.992362446542173,0.995817796369024,2.31181740417696e-11
timing_cd,-0.125,-0.025,0.995345302108541,0.994844988363781,0.9958456158533,2.31177299525598e-11
timing_cd,-0.125,0,0.995847708309298,0.995837711833708,0.995857704784889,2.31177299525598e-11
timing_cd,-0.125,0.025,0.995596586576339,0.995339134164141,0.995854038988537,2.31177299525598e-11
timing_cd,-0.125,0.05,0.994592325892244,0.993350034895882,0.995834616888607,2.31186181309795e-11
timing_cd,-0.125,0.075,0.992836457085957,0.989873454663393,0.995799459508521,2.31180630194672e-11
timing_cd,-0.125,0.1,0.990331650476157,0.984914690517722,0.995748610434593,2.31198393763066e-11
timing_cd,-0.125,0.125,0.987081711779437,0.978481287814545,0.995682135744329,2.31177299525598e-11
timing_cd,-0.125,0.15,0.983091576289482,0.970583028679715,0.99560012389925,2.31181740417696e-11
timing_cd,-0.125,0.175,0.978367301336293,0.961231917070101,0.995502685602485,2.31177299525598e-11
timing_cd,-0.125,0.2,0.972916057036879,0.950442160452505,0.995389953621253,2.31209495993312e-11
timing_cd,-0.125,0.225,0.966746115351761,0.938230148128843,0.995262082574679,2.31177299525598e-11
timing_cd,-0.125,0.25,0.95986683746378,0.92461442624055,0.995119248687011,2.31177299525598e-11
timing_cd,-0.125,0.275,0.952288659498832,0.909615669490713,0.994961649506951,2.31177299525598e-11
timing_cd,-0.125,0.3,0.9440230766101,0.893256649626949,0.994789503593251,2.31177299525598e-11
timing_cd,-0.0833333333333333,-0.3,0.941142535182166,0.887560573831018,0.994724496533313,2.3119950398609e-11
timing_cd,-0.0833333333333333,-0.275,0.949633815460022,0.90436581064275,0.994901820277296,2.31217267554484e-11
timing_cd,-0.0833333333333333,-0.25,0.957441713270435,0.919818436818169,0.995064989722702,2.31177299525598e-11
timing_cd,-0.0833333333333333,-0.225,0.964554401752991,0.93389503922902,0.995213764276962,2.31177299525598e-11
timing_cd,-0.0833333333333333,-0.2,0.970961107649625,0.946574291351619,0.99534792394763,2.31192842647943e-11
timing_cd,-0.0833333333333333,-0.175,0.976652127681713,0.957836985676493,0.995467269686933,2.3118507108677e-11
timing_cd,-0.0833333333333333,-0.15,0.981618843298319,0.967666062893397,0.995571623703242,2.31196173317016e-11
timing_cd,-0.0833333333333333,-0.125,0.98585373377314,0.976046637807279,0.995660829739001,2.31177299525598e-11
timing_cd,-0.0833333333333333,-0.1,0.989350387630103,0.982966021945614,0.995734753314593,2.31177299525598e-11
timing_cd,-0.0833333333333333,-0.075,0.992103512380343,0.98841374282281,0.995793281937876,2.31177299525598e-11
timing_cd,-0.0833333333333333,-0.05,0.994108942555625,0.992381559832255,0.995836325278996,2.31177299525598e-11
timing_cd,-0.0833333333333333,-0.025,0.995363646025986,0.994863476741817,0.995863815310155,2.31210606216337e-11
timing_cd,-0.0833333333333333,0,0.995865728592154,0.995855750773986,0.995875706410321,2.31208385770287e-11
timing_cd,-0.0833333333333333,0.025,0.995614436845503,0.99535689825658,0.995871975434426,2.31177299525598e-11
timing_cd,-0.0833333333333333,0.05,0.994610159291435,0.993367696835697,0.995852621747172,2.31186181309795e-11
timing_cd,-0.0833333333333333,0.075,0.992854425734507,0.98989118424762,0.995817667221393,2.3118507108677e-11
timing_cd,-0.0833333333333333,0.1,0.990349904926074,0.98493265365139,0.995767156200759,2.31179519971647e-11
timing_cd,-0.0833333333333333,0.125,0.987100400478327,0.978499645529512,0.995701155427141,2.31177299525598e-11
timing_cd,-0.0833333333333333,0.15,0.983110845050845,0.97060193616909,0.9956197539326,2.31186181309795e-11
timing_cd,-0.0833333333333333,0.175,0.978387292818639,0.961251522741063,0.995523062896215,2.3121615733146e-11
timing_cd,-0.0833333333333333,0.2,0.972936910233201,0.950462605000416,0.995411215465985,2.31177299525598e-11
timing_cd,-0.0833333333333333,0.225,0.966767965090658,0.938251563635306,0.995284366546009,2.31177299525598e-11
timing_cd,-0.0833333333333333,0.25,0.959889813923892,0.924636935298341,0.995142692549443,2.31177299525598e-11
timing_cd,-0.0833333333333333,0.275,0.952312887737703,0.909639384358004,0.994986391117401,2.31177299525598e-11
timing_cd,-0.0833333333333333,0.3,0.944048676109011,0.89328167141359,0.994815680804433,2.3118507108677e-11
timing_cd,-0.0416666666666667,-0.3,0.941163658980043,0.88758417610335,0.994743141856736,2.31177299525598e-11
timing_cd,-0.0416666666666667,-0.275,0.949653059346285,0.904387268258919,0.994918850433652,2.31186181309795e-11
timing_cd,-0.0416666666666667,-0.25,0.957459192922175,0.919837868433098,0.995080517411251,2.31191732424918e-11
timing_cd,-0.0416666666666667,-0.225,0.964570237985597,0.933912571878405,0.995227904092791,2.31177299525598e-11
timing_cd,-0.0416666666666667,-0.2,0.970975425959329,0.946590059616155,0.995360792302502,2.3119950398609e-11
timing_cd,-0.0416666666666667,-0.175,0.976665057776532,0.957851130825109,0.995478984727956,2.31177299525598e-11
timing_cd,-0.0416666666666667,-0.15,0.981630518618685,0.967678732008003,0.995582305229367,2.31235031122878e-11
timing_cd,-0.0416666666666667,-0.125,0.985864291003649,0.976057982891741,0.995670599115556,2.31181740417696e-11
timing_cd,-0.0416666666666667,-0.1,0.989359966203674,0.982976199021501,0.995743733385846,2.31177299525598e-11
timing_cd,-0.0416666666666667,-0.075,0.99211225397626,0.988422911014686,0.995801596937835,2.31188401755844e-11
timing_cd,-0.0416666666666667,-0.05,0.994116990592862,0.992389880445209,0.995844100740516,2.31202834655164e-11
timing_cd,-0.0416666666666667,-0.025,0.995371145153258,0.994871112333999,0.995871177972517,2.31177299525598e-11
timing_cd,-0.0416666666666667,0,0.995872824176015,0.995862864226758,0.995882784125272,2.31197283540041e-11
timing_cd,-0.0416666666666667,0.025,0.995621274458121,0.99536365184524,0.995878897071003,2.31189511978869e-11
timing_cd,-0.0416666666666667,0.05,0.994616884199334,0.993374251303386,0.995859517095283,2.31177299525598e-11
timing_cd,-0.0416666666666667,0.075,0.992861182389686,0.98989769788511,0.995824666894262,2.31225039115657e-11
timing_cd,-0.0416666666666667,0.1,0.990356836461086,0.984939281385656,0.995774391536515,2.31238361791952e-11
timing_cd,-0.0416666666666667,0.125,0.987107648206576,0.978506538023631,0.99570875838952,2.3118507108677e-11
timing_cd,-0.0416666666666667,0.15,0.983118547973572,0.970609238936195,0.995627857010948,2.31177299525598e-11
timing_cd,-0.0416666666666667,0.175,0.978395587139996,0.961259375275042,0.995531799004949,2.31177299525598e-11
timing_cd,-0.0416666666666667,0.2,0.972945928884742,0.950471139925899,0.995420717843585,2.31177299525598e-11
timing_cd,-0.0416666666666667,0.225,0.966777837266651,0.93826090587956,0.995294768653742,2.31192842647943e-11
timing_cd,-0.0416666666666667,0.25,0.959900664628686,0.924647201287511,0.995154127969861,2.31203944878189e-11
timing_cd,-0.0416666666666667,0.275,0.952324837346523,0.90965068124022,0.994998993452825,2.31229480007755e-11
timing_cd,-0.0416666666666667,0.3,0.944061839943404,0.893294096311292,0.994829583575516,2.3120172443214e-11
timing_cd,0,-0.3,0.941184151795828,0.88760683288463,0.994761470707027,2.31195063093992e-11
timing_cd,0,-0.275,0.949671847500512,0.904407998790372,0.994935696210652,2.31192842647943e-11
timing_cd,0,-0.25,0.957476383285415,0.919856780068124,0.995095986502706,2.31177299525598e-11
timing_cd,0,-0.225,0.964585942178107,0.933929779698066,0.995242104658148,2.31196173317016e-11
timing_cd,0,-0.2,0.970989759926924,0.946605685663337,0.995373834190511,2.31217267554484e-11
timing_cd,0,-0.175,0.976678141355529,0.957865303319058,0.995490979392,2.3120172443214e-11
timing_cd,0,-0.15,0.981642475091225,0.967691584541706,0.995593365640744,2.31177299525598e-11
timing_cd,0,-0.125,0.985875246644556,0.976069653614426,0.995680839674685,2.31177299525598e-11
timing_cd,0,-0.1,0.989370049820339,0.982986829808931,0.995753269831748,2.3119950398609e-11
timing_cd,0,-0.075,0.992121596442668,0.988432646629533,0.995810546255803,2.31221708446583e-11
timing_cd,0,-0.05,0.994125724379144,0.992398867690098,0.995852581068191,2.3123059023078e-11
timing_cd,0,-0.025,0.995379403852145,0.994879499199761,0.995879308504529,2.31177299525598e-11
timing_cd,0,0,0.995880742027471,0.995870799038408,0.995890685016533,2.31180630194672e-11
timing_cd,0,0.025,0.995628985873522,0.995371282408226,0.995886689338817,2.31177299525598e-11
timing_cd,0,0.05,0.994624523286514,0.993381724052641,0.995867322520387,2.31195063093992e-11
timing_cd,0,0.075,0.992868882480239,0.989905157039488,0.995832607920989,2.31221708446583e-11
timing_cd,0,0.1,0.990364729641158,0.984946868110187,0.995782591172128,2.31205055101213e-11
timing_cd,0,0.125,0.987115864852551,0.978514389602167,0.995717340102935,2.31221708446583e-11
timing_cd,0,0.15,0.983127216293967,0.970617487956941,0.995636944630993,2.31236141345903e-11
timing_cd,0,0.175,0.978404832724793,0.96126814883134,0.995541516618246,2.31177299525598e-11
timing_cd,0,0.2,0.97295587426345,0.950480558834707,0.995431189692192,2.31233920899854e-11
timing_cd,0,0.225,0.966788601476472,0.938271083920101,0.995306119032843,2.31177299525598e-11
timing_cd,0,0.25,0.959912362793799,0.924658244462192,0.995166481125407,2.31177299525598e-11
timing_cd,0,0.275,0.952337580269909,0.90966268706032,0.995012473479497,2.31178409748622e-11
timing_cd,0,0.3,0.944075733712248,0.893307153109473,0.994844314315022,2.31197283540041e-11
timing_cd,0.0416666666666667,-0.3,0.941207093408922,0.887631660770059,0.994782526047785,2.31177299525598e-11
timing_cd,0.0416666666666667,-0.275,0.949693297841097,0.904431150545571,0.994955445136622,2.31177299525598e-11
timing_cd,0.0416666666666667,-0.25,0.957496440566353,0.919878352432919,0.995114528699787,2.31202834655164e-11
timing_cd,0.0416666666666667,-0.225,0.964604708956919,0.933949876502805,0.995259541411033,2.31177299525598e-11
timing_cd,0.0416666666666667,-0.2,0.971007342711695,0.946624417124664,0.995390268298727,2.31177299525598e-11
timing_cd,0.0416666666666667,-0.175,0.976694650200647,0.957882785317449,0.995506515083845,2.31196173317016e-11
timing_cd,0.0416666666666667,-0.15,0.981658023184072,0.967707937882956,0.995608108485189,2.31218377777509e-11
timing_cd,0.0416666666666667,-0.125,0.985889949884356,0.97608500327732,0.995694896491391,2.31231700453804e-11
timing_cd,0.0416666666666667,-0.1,0.989384026390335,0.983001304181366,0.995766748599304,2.31219488000534e-11
timing_cd,0.0416666666666667,-0.075,0.992134966376892,0.988446376735421,0.995823556018364,2.31178409748622e-11
timing_cd,0.0416666666666667,-0.05,0.994138609125004,0.992411986409364,0.995865231840644,2.31177299525598e-11
timing_cd,0.0416666666666667,-0.025,0.995391925830053,0.994892140483783,0.995891711176322,2.31177299525598e-11
timing_cd,0.0416666666666667,0,0.995893024188799,0.99588309712326,0.995902951254339,2.31177299525598e-11
timing_cd,0.0416666666666667,0.025,0.995641151258078,0.995383371028037,0.995898931488119,2.31192842647943e-11
timing_cd,0.0416666666666667,0.05,0.994636694580866,0.993393735655508,0.995879653506223,2.31182850640721e-11
timing_cd,0.0416666666666667,0.075,0.992881181578037,0.989917222008188,0.995845141147886,2.31177299525598e-11
timing_cd,0.0416666666666667,0.1,0.990377277206793,0.984959113990105,0.995795440423481,2.31206165324238e-11
timing_cd,0.0416666666666667,0.125,0.987128779889384,0.978526940338791,0.995730619439977,2.31210606216337e-11
timing_cd,0.0416666666666667,0.15,0.983140615718258,0.970630463145103,0.995650768291414,2.31190622201893e-11
timing_cd,0.0416666666666667,0.175,0.978418830946627,0.961281662978565,0.995555998914688,2.31205055101213e-11
timing_cd,0.0416666666666667,0.2,0.972970582775888,0.950494720640949,0.995446444910828,2.31177299525598e-11
timing_cd,0.0416666666666667,0.225,0.966804128453919,0.938285995575861,0.995322261331977,2.31177299525598e-11
timing_cd,0.0416666666666667,0.25,0.959928812701011,0.924674000967472,0.995183624434551,2.31208385770287e-11
timing_cd,0.0416666666666667,0.275,0.952355053482558,0.909679375566275,0.995030731398841,2.31177299525598e-11
timing_cd,0.0416666666666667,0.3,0.944094326150178,0.893324852284861,0.994863800015495,2.31192842647943e-11
timing_cd,0.0833333333333333,-0.3,0.941225616748191,0.887651834345235,0.994799399151147,2.31179519971647e-11
timing_cd,0.0833333333333333,-0.275,0.949710392309409,0.904449740547752,0.994971044071066,2.31242802684051e-11
timing_cd,0.0833333333333333,-0.25,0.957512198311803,0.919895448085556,0.99512894853805,2.31177299525598e-11
timing_cd,0.0833333333333333,-0.225,0.964619226229219,0.933965573672376,0.995272878786062,2.31177299525598e-11
timing_cd,0.0833333333333333,-0.2,0.971020719494836,0.946638817670539,0.995402621319135,2.31239472014977e-11
timing_cd,0.0833333333333333,-0.175,0.976706989835872,0.957895996424573,0.995517983247171,2.31177299525598e-11
timing_cd,0.0833333333333333,-0.15,0.98166943198425,0.967720071379401,0.995618792589099,2.31177299525598e-11
timing_cd,0.0833333333333333,-0.125,0.985900536740992,0.9760961749389,0.995704898543085,2.31226149338681e-11
timing_cd,0.0833333333333333,-0.1,0.989393902374264,0.983011633025351,0.995776171723178,2.31212826662386e-11
timing_cd,0.0833333333333333,-0.075,0.992144244333786,0.988455984305495,0.995832504362076,2.31203944878189e-11
timing_cd,0.0833333333333333,-0.05,0.994147403266895,0.992420996054017,0.995873810479773,2.31186181309795e-11
timing_cd,0.0833333333333333,-0.025,0.995400351324005,0.994900676630288,0.995900026017722,2.31215047108435e-11
timing_cd,0.0833333333333333,0,0.995901196743926,0.995891284549459,0.995911108938393,2.31236141345903e-11
timing_cd,0.0833333333333333,0.025,0.995649186712042,0.995391334134089,0.995907039289994,2.31177299525598e-11
timing_cd,0.0833333333333333,0.05,0.99464470848703,0.993401597737778,0.995887819236283,2.31182850640721e-11
timing_cd,0.0833333333333333,0.075,0.992889288794533,0.989925104537564,0.995853473051502,2.31177299525598e-11
timing_cd,0.0833333333333333,0.1,0.990385591488549,0.98496713589681,0.995804047080287,2.31177299525598e-11
timing_cd,0.0833333333333333,0.125,0.987137413484314,0.978535217305868,0.99573960966276,2.31188401755844e-11
timing_cd,0.0833333333333333,0.15,0.983149678968813,0.970639106912777,0.99566025102485,2.31218377777509e-11
timing_cd,0.0833333333333333,0.175,0.978428431897791,0.961290780661551,0.995566083134032,2.31179519971647e-11
timing_cd,0.0833333333333333,0.2,0.97298082679071,0.950504414060738,0.995457239520682,2.31177299525598e-11
timing_cd,0.0833333333333333,0.225,0.966815117837781,0.938296360610155,0.995333875065407,2.31178409748622e-11
timing_cd,0.0833333333333333,0.25,0.959940646335617,0.924685126918648,0.995196165752586,2.3123059023078e-11
timing_cd,0.0833333333333333,0.275,0.952367826470747,0.909691344550901,0.995044308390593,2.31177299525598e-11
timing_cd,0.0833333333333333,0.3,0.9441081294726,0.893337738646178,0.994878520299022,2.31177299525598e-11
timing_cd,0.125,-0.3,0.941238999279258,0.887666674263576,0.994811324294939,2.31177299525598e-11
timing_cd,0.125,-0.275,0.949722378753037,0.904463053485628,0.994981704020447,2.31192842647943e-11
timing_cd,0.125,-0.25,0.957522875655434,0.919907317103071,0.995138434207796,2.31200614209115e-11
timing_cd,0.125,-0.225,0.964628685363336,0.933976088093335,0.995281282633336,2.31197283540041e-11
timing_cd,0.125,-0.2,0.971029054869557,0.946648072480026,0.995410037259089,2.31177299525598e-11
timing_cd,0.125,-0.175,0.976714299108394,0.957904091650398,0.995524506566392,2.31177299525598e-11
timing_cd,0.125,-0.15,0.981675815658327,0.967727111459449,0.995624519857204,2.31177299525598e-11
timing_cd,0.125,-0.125,0.985906097799208,0.976102268076082,0.995709927522334,2.31177299525598e-11
timing_cd,0.125,-0.1,0.989398745904347,0.983016890532279,0.995780601276415,2.31178409748622e-11
timing_cd,0.125,-0.075,0.992148477150036,0.988460519940898,0.995836434359174,2.31192842647943e-11
timing_cd,0.125,-0.05,0.994151133527718,0.992424925352815,0.995877341702621,2.31252794691272e-11
timing_cd,0.125,-0.025,0.995403688146744,0.99490411622946,0.995903260064028,2.31177299525598e-11
timing_cd,0.125,0,0.995904249817936,0.99589435151158,0.995914148124293,2.31209495993312e-11
timing_cd,0.125,0.025,0.995652065911345,0.995394145270834,0.995909986551856,2.31177299525598e-11
timing_cd,0.125,0.05,0.994647523483437,0.993404268935211,0.995890778031663,2.31177299525598e-11
timing_cd,0.125,0.075,0.992892148672405,0.989927750085332,0.995856547259477,2.31177299525598e-11
timing_cd,0.125,0.1,0.990388604362355,0.984969867823325,0.995807340901383,2.31188401755844e-11
timing_cd,0.125,0.125,0.987140686119981,0.978538144721411,0.995743227518551,2.31177299525598e-11
timing_cd,0.125,0.15,0.983153316409988,0.970642335362555,0.995664297457421,2.31177299525598e-11
timing_cd,0.125,0.175,0.978432537098079,0.961294411490679,0.99557066270548,2.31177299525598e-11
timing_cd,0.125,0.2,0.972985500252969,0.950508543793116,0.995462456712822,2.31191732424918e-11
timing_cd,0.125,0.225,0.96682045726145,0.938301080343091,0.99533983417981,2.31196173317016e-11
timing_cd,0.125,0.25,0.959946746273132,0.924690521735135,0.99520297081113,2.31177299525598e-11
timing_cd,0.125,0.275,0.952374777994007,0.909697492951355,0.995052063036658,2.31177299525598e-11
timing_cd,0.125,0.3,0.944116019850532,0.893344712001482,0.994887327699582,2.31177299525598e-11
timing_cd,0.166666666666667,-0.3,0.941253138030127,0.887682104855653,0.994824171204602,2.31180630194672e-11
timing_cd,0.166666666666667,-0.275,0.949735254430405,0.904477109960069,0.99499339890074,2.31222818669607e-11
timing_cd,0.166666666666667,-0.25,0.957534569187629,0.919920075722689,0.99514906265257,2.31196173317016e-11
timing_cd,0.166666666666667,-0.225,0.964639281301736,0.933987630943375,0.995290931660097,2.31228369784731e-11
timing_cd,0.166666666666667,-0.2,0.971038641067309,0.946658486908754,0.995418795225864,2.31180630194672e-11
timing_cd,0.166666666666667,-0.175,0.976722966390532,0.95791346969453,0.995532463086533,2.31177299525598e-11
timing_cd,0.166666666666667,-0.15,0.98168365748422,0.967735549256186,0.995631765712255,2.31177299525598e-11
timing_cd,0.166666666666667,-0.125,0.985913209918406,0.976109865263626,0.995716554573185,2.31177299525598e-11
timing_cd,0.166666666666667,-0.1,0.989405226006737,0.983023749640637,0.995786702372838,2.31202834655164e-11
timing_cd,0.166666666666667,-0.075,0.992154424511366,0.988466745774835,0.995842103247897,2.31177299525598e-11
timing_cd,0.166666666666667,-0.05,0.994156648651442,0.992430624368816,0.995882672934067,2.31177299525598e-11
timing_cd,0.166666666666667,-0.025,0.995408872403301,0.99490939590866,0.995908348897942,2.31220598223558e-11
timing_cd,0.166666666666667,0,0.995909205082508,0.995899319730597,0.995919090434419,2.31196173317016e-11
timing_cd,0.166666666666667,0.025,0.995656894200924,0.9953989096722,0.995914878729649,2.31181740417696e-11
timing_cd,0.166666666666667,0.05,0.994652326594536,0.993408936299618,0.995895716889454,2.31177299525598e-11
timing_cd,0.166666666666667,0.075,0.99289702782021,0.989932425707369,0.995861629933051,2.31177299525598e-11
timing_cd,0.166666666666667,0.1,0.990393659822475,0.984974654892717,0.995812664752233,2.31226149338681e-11
timing_cd,0.166666666666667,0.125,0.987146016873787,0.978543143711627,0.995748890035947,2.31197283540041e-11
timing_cd,0.166666666666667,0.15,0.983159019794507,0.970647643428598,0.995670396160416,2.31196173317016e-11
timing_cd,0.166666666666667,0.175,0.978438708461528,0.961300121877982,0.995577295045074,2.31217267554484e-11
timing_cd,0.166666666666667,0.2,0.972992232616868,0.950514745259309,0.995469719974428,2.31177299525598e-11
timing_cd,0.166666666666667,0.225,0.966827840990271,0.938307856594421,0.995347825386122,2.31177299525598e-11
timing_cd,0.166666666666667,0.25,0.959954868752503,0.924697950879334,0.995211786625672,2.31177299525598e-11
timing_cd,0.166666666666667,0.275,0.952383723318356,0.909705646968635,0.995061799668077,2.31181740417696e-11
timing_cd,0.166666666666667,0.3,0.944125868521091,0.893353656235313,0.99489808080687,2.31177299525598e-11
timing_cd,0.208333333333333,-0.3,0.941268248046834,0.887698358546874,0.994838137546793,2.31177299525598e-11
timing_cd,0.208333333333333,-0.275,0.949749226492398,0.904492131967124,0.995006321017671,2.31177299525598e-11
timing_cd,0.208333333333333,-0.25,0.957547478652385,0.919933936161381,0.995161021143388,2.31237251568928e-11
timing_cd,0.208333333333333,-0.225,0.96465120689023,0.934000405347454,0.995302008433006,2.31177299525598e-11
timing_cd,0.208333333333333,-0.2,0.971049664562739,0.946670255708952,0.995429073416525,2.31177299525598e-11
timing_cd,0.208333333333333,-0.175,0.976733172329066,0.957924317683467,0.995542026974665,2.3118507108677e-11
timing_cd,0.208333333333333,-0.15,0.981693132838466,0.967745565040606,0.995640700636327,2.31269448036642e-11
timing_cd,0.208333333333333,-0.125,0.985922043774673,0.976119140705827,0.995724946843519,2.3118507108677e-11
timing_cd,0.208333333333333,-0.1,0.989413509236873,0.983032379290646,0.9957946391831,2.31182850640721e-11
timing_cd,0.208333333333333,-0.075,0.992162249440262,0.988474826295231,0.995849672585294,2.31177299525598e-11
timing_cd,0.208333333333333,-0.05,0.99416410872111,0.992438253953898,0.995889963488323,2.31178409748622e-11
timing_cd,0.208333333333333,-0.025,0.995416061834466,0.99491667369973,0.9959154499692,2.31177299525598e-11
timing_cd,0.208333333333333,0,0.995916218534657,0.995906345229106,0.995926091840208,2.31218377777509e-11
timing_cd,0.208333333333333,0.025,0.995663826431954,0.995405782152707,0.995921870711201,2.31220598223558e-11
timing_cd,0.208333333333333,0.05,0.994659272120738,0.993415754224136,0.995902790017341,2.31200614209115e-11
timing_cd,0.208333333333333,0.075,0.992904080577755,0.989939286143052,0.995868875012458,2.31177299525598e-11
timing_cd,0.208333333333333,0.1,0.99040091283125,0.984981652934575,0.995820172727925,2.31177299525598e-11
timing_cd,0.208333333333333,0.125,0.9871535619046,0.97855037191206,0.995756751897139,2.31229480007755e-11
timing_cd,0.208333333333333,0.15,0.983166947040677,0.97065519123558,0.995678702845775,2.31177299525598e-11
timing_cd,0.208333333333333,0.175,0.978447106215609,0.96130807508342,0.995586137347799,2.31207275547263e-11
timing_cd,0.208333333333333,0.2,0.973001186953699,0.950523185459547,0.995479188447852,2.31188401755844e-11
timing_cd,0.208333333333333,0.225,0.966837435457047,0.938316860664324,0.99535801024977,2.31197283540041e-11
timing_cd,0.208333333333333,0.25,0.959965184066888,0.924707590461741,0.995222777672035,2.31183960863746e-11
timing_cd,0.208333333333333,0.275,0.952394837075479,0.909715987980714,0.995073686170244,2.31179519971647e-11
timing_cd,0.208333333333333,0.3,0.944137854910285,0.8933647583934,0.99491095142717,2.31177299525598e-11
timing_cd,0.25,-0.3,0.941280109041812,0.88771123600413,0.994848982079494,2.31177299525598e-11
timing_cd,0.25,-0.275,0.949759982667698,0.904503825254542,0.995016140080854,2.31225039115657e-11
timing_cd,0.25,-0.25,0.957557201364168,0.919944511002124,0.995169891726213,2.31177299525598e-11
timing_cd,0.25,-0.225,0.964659970697728,0.934009932591798,0.995310008803659,2.31206165324238e-11
timing_cd,0.25,-0.2,0.971057546945192,0.946678810847854,0.99543628304253,2.31239472014977e-11
timing_cd,0.25,-0.175,0.976740253394866,0.957931980348576,0.995548526441156,2.31177299525598e-11
timing_cd,0.25,-0.15,0.981699495027442,0.967752418492329,0.995646571562555,2.31177299525598e-11
timing_cd,0.25,-0.125,0.985927771554458,0.976125271311132,0.995730271797783,2.3119950398609e-11
timing_cd,0.25,-0.1,0.989418688794185,0.983037875992163,0.995799501596208,2.31232810676829e-11
timing_cd,0.25,-0.075,0.992166968367948,0.988479780073246,0.995854156662651,2.31177299525598e-11
timing_cd,0.25,-0.05,0.99416845570191,0.992442757282954,0.995894154120866,2.31186181309795e-11
timing_cd,0.25,-0.025,0.995420126322403,0.994920820001488,0.995919432643318,2.31177299525598e-11
timing_cd,0.25,0,0.995920090434975,0.995910228323152,0.995929952546799,2.31177299525598e-11
timing_cd,0.25,0.025,0.995667595780469,0.99540949570694,0.995925695853997,2.31236141345903e-11
timing_cd,0.25,0.05,0.994663028763626,0.993419391206515,0.995906666320737,2.31238361791952e-11
timing_cd,0.25,0.075,0.992907913852584,0.98994293827627,0.995872889428897,2.31177299525598e-11
timing_cd,0.25,0.1,0.990404911250213,0.984985410155372,0.995824412345054,2.31211716439361e-11
timing_cd,0.25,0.125,0.987157812840928,0.978554321836909,0.995761303844947,2.31177299525598e-11
timing_cd,0.25,0.15,0.98317153641897,0.970659418634224,0.995683654203716,2.31177299525598e-11
timing_cd,0.25,0.175,0.978452118207191,0.961312661362094,0.995591575052287,2.31208385770287e-11
timing_cd,0.25,0.2,0.973006703677668,0.950528208155281,0.995485199200054,2.31197283540041e-11
timing_cd,0.25,0.225,0.966843536688036,0.938322392952048,0.995364680424024,2.31177299525598e-11
timing_cd,0.25,0.25,0.959971946950294,0.924713700675643,0.995230193224945,2.31195063093992e-11
timing_cd,0.25,0.275,0.95240233585106,0.909722739151425,0.995081932550696,2.31181740417696e-11
timing_cd,0.25,0.3,0.94414616064487,0.89337220780241,0.99492011348733,2.31227259561706e-11
timing_cd,0.291666666666667,-0.3,0.941289482949018,0.887721519973204,0.994857445924833,2.31181740417696e-11
timing_cd,0.291666666666667,-0.275,0.949768290516613,0.904512975404249,0.995023605628976,2.31208385770287e-11
timing_cd,0.291666666666667,-0.25,0.957564510739095,0.919952589057027,0.995176432421163,2.3119950398609e-11
timing_cd,0.291666666666667,-0.225,0.964666352230731,0.934017005130602,0.995315699330861,2.31187291532819e-11
timing_cd,0.291666666666667,-0.2,0.971063074049452,0.946684948847928,0.995441199250975,2.31208385770287e-11
timing_cd,0.291666666666667,-0.175,0.97674500199075,0.957937258717727,0.995552745263774,2.31208385770287e-11
timing_cd,0.291666666666667,-0.15,0.981703543262114,0.967756915589324,0.995650170934903,2.31177299525598e-11
timing_cd,0.291666666666667,-0.125,0.985931199515668,0.97612906845631,0.995733330575027,2.31203944878189e-11
timing_cd,0.291666666666667,-0.1,0.989421578219381,0.983041056969914,0.995802099468849,2.31188401755844e-11
timing_cd,0.291666666666667,-0.075,0.99216940234923,0.988482430627632,0.995856374070829,2.31177299525598e-11
timing_cd,0.291666666666667,-0.05,0.994170518387927,0.992444964608236,0.995896072167618,2.31197283540041e-11
timing_cd,0.291666666666667,-0.025,0.995421902617908,0.994922672228998,0.995921133006819,2.3120172443214e-11
timing_cd,0.291666666666667,0,0.995921665698983,0.995911814006163,0.995931517391803,2.31177299525598e-11
timing_cd,0.291666666666667,0.025,0.995669055523811,0.995410903305051,0.99592720774257,2.31177299525598e-11
timing_cd,0.291666666666667,0.05,0.994664458346826,0.993420708571169,0.995908208122483,2.31191732424918e-11
timing_cd,0.291666666666667,0.075,0.992909398184957,0.989944252139041,0.995874544230873,2.3120172443214e-11
timing_cd,0.291666666666667,0.1,0.990406534490972,0.984986805620498,0.995826263361446,2.31177299525598e-11
timing_cd,0.291666666666667,0.125,0.987159658103143,0.978555881879624,0.995763434326662,2.31177299525598e-11
timing_cd,0.291666666666667,0.15,0.983173685477361,0.970661223606565,0.995686147348158,2.3118507108677e-11
timing_cd,0.291666666666667,0.175,0.978454651210485,0.961314788507596,0.995594513913373,2.31192842647943e-11
timing_cd,0.291666666666667,0.2,0.973009698866334,0.950530731134056,0.995488666598611,2.31206165324238e-11
timing_cd,0.291666666666667,0.225,0.966847070118345,0.93832538137785,0.99536875885884,2.31177299525598e-11
timing_cd,0.291666666666667,0.25,0.959976092225362,0.924717219666225,0.995234964784498,2.31177299525598e-11
timing_cd,0.291666666666667,0.275,0.952407163859734,0.909726848893689,0.995087478825779,2.31246133353125e-11
timing_cd,0.291666666666667,0.3,0.944151739309277,0.893376963133776,0.994926515484778,2.31177299525598e-11
timing_cd,0.333333333333333,-0.3,0.941299867219882,0.887732720595476,0.994867013844289,2.31177299525598e-11
timing_cd,0.333333333333333,-0.275,0.949777706991408,0.904523150438637,0.995032263544179,2.31232810676829e-11
timing_cd,0.333333333333333,-0.25,0.957573022704883,0.919961795783136,0.99518424962663,2.31181740417696e-11
timing_cd,0.333333333333333,-0.225,0.964674025819463,0.934025305372396,0.99532274626653,2.31177299525598e-11
timing_cd,0.333333333333333,-0.2,0.971069977986691,0.94669240854661,0.995447547426773,2.31177299525598e-11
timing_cd,0.333333333333333,-0.175,0.976751207337471,0.957943947492541,0.995558467182401,2.31178409748622e-11
timing_cd,0.333333333333333,-0.15,0.981709123150318,0.967762906287654,0.995655340012982,2.31217267554484e-11
timing_cd,0.333333333333333,-0.125,0.985936228878695,0.976134436694572,0.995738021062817,2.31192842647943e-11
timing_cd,0.333333333333333,-0.1,0.989426133517486,0.98304588066648,0.995806386368492,2.31221708446583e-11
timing_cd,0.333333333333333,-0.075,0.992173561291514,0.988486789529493,0.995860333053535,2.31177299525598e-11
timing_cd,0.333333333333333,-0.05,0.994174359651179,0.992448939812655,0.995899779489704,2.31177299525598e-11
timing_cd,0.333333333333333,-0.025,0.995425505563307,0.994926345701743,0.995924665424872,2.31196173317016e-11
timing_cd,0.333333333333333,0,0.995925110087453,0.995915268097799,0.995934952077107,2.31177299525598e-11
timing_cd,0.333333333333333,0.025,0.995672421230814,0.995414220266727,0.995930622194901,2.31190622201893e-11
timing_cd,0.333333333333333,0.05,0.994667825077477,0.99342397007147,0.995911680083484,2.31219488000534e-11
timing_cd,0.333333333333333,0.075,0.992912845190199,0.989947538783301,0.995878151597097,2.31177299525598e-11
timing_cd,0.333333333333333,0.1,0.990410140285697,0.984990196474126,0.995830084097268,2.31177299525598e-11
timing_cd,0.333333333333333,0.125,0.987163500187072,0.978559453996922,0.995767546377222,2.31219488000534e-11
timing_cd,0.333333333333333,0.15,0.983177840059461,0.970665051566452,0.99569062855247,2.31177299525598e-11
timing_cd,0.333333333333333,0.175,0.978459192937664,0.961318943957649,0.995599441917679,2.31222818669607e-11
timing_cd,0.333333333333333,0.2,0.973014700557375,0.95053528234443,0.995494118770321,2.31177299525598e-11
timing_cd,0.333333333333333,0.225,0.966852602503628,0.938330392806276,0.99537481220098,2.31177299525598e-11
timing_cd,0.333333333333333,0.25,0.959982223693324,0.924722751535635,0.995241695851013,2.31196173317016e-11
timing_cd,0.333333333333333,0.275,0.952413960210714,0.909732956783704,0.995094963637725,2.31250574245223e-11
timing_cd,0.333333333333333,0.3,0.944159263517447,0.893383697587329,0.994934829447565,2.31177299525598e-11
timing_cd,0.375,-0.3,0.941310369660139,0.887743954664377,0.994876784655901,2.31177299525598e-11
timing_cd,0.375,-0.275,0.949787315500458,0.904533441619138,0.995041189381778,2.31177299525598e-11
timing_cd,0.375,-0.25,0.957581796837314,0.919971197524405,0.995192396150223,2.31205055101213e-11
timing_cd,0.375,-0.225,0.964682027803604,0.934033875399201,0.995330180208006,2.31177299525598e-11
timing_cd,0.375,-0.2,0.971077272487296,0.946700208457862,0.99545433651673,2.31177299525598e-11
timing_cd,0.375,-0.175,0.9767578612119,0.95795104234845,0.99556468007535,2.3118507108677e-11
timing_cd,0.375,-0.15,0.981715205198889,0.967769364186771,0.995661046211006,2.31190622201893e-11
timing_cd,0.375,-0.125,0.98594180958989,0.976140328341991,0.99574329083779,2.31177299525598e-11
timing_cd,0.375,-0.1,0.989431284808813,0.983051278934598,0.995811290683027,2.31177299525598e-11
timing_cd,0.375,-0.075,0.992178356246754,0.988491769012706,0.995864943480802,2.31177299525598e-11
timing_cd,0.375,-0.05,0.994178872254809,0.992453576377351,0.995904168132267,2.31189511978869e-11
timing_cd,0.375,-0.025,0.995429810432833,0.994930716032994,0.995928904832671,2.31177299525598e-11
timing_cd,0.375,0,0.995929282204417,0.995919449244117,0.995939115164717,2.31188401755844e-11
timing_cd,0.375,0.025,0.995676535671354,0.995418289184406,0.995934782158302,2.31177299525598e-11
timing_cd,0.375,0.05,0.994671956743059,0.993428003169758,0.995915910316361,2.31226149338681e-11
timing_cd,0.375,0.075,0.992917068539456,0.989951611471965,0.995882525606947,2.31205055101213e-11
timing_cd,0.375,0.1,0.990414529068048,0.984994382714713,0.995834675421384,2.31177299525598e-11
timing_cd,0.375,0.125,0.987168127178914,0.978563825859117,0.995772428498711,2.31177299525598e-11
timing_cd,0.375,0.15,0.983182776803693,0.970669678790924,0.995695874816462,2.31177299525598e-11
timing_cd,0.375,0.175,0.978464509487389,0.961323893526811,0.995605125447966,2.31177299525598e-11
timing_cd,0.375,0.2,0.973020465224327,0.950540618062289,0.995500312386365,2.31193952870967e-11
timing_cd,0.375,0.225,0.966858881612289,0.938336174888893,0.995381588335685,2.31177299525598e-11
timing_cd,0.375,0.25,0.959989081341257,0.924729036213307,0.995249126469207,2.31177299525598e-11
timing_cd,0.375,0.275,0.952421458035942,0.909739795916258,0.995103120155626,2.31177299525598e-11
timing_cd,0.375,0.3,0.944167460473476,0.893391138293681,0.994943782653272,2.3120172443214e-11
timing_cd,0.416666666666667,-0.3,0.941318517284401,0.887752760653163,0.994884273915639,2.31177299525598e-11
timing_cd,0.416666666666667,-0.275,0.949794588997789,0.904541331886054,0.995047846109525,2.31177299525598e-11
timing_cd,0.416666666666667,-0.25,0.957588252967475,0.919978222701269,0.995198283233681,2.31197283540041e-11
timing_cd,0.416666666666667,-0.225,0.964687725887947,0.9340400901922,0.995335361583694,2.31177299525598e-11
timing_cd,0.416666666666667,-0.2,0.971082274184296,0.946705671269458,0.995458877099133,2.31181740417696e-11
timing_cd,0.416666666666667,-0.175,0.976762230286376,0.957955814888366,0.995568645684385,2.31209495993312e-11
timing_cd,0.416666666666667,-0.15,0.981719007285665,0.967773511073343,0.995664503497987,2.31177299525598e-11
timing_cd,0.416666666666667,-0.125,0.985945111952532,0.976143916695083,0.995746307209981,2.31181740417696e-11
timing_cd,0.416666666666667,-0.1,0.989434156094275,0.983054377961505,0.995813934227045,2.31177299525598e-11
timing_cd,0.416666666666667,-0.075,0.992180866236457,0.988494449588106,0.995867282884807,2.31200614209115e-11
timing_cd,0.416666666666667,-0.05,0.994181091613085,0.992455910618869,0.995906272607302,2.31183960863746e-11
timing_cd,0.416666666666667,-0.025,0.995431810453273,0.994932776873463,0.995930844033084,2.31192842647943e-11
timing_cd,0.416666666666667,0,0.99593113455504,0.995921310002078,0.995940959108002,2.31177299525598e-11
timing_cd,0.416666666666667,0.025,0.995678312139161,0.995420023133985,0.995936601144338,2.31177299525598e-11
timing_cd,0.416666666666667,0.05,0.99467372897885,0.993429683111396,0.995917774846303,2.31208385770287e-11
timing_cd,0.416666666666667,0.075,0.992918907803581,0.989953309305269,0.995884506301893,2.31208385770287e-11
timing_cd,0.416666666666667,0.1,0.990416505977831,0.984996169014744,0.995836842940918,2.31177299525598e-11
timing_cd,0.416666666666667,0.125,0.987170311458472,0.978565769457437,0.995774853459508,2.31177299525598e-11
timing_cd,0.416666666666667,0.15,0.983185237036927,0.97067184636274,0.995698627711114,2.3120172443214e-11
timing_cd,0.416666666666667,0.175,0.978467312874799,0.961326349185462,0.995608276564135,2.31206165324238e-11
timing_cd,0.416666666666667,0.2,0.973023677344395,0.950543422962351,0.995503931726439,2.31177299525598e-11
timing_cd,0.416666666666667,0.225,0.966862566188093,0.938339386839147,0.995385745537039,2.31212826662386e-11
timing_cd,0.416666666666667,0.25,0.9599933000131,0.924732709300879,0.995253890725321,2.31177299525598e-11
timing_cd,0.416666666666667,0.275,0.952426270140465,0.909743980142923,0.995108560138008,2.31177299525598e-11
timing_cd,0.416666666666667,0.3,0.944172922830152,0.893395879225746,0.994949966434558,2.31231700453804e-11
timing_cd,0.458333333333333,-0.3,0.941325576338004,0.887760415521378,0.994890737154631,2.31195063093992e-11
timing_cd,0.458333333333333,-0.275,0.949800812631688,0.904548115780306,0.995053509483072,2.31179519971647e-11
timing_cd,0.458333333333333,-0.25,0.957593695088861,0.919984183439734,0.995203206737988,2.31181740417696e-11
timing_cd,0.458333333333333,-0.225,0.96469244284236,0.934045279462646,0.995339606222074,2.31177299525598e-11
timing_cd,0.458333333333333,-0.2,0.971086324542926,0.94671014427244,0.995462504813411,2.31192842647943e-11
timing_cd,0.458333333333333,-0.175,0.976765674627458,0.957959629970132,0.995571719284784,2.31177299525598e-11
timing_cd,0.458333333333333,-0.15,0.981721907970435,0.967776729349434,0.995667086591436,2.31207275547263e-11
timing_cd,0.458333333333333,-0.125,0.985947532896679,0.97614660166609,0.995748464127269,2.31205055101213e-11
timing_cd,0.458333333333333,-0.1,0.989436162535254,0.983056595121884,0.995815729948624,2.31187291532819e-11
timing_cd,0.458333333333333,-0.075,0.992182524497582,0.988496266029524,0.995868782965639,2.31257235583371e-11
timing_cd,0.458333333333333,-0.05,0.994182468864986,0.992457394629207,0.995907543100763,2.31177299525598e-11
timing_cd,0.458333333333333,-0.025,0.995432974473389,0.994933997532713,0.995931951414065,2.31177299525598e-11
timing_cd,0.458333333333333,0,0.995932153485925,0.99592233677645,0.995941970195399,2.31177299525598e-11
timing_cd,0.458333333333333,0.025,0.99567925424626,0.99542092546947,0.99593758302305,2.31183960863746e-11
timing_cd,0.458333333333333,0.05,0.994674662408441,0.993430530028017,0.995918794788865,2.31177299525598e-11
timing_cd,0.458333333333333,0.075,0.992919900341546,0.98995416899325,0.995885631689842,2.31177299525598e-11
timing_cd,0.458333333333333,0.1,0.990417624810061,0.984997108433964,0.995838141186159,2.31177299525598e-11
timing_cd,0.458333333333333,0.125,0.987171622933538,0.97856685394134,0.995776391925737,2.31177299525598e-11
timing_cd,0.458333333333333,0.15,0.983186806431657,0.970673139227904,0.995700473635411,2.31183960863746e-11
timing_cd,0.458333333333333,0.175,0.978469204163519,0.961327911348101,0.995610496978938,2.31240582238001e-11
timing_cd,0.458333333333333,0.2,0.973025952972497,0.95054531256297,0.995506593382023,2.31177299525598e-11
timing_cd,0.458333333333333,0.225,0.96686528685053,0.938341658876458,0.995388914824603,2.31177299525598e-11
timing_cd,0.458333333333333,0.25,0.959996524438516,0.924735415276182,0.99525763360085,2.31177299525598e-11
timing_cd,0.458333333333333,0.275,0.952430054881595,0.909747167716118,0.995112942047071,2.31177299525598e-11
timing_cd,0.458333333333333,0.3,0.944177322061088,0.893399591884031,0.994955052238144,2.31177299525598e-11
timing_cd,0.5,-0.3,0.941333508029845,0.887768886747954,0.994898129311735,2.31241692461026e-11
timing_cd,0.5,-0.275,0.949807980500996,0.904555792972044,0.995060168029947,2.31190622201893e-11
timing_cd,0.5,-0.25,0.95760014992544,0.919991111354144,0.995209188496736,2.31215047108435e-11
timing_cd,0.5,-0.225,0.964698237725939,0.934051506503348,0.99534496894853,2.31177299525598e-11
timing_cd,0.5,-0.2,0.971091514641501,0.946715722152061,0.995467307130941,2.31177299525598e-11
timing_cd,0.5,-0.175,0.976770316989963,0.957964613363345,0.995576020616581,2.31203944878189e-11
timing_cd,0.5,-0.15,0.981726061314415,0.967781175537327,0.995670947091503,2.31177299525598e-11
timing_cd,0.5,-0.125,0.985951257391404,0.976150570172798,0.99575194461001,2.312450231301e-11
timing_cd,0.5,-0.1,0.989439519581188,0.9830601473449,0.995818891817476,2.31177299525598e-11
timing_cd,0.5,-0.075,0.992185576502575,0.988499464864579,0.995871688140572,2.31236141345903e-11
timing_cd,0.5,-0.05,0.994185279018072,0.992460304091117,0.995910253945026,2.31177299525598e-11
timing_cd,0.5,-0.025,0.995435606516698,0.99493668237324,0.995934530660156,2.31177299525598e-11
timing_cd,0.5,0,0.995934671485416,0.995924862100394,0.995944480870438,2.31183960863746e-11
timing_cd,0.5,0.025,0.995681722362014,0.995423356350269,0.99594008837376,2.31177299525598e-11
timing_cd,0.5,0.05,0.994677144665023,0.993432931123893,0.995921358206152,2.31177299525598e-11
timing_cd,0.5,0.075,0.99292246039929,0.989956604165292,0.995888316633288,2.31177299525598e-11
timing_cd,0.5,0.1,0.990420325737779,0.984999640367153,0.995841011108406,2.31284991158986e-11
timing_cd,0.5,0.125,0.987174526983463,0.978569543769873,0.995779510197053,2.31177299525598e-11
timing_cd,0.5,0.15,0.983189974817067,0.970676046165765,0.99570390346837,2.31177299525598e-11
timing_cd,0.5,0.175,0.97847269683993,0.961331092326279,0.99561430135358,2.31177299525598e-11
timing_cd,0.5,0.2,0.973029828422899,0.950548821874311,0.995510834971487,2.31252794691272e-11
timing_cd,0.5,0.225,0.966869601875411,0.938345547829366,0.995393655921456,2.31177299525598e-11
timing_cd,0.5,0.25,0.9600013339511,0.924739731858114,0.995262936044087,2.31177299525598e-11
timing_cd,0.5,0.275,0.952435411709156,0.909751956268162,0.995118867150149,2.31225039115657e-11
timing_cd,0.5,0.3,0.944183276752712,0.893404892787429,0.994961660717996,2.31177299525598e-11
detuning,-0.05,-0.05,0.91324142444452,0.992766399511063,0.993677695739356,2.11878292688539e-11
detuning,-0.05,-0.0458333333333333,0.925904609898154,0.993238166406316,0.993925279370074,2.11881623357613e-11
detuning,-0.05,-0.0416666666666667,0.937604184900736,0.993646701654571,0.994155619577861,2.11876072242489e-11
detuning,-0.05,-0.0375,0.948305226086834,0.993998504284934,0.994368347778749,2.11878292688539e-11
detuning,-0.05,-0.0333333333333333,0.95797571529908,0.994299610516136,0.994563131072034,2.27187157975095e-11
detuning,-0.05,-0.0291666666666667,0.966586654854712,0.994555555866686,0.99473967336143,2.16291429211424e-11
detuning,-0.05,-0.025,0.974112172094377,0.994771340006577,0.994897716344956,2.16289208765374e-11
detuning,-0.05,-0.0208333333333333,0.980529612820915,0.994951394707864,0.995037040402635,2.36188846258756e-11
detuning,-0.05,-0.0166666666666667,0.985819623230473,0.995099555179085,0.995157465360227,2.3117063818745e-11
detuning,-0.05,-0.0125,0.98996622001517,0.99521903507239,0.995258851138415,2.3115620528813e-11
detuning,-0.05,-0.00833333333333333,0.992956848314063,0.995312405368868,0.995341098245843,2.31158425734179e-11
detuning,-0.05,-0.00416666666666667,0.994782427312307,0.995381577391143,0.995404148152324,2.3115620528813e-11
detuning,-0.05,0,0.99543738335368,0.99542779016353,0.995447983590151,2.3115620528813e-11
detuning,-0.05,0.00416666666666667,0.99491967029208,0.995451602108151,0.995472628642942,2.31148433726958e-11
detuning,-0.05,0.00833333333333333,0.993230777124468,0.995452887288989,0.99547814874822,2.31169527964425e-11
detuning,-0.05,0.0125,0.990375722820449,0.995430836187953,0.995464650559737,2.31168417741401e-11
detuning,-0.05,0.0166666666666667,0.986363038378019,0.995383961013708,0.995432281678917,2.31172858633499e-11
detuning,-0.05,0.0208333333333333,0.981204736177949,0.995310105488275,0.995381230256117,2.31163976849302e-11
detuning,-0.05,0.025,0.974916266761774,0.995206459011725,0.995311724463701,2.31202834655164e-11
detuning,-0.05,0.0291666666666667,0.967516463207821,0.995069575059986,0.995224031841732,2.31196173317016e-11
detuning,-0.05,0.0333333333333333,0.959027473331722,0.994895393631303,0.995118458519193,2.31166197295352e-11
detuning,-0.05,0.0375,0.949474679986298,0.994679267518233,0.994995348313199,2.31162866626278e-11
detuning,-0.05,0.0416666666666667,0.938886609784184,0.994415992148472,0.994855081709442,2.31190622201893e-11
detuning,-0.05,0.0458333333333333,0.927294830612962,0.994099838707899,0.994698074727203,2.31168417741401e-11
detuning,-0.05,0.05,0.914733838358025,0.993724590234825,0.994524777673064,2.31191732424918e-11
detuning,-0.0458333333333333,-0.05,0.913366179304784,0.992882710117629,0.99378919580255,2.11876072242489e-11
detuning,-0.0458333333333333,-0.0458333333333333,0.926026394740751,0.993349630599045,0.994032850951306,2.11876072242489e-11
detuning,-0.0458333333333333,-0.0416666666666667,0.937722670843377,0.993753548100669,0.994259368541864,2.27129426377815e-11
detuning,-0.0458333333333333,-0.0375,0.948420097489027,0.994100953480301,0.994468377954671,2.16291429211424e-11
detuning,-0.0458333333333333,-0.0333333333333333,0.958086671081123,0.99439787349849,0.994659544075942,2.16289208765374e-11
detuning,-0.0458333333333333,-0.0291666666666667,0.966693409750608,0.994649832981228,0.994832568421825,2.16309192779818e-11
detuning,-0.0458333333333333,-0.025,0.974214457832106,0.994861819733292,0.994987190130611,2.3117063818745e-11
detuning,-0.0458333333333333,-0.0208333333333333,0.980627179255868,0.9950382525931,0.995123186885437,2.31162866626278e-11
detuning,-0.0458333333333333,-0.0166666666666667,0.985912239353413,0.995182952801492,0.995240375635059,2.31165087072327e-11
detuning,-0.0458333333333333,-0.0125,0.990053674864555,0.99529911908993,0.995338613238036,2.3115620528813e-11
detuning,-0.0458333333333333,-0.00833333333333333,0.993038951860374,0.995389306728263,0.995417797023522,2.3115620528813e-11
detuning,-0.0458333333333333,-0.00416666666666667,0.994859011226664,0.995455410618193,0.995477865144933,2.31148433726958e-11
detuning,-0.0458333333333333,0,0.99550830164313,0.995498652728016,0.995518796849333,2.31169527964425e-11
detuning,-0.0458333333333333,0.00416666666666667,0.994984799871653,0.995519573941838,0.995540612607557,2.31166197295352e-11
detuning,-0.0458333333333333,0.00833333333333333,0.993290018279315,0.995518030415527,0.995543374113463,2.31172858633499e-11
detuning,-0.0458333333333333,0.0125,0.99042899956504,0.995493194476407,0.995527184152069,2.31161756403253e-11
detuning,-0.0458333333333333,0.0166666666666667,0.986410298711657,0.99544356005785,0.995492186337651,2.31202834655164e-11
detuning,-0.0458333333333333,0.0208333333333333,0.981245952235426,0.99536695261162,0.995438564721616,2.31196173317016e-11
detuning,-0.0458333333333333,0.025,0.974951434858463,0.995260543397051,0.995366543272119,2.31166197295352e-11
detuning,-0.0458333333333333,0.0291666666666667,0.967545603779824,0.995120868001685,0.995276385227098,2.31165087072327e-11
detuning,-0.0458333333333333,0.0333333333333333,0.959050630771308,0.994943848906899,0.99516839232276,2.31190622201893e-11
detuning,-0.0458333333333333,0.0375,0.949491922373718,0.994724821874685,0.995042903900382,2.31166197295352e-11
detuning,-0.0458333333333333,0.0416666666666667,0.938898028517152,0.994458565897581,0.994900295894386,2.31193952870967e-11
detuning,-0.0458333333333333,0.0458333333333333,0.927300539935904,0.994139336424604,0.99474097970538,2.31200614209115e-11
detuning,-0.0458333333333333,0.05,0.91473397479321,0.993760901550929,0.994565400961868,2.31176189302573e-11
detuning,-0.0416666666666667,-0.05,0.913485437656909,0.992992337457335,0.993894016034255,2.27191598867194e-11
detuning,-0.0416666666666667,-0.0458333333333333,0.926142573308568,0.993454481368857,0.994133815933847,2.16291429211424e-11
detuning,-0.0416666666666667,-0.0416666666666667,0.937835448927183,0.993853846637056,0.994356578560301,2.16289208765374e-11
detuning,-0.0416666666666667,-0.0375,0.948529168030643,0.994196915600459,0.994561931126317,2.16309192779818e-11
detuning,-0.0416666666666667,-0.0333333333333333,0.958191741950999,0.994489705229222,0.994749536182042,2.3117063818745e-11
detuning,-0.0416666666666667,-0.0291666666666667,0.966794204993208,0.994737729372051,0.994919092771317,2.31162866626278e-11
detuning,-0.0416666666666667,-0.025,0.974310718808134,0.994945963699487,0.995070337393247,2.31158425734179e-11
detuning,-0.0416666666666667,-0.0208333333333333,0.98071866567204,0.995118813797843,0.995203044893724,2.3115620528813e-11
detuning,-0.0416666666666667,-0.0166666666666667,0.985998730293783,0.995260086711504,0.995317029279128,2.3115620528813e-11
detuning,-0.0416666666666667,-0.0125,0.990134969701554,0.995372966085462,0.995412144327666,2.31148433726958e-11
detuning,-0.0416666666666667,-0.00833333333333333,0.993114871041317,0.995459991278196,0.995488284120254,2.31169527964425e-11
detuning,-0.0416666666666667,-0.00416666666666667,0.994929397001318,0.995523040598303,0.995545383434962,2.31166197295352e-11
detuning,-0.0416666666666667,0,0.99557301868593,0.995563318843014,0.99558341801253,2.31172858633499e-11
detuning,-0.0416666666666667,0.00416666666666667,0.995043735804615,0.995581349265091,0.99560240469177,2.31161756403253e-11
detuning,-0.0416666666666667,0.00833333333333333,0.993343084094191,0.995576970050851,0.99560240141498,2.31202834655164e-11
detuning,-0.0416666666666667,0.0125,0.990476129942697,0.995549335344109,0.9955835071021,2.31196173317016e-11
detuning,-0.0416666666666667,0.0166666666666667,0.986451452237308,0.995496920806115,0.995545861394878,2.31166197295352e-11
detuning,-0.0416666666666667,0.0208333333333333,0.981281111509449,0.995417533653753,0.995489644271473,2.31162866626278e-11
detuning,-0.0416666666666667,0.025,0.974980606502419,0.995308327073218,0.995415075532911,2.31190622201893e-11
detuning,-0.0416666666666667,0.0291666666666667,0.967568818337821,0.995165818862642,0.995322414163071,2.31166197295352e-11
detuning,-0.0416666666666667,0.0333333333333333,0.959067942507434,0.994985914116173,0.9952119575644,2.31193952870967e-11
detuning,-0.0416666666666667,0.0375,0.949503408966678,0.994763931724494,0.995084040672119,2.31200614209115e-11
detuning,-0.0416666666666667,0.0416666666666667,0.938903790653731,0.994494634432802,0.994939034949912,2.31176189302573e-11
detuning,-0.0416666666666667,0.0458333333333333,0.927300700805092,0.994172262168011,0.994777347270576,2.31183960863746e-11
detuning,-0.0416666666666667,0.05,0.914728679483767,0.993790568322582,0.994599418685795,2.31195063093992e-11
detuning,-0.0375,-0.05,0.913599211547637,0.993095290829346,0.993992167458382,2.16289208765374e-11
detuning,-0.0375,-0.0458333333333333,0.926253157362648,0.993552728405925,0.994228185366263,2.16309192779818e-11
detuning,-0.0375,-0.0416666666666667,0.937942530630179,0.99394760724525,0.994447260659548,2.3117063818745e-11
detuning,-0.0375,-0.0375,0.948632448932809,0.994286400850072,0.994649018279264,2.31162866626278e-11
detuning,-0.0375,-0.0333333333333333,0.958290938919408,0.994575116095771,0.994833118340551,2.31158425734179e-11
detuning,-0.0375,-0.0291666666666667,0.966889051361028,0.994819255498556,0.994999257257238,2.3115620528813e-11
detuning,-0.0375,-0.025,0.974400965529894,0.995023782315802,0.995147168795898,2.3115620528813e-11
detuning,-0.0375,-0.0208333333333333,0.980804082367818,0.99519308867826,0.995276624934098,2.31148433726958e-11
detuning,-0.0375,-0.0166666666666667,0.986079106176699,0.995330967182667,0.995387436643763,2.31169527964425e-11
detuning,-0.0375,-0.0125,0.990210114451199,0.995440586164343,0.995479454542786,2.31166197295352e-11
detuning,-0.0375,-0.00833333333333333,0.993184615577703,0.995524468902303,0.995552569421627,2.31172858633499e-11
detuning,-0.0375,-0.00416666666666667,0.994993594164258,0.995584476963846,0.995606712642515,2.31161756403253e-11
detuning,-0.0375,0,0.99563154381776,0.995621797857485,0.995641856410663,2.31202834655164e-11
detuning,-0.0375,0.00416666666666667,0.995096487233509,0.995636937118611,0.995658013915246,2.31196173317016e-11
detuning,-0.0375,0.00833333333333333,0.993389983515829,0.99562971490949,0.995655239340291,2.31166197295352e-11
detuning,-0.0375,0.0125,0.990517122699469,0.995599267168149,0.995633627745202,2.31162866626278e-11
detuning,-0.0375,0.0166666666666667,0.986486507493719,0.995544051294021,0.995593314815191,2.31190622201893e-11
detuning,-0.0375,0.0208333333333333,0.981310222323216,0.99546185631168,0.995534476482404,2.31168417741401e-11
detuning,-0.0375,0.025,0.975003789791151,0.995349817408604,0.995457328419082,2.31193952870967e-11
detuning,-0.0375,0.0291666666666667,0.967586114741668,0.995204434699241,0.995362125404468,2.31200614209115e-11
detuning,-0.0375,0.0333333333333333,0.959079416148607,0.995021596026764,0.99524916056769,2.31176189302573e-11
detuning,-0.0375,0.0375,0.949509147106966,0.994796603576202,0.995118764509152,2.31183960863746e-11
detuning,-0.0375,0.0416666666666667,0.938903903251838,0.994524204039225,0.994971304303662,2.31195063093992e-11
detuning,-0.0375,0.0458333333333333,0.927295319975994,0.994198622041372,0.9948071823887,2.31190622201893e-11
detuning,-0.0375,0.05,0.914717958862463,0.99381359651812,0.994626835341704,2.31186181309795e-11
detuning,-0.0333333333333333,-0.05,0.91370751219633,0.993191578843359,0.994083660403062,2.3117063818745e-11
detuning,-0.0333333333333333,-0.0458333333333333,0.92635815783169,0.993644380684468,0.994315969575124,2.31162866626278e-11
detuning,-0.0333333333333333,-0.0416666666666667,0.93804392663747,0.994034839217621,0.994531425170341,2.31158425734179e-11
detuning,-0.0333333333333333,-0.0375,0.948729950619611,0.994369418721858,0.994729649681279,2.3115620528813e-11
detuning,-0.0333333333333333,-0.0333333333333333,0.95838427211525,0.994654115662565,0.994910300675078,2.3115620528813e-11
detuning,-0.0333333333333333,-0.0291666666666667,0.966977958747961,0.994894420980452,0.995073071884479,2.31148433726958e-11
detuning,-0.0333333333333333,-0.025,0.974485207699139,0.995095285225323,0.995217694231128,2.31169527964425e-11
detuning,-0.0333333333333333,-0.0208333333333333,0.980883438827953,0.995261086802925,0.995343936723717,2.31166197295352e-11
detuning,-0.0333333333333333,-0.0166666666666667,0.986153376269215,0.995395603645283,0.995451607236585,2.31172858633499e-11
detuning,-0.0333333333333333,-0.0125,0.990279118177524,0.995501988578518,0.995540553165828,2.31161756403253e-11
detuning,-0.0333333333333333,-0.00833333333333333,0.993248194334572,0.995582748631004,0.995610661960983,2.31202834655164e-11
detuning,-0.0333333333333333,-0.00416666666666667,0.995051611384314,0.995639728487556,0.995661861529514,2.31196173317016e-11
detuning,-0.0333333333333333,0,0.995683885512249,0.99567409825705,0.99569412051304,2.31166197295352e-11
detuning,-0.0333333333333333,0.00416666666666667,0.995143062435554,0.995686345677943,0.995707448434233,2.31162866626278e-11
detuning,-0.0333333333333333,0.00833333333333333,0.993430724622183,0.9956762728411,0.995701895713527,2.31190622201893e-11
detuning,-0.0333333333333333,0.0125,0.990551985709541,0.995642997463709,0.995677553555764,2.31168417741401e-11
detuning,-0.0333333333333333,0.0166666666666667,0.986515472144908,0.995584958700653,0.995634553706831,2.31191732424918e-11
detuning,-0.0333333333333333,0.0208333333333333,0.981333292122318,0.995499927433718,0.995573068081368,2.31200614209115e-11
detuning,-0.0333333333333333,0.025,0.975020991941758,0.995385020932984,0.995493308262519,2.31176189302573e-11
detuning,-0.0333333333333333,0.0291666666666667,0.967597499968204,0.995236721741756,0.99539552487575,2.31183960863746e-11
detuning,-0.0333333333333333,0.0333333333333333,0.959085058417821,0.995050900594966,0.995280006838617,2.31195063093992e-11
detuning,-0.0333333333333333,0.0375,0.949509143248482,0.994822843144008,0.995147080489388,2.31190622201893e-11
detuning,-0.0333333333333333,0.0416666666666667,0.938898372479459,0.994547280226945,0.994997108597341,2.31186181309795e-11
detuning,-0.0333333333333333,0.0458333333333333,0.927284403312139,0.99421842139426,0.994830489258406,2.31209495993312e-11
detuning,-0.0333333333333333,0.05,0.9147018184685,0.993829991375751,0.994647654679972,2.31182850640721e-11
detuning,-0.0291666666666667,-0.05,0.913810350025761,0.993281209460302,0.994168504539832,2.31158425734179e-11
detuning,-0.0291666666666667,-0.0458333333333333,0.92645758484343,0.993729446503944,0.994397178204614,2.3115620528813e-11
detuning,-0.0291666666666667,-0.0416666666666667,0.93813964675258,0.994115551057056,0.994609081628736,2.3115620528813e-11
detuning,-0.0291666666666667,-0.0375,0.948821682630388,0.994445977898841,0.994803834785894,2.31148433726958e-11
detuning,-0.0291666666666667,-0.0333333333333333,0.958471750858001,0.994726712753242,0.994981092563232,2.31169527964425e-11
detuning,-0.0291666666666667,-0.0291666666666667,0.967060936233266,0.994963234675396,0.995140545891767,2.31166197295352e-11
detuning,-0.0291666666666667,-0.025,0.974563454157622,0.995160481246795,0.995281922764739,2.31172858633499e-11
detuning,-0.0291666666666667,-0.0208333333333333,0.980956743674212,0.995322816901805,0.995404989139729,2.31161756403253e-11
detuning,-0.0291666666666667,-0.0166666666666667,0.986221548980583,0.995454004687183,0.995509549722201,2.31202834655164e-11
detuning,-0.0291666666666667,-0.0125,0.990341989083425,0.995557181726721,0.995595448626308,2.31196173317016e-11
detuning,-0.0291666666666667,-0.00833333333333333,0.99330561531306,0.995634838633456,0.995662569911386,2.31166197295352e-11
detuning,-0.0291666666666667,-0.00416666666666667,0.99510345646327,0.995688803074679,0.995710837991867,2.31162866626278e-11
detuning,-0.0291666666666667,0,0.99573005137266,0.995720227655677,0.995740217919037,2.31190622201893e-11
detuning,-0.0291666666666667,0.00416666666666667,0.995183468814686,0.995729582245487,0.995750715533556,2.31168417741401e-11
detuning,-0.0291666666666667,0.00833333333333333,0.993465314615205,0.995716650823203,0.995742377488124,2.31191732424918e-11
detuning,-0.0291666666666667,0.0125,0.990580725968336,0.995680532877094,0.995715291140173,2.31200614209115e-11
detuning,-0.0291666666666667,0.0166666666666667,0.98653835297346,0.995619649341868,0.995669584314826,2.31176189302573e-11
detuning,-0.0291666666666667,0.0208333333333333,0.981350327468373,0.995531753013015,0.995605424939013,2.31183960863746e-11
detuning,-0.0291666666666667,0.025,0.975032219284993,0.995413943331435,0.99552302054783,2.31195063093992e-11
detuning,-0.0291666666666667,0.0291666666666667,0.967602980105589,0.995262685388479,0.9954226176651,2.31190622201893e-11
detuning,-0.0291666666666667,0.0333333333333333,0.959084875147279,0.995073832960182,0.995304501060018,2.31186181309795e-11
detuning,-0.0291666666666667,0.0375,0.949503402952377,0.99484265534254,0.995168992882714,2.31209495993312e-11
detuning,-0.0291666666666667,0.0416666666666667,0.938887203610001,0.99456386772594,0.995016451681691,2.31182850640721e-11
detuning,-0.0291666666666667,0.0458333333333333,0.927267955780995,0.99423166481788,0.994847271306575,2.31225039115657e-11
detuning,-0.0291666666666667,0.05,0.914680262943624,0.993839757398992,0.994661879700196,2.31187291532819e-11
detuning,-0.025,-0.05,0.913907734578215,0.993364189892266,0.994246708784987,2.3115620528813e-11
detuning,-0.025,-0.0458333333333333,0.926551447641643,0.993807933391603,0.994471820120632,2.31148433726958e-11
detuning,-0.025,-0.0416666666666667,0.938229699965802,0.99418975056013,0.994680238857005,2.31169527964425e-11
detuning,-0.025,-0.0375,0.948907653686214,0.994516086332957,0.994871582309052,2.31166197295352e-11
detuning,-0.025,-0.0333333333333333,0.958553383605362,0.994792915394107,0.99504550258067,2.31172858633499e-11
detuning,-0.025,-0.0291666666666667,0.967137992031422,0.995025704625632,0.995201687698861,2.31161756403253e-11
detuning,-0.025,-0.025,0.97463571288713,0.995219378375678,0.995339862636656,2.31202834655164e-11
detuning,-0.025,-0.0208333333333333,0.981024004665219,0.995378286866837,0.995459790219725,2.31196173317016e-11
detuning,-0.025,-0.0166666666666667,0.98628363185416,0.995506178045841,0.995561271914326,2.31166197295352e-11
detuning,-0.025,-0.0125,0.990398734502955,0.995606173146896,0.995644148493273,2.31162866626278e-11
detuning,-0.025,-0.00833333333333333,0.993356885642248,0.995680746209486,0.995708300577576,2.31190622201893e-11
detuning,-0.025,-0.00416666666666667,0.995149136328105,0.995731707755254,0.995753649051753,2.31168417741401e-11
detuning,-0.025,0,0.995770048124848,0.995760192788648,0.99578015535107,2.31191732424918e-11
detuning,-0.025,0.00416666666666667,0.995217712894849,0.995766653243778,0.995787821619878,2.31200614209115e-11
detuning,-0.025,0.00833333333333333,0.993493759814302,0.99575085495459,0.995776690740197,2.31176189302573e-11
detuning,-0.025,0.0125,0.990603349586328,0.995711879179474,0.995746846230512,2.31183960863746e-11
detuning,-0.025,0.0166666666666667,0.986555155874689,0.995648128664355,0.995698412014992,2.31195063093992e-11
detuning,-0.025,0.0208333333333333,0.981361334033514,0.995557338181898,0.99563155206397,2.31190622201893e-11
detuning,-0.025,0.025,0.975037477260019,0.995436589438904,0.995546469906863,2.31186181309795e-11
detuning,-0.025,0.0291666666666667,0.967602560348509,0.995282330200684,0.995443408019357,2.31209495993312e-11
detuning,-0.025,0.0333333333333333,0.95907887127392,0.995090397440134,0.995322647086782,2.31182850640721e-11
detuning,-0.025,0.0375,0.949491930882967,0.994856044282382,0.995184505146555,2.31225039115657e-11
detuning,-0.025,0.0416666666666667,0.938870401018617,0.994573970481948,0.995029336612465,2.3119950398609e-11
detuning,-0.025,0.0458333333333333,0.927245981450553,0.994238356141016,0.994857531184462,2.31219488000534e-11
detuning,-0.025,0.05,0.91465329602921,0.993842898352856,0.994669512647708,2.31208385770287e-11
detuning,-0.0208333333333333,-0.05,0.913999674579149,0.993440526686784,0.994318281380863,2.31169527964425e-11
detuning,-0.0208333333333333,-0.0458333333333333,0.926639754648217,0.993879848182056,0.994539903487691,2.31166197295352e-11
detuning,-0.0208333333333333,-0.0416666666666667,0.938314094404294,0.994257444760891,0.994744904908089,2.31172858633499e-11
detuning,-0.0208333333333333,-0.0375,0.948987871641864,0.99457975119193,0.994932900176633,2.31161756403253e-11
detuning,-0.0208333333333333,-0.0333333333333333,0.958629177953155,0.994852730815743,0.995103538502373,2.31202834655164e-11
detuning,-0.0208333333333333,-0.0291666666666667,0.967209133491816,0.995081838059014,0.99525650490733,2.31196173317016e-11
detuning,-0.0208333333333333,-0.025,0.974701991001733,0.995271983776773,0.995391521253505,2.31166197295352e-11
detuning,-0.0208333333333333,-0.0208333333333333,0.981085228688933,0.995427503744674,0.995508347154482,2.31162866626278e-11
detuning,-0.0208333333333333,-0.0166666666666667,0.986339631559563,0.995552130600731,0.995606780768146,2.31190622201893e-11
detuning,-0.0208333333333333,-0.0125,0.990449360893705,0.995648969508721,0.995686659467843,2.31168417741401e-11
detuning,-0.0208333333333333,-0.00833333333333333,0.993402011572333,0.995720477782848,0.995747860389235,2.31193952870967e-11
detuning,-0.0208333333333333,-0.00416666666666667,0.995188657024405,0.995768448677574,0.995790300851093,2.31200614209115e-11
detuning,-0.0208333333333333,0,0.99580388161088,0.995793999506189,0.995813938648213,2.31176189302573e-11
detuning,-0.0208333333333333,0.00416666666666667,0.995245800313883,0.995797564209342,0.99581877221554,2.31183960863746e-11
detuning,-0.0208333333333333,0.00833333333333333,0.993516065650601,0.995778890449543,0.99580484066273,2.31195063093992e-11
detuning,-0.0208333333333333,0.0125,0.990619861783639,0.995737041261403,0.995772223679033,2.31190622201893e-11
detuning,-0.0208333333333333,0.0166666666666667,0.98656588585159,0.995670401240476,0.995721041308728,2.31186181309795e-11
detuning,-0.0208333333333333,0.0208333333333333,0.98136631659571,0.995576687207047,0.995651453597968,2.31209495993312e-11
detuning,-0.0208333333333333,0.025,0.975036770410041,0.99545296323566,0.995563660114107,2.31843433340373e-11
detuning,-0.0208333333333333,0.0291666666666667,0.967596244994153,0.995295659898357,0.995457899339718,2.31225039115657e-11
detuning,-0.0208333333333333,0.0333333333333333,0.959067050835774,0.995100597526918,0.995334447941915,2.31187291532819e-11
detuning,-0.0208333333333333,0.0375,0.949474730804385,0.994863013266299,0.995193619922168,2.31205055101213e-11
detuning,-0.0208333333333333,0.0416666666666667,0.938847968179296,0.994577591652922,0.995035765647034,2.31177299525598e-11
detuning,-0.0208333333333333,0.0458333333333333,0.927218483486796,0.994238498426826,0.994861270764701,2.31226149338681e-11
detuning,-0.0208333333333333,0.05,0.914620920564041,0.993839417260922,0.994670555010947,2.31189511978869e-11
detuning,-0.0166666666666667,-0.05,0.914086177890102,0.993510225671035,0.994383229840683,2.31172858633499e-11
detuning,-0.0166666666666667,-0.0458333333333333,0.926722513417735,0.993945196964552,0.99460143571688,2.31161756403253e-11
detuning,-0.0166666666666667,-0.0416666666666667,0.938392837331722,0.994318639933114,0.994803087067262,2.31202834655164e-11
detuning,-0.0166666666666667,-0.0375,0.949062343485324,0.994636978860879,0.994987795525605,2.31196173317016e-11
detuning,-0.0166666666666667,-0.0333333333333333,0.958699140627725,0.994906165446026,0.995155207295509,2.31166197295352e-11
detuning,-0.0166666666666667,-0.0291666666666667,0.967274367091421,0.995131641382145,0.995305004293604,2.31162866626278e-11
detuning,-0.0166666666666667,-0.025,0.974762294740029,0.995318303776862,0.995436905181208,2.31190622201893e-11
detuning,-0.0166666666666667,-0.0208333333333333,0.9811404217552,0.995470473729535,0.995550666280798,2.31168417741401e-11
detuning,-0.0166666666666667,-0.0166666666666667,0.986389553885935,0.995591868366801,0.995646082373806,2.31191732424918e-11
detuning,-0.0166666666666667,-0.0125,0.990493873830452,0.995685576607389,0.995722987377009,2.31200614209115e-11
detuning,-0.0166666666666667,-0.00833333333333333,0.993440998468367,0.995754038895047,0.995781254894842,2.31176189302573e-11
detuning,-0.0166666666666667,-0.00416666666666667,0.995222023710463,0.995799031102319,0.995820798645701,2.31183960863746e-11
detuning,-0.0166666666666667,0,0.995831556783474,0.995821652767907,0.995841572760645,2.31195063093992e-11
detuning,-0.0166666666666667,0.00416666666666667,0.995267735818353,0.995822319787509,0.995843571953355,2.31190622201893e-11
detuning,-0.0166666666666667,0.00833333333333333,0.993532236662095,0.995800761632922,0.99582683156063,2.31186181309795e-11
detuning,-0.0166666666666667,0.0125,0.990630266885474,0.995756023128173,0.995791427453461,2.31209495993312e-11
detuning,-0.0166666666666667,0.0166666666666667,0.986570547010528,0.995686470763846,0.995737475818538,2.31812347095683e-11
detuning,-0.0166666666666667,0.0208333333333333,0.981365279034895,0.99558980348547,0.995665132811761,2.31225039115657e-11
detuning,-0.0166666666666667,0.025,0.975030102379177,0.995463067843926,0.995574594083281,2.31187291532819e-11
detuning,-0.0166666666666667,0.0291666666666667,0.967584037439083,0.995302677356785,0.995466094178305,2.31205055101213e-11
detuning,-0.0166666666666667,0.0333333333333333,0.959049416969155,0.995104435883785,0.995339905813347,2.31177299525598e-11
detuning,-0.0166666666666667,0.0375,0.94945180557817,0.99486356478637,0.995196339031844,2.31252794691272e-11
detuning,-0.0166666666666667,0.0416666666666667,0.93881990766269,0.994574733606377,0.99503574024186,2.31191732424918e-11
detuning,-0.0166666666666667,0.0458333333333333,0.927185464151969,0.994232093970397,0.994858491139111,2.31218377777509e-11
detuning,-0.0166666666666667,0.05,0.914583138482948,0.993829316403011,0.994665007519503,2.31183960863746e-11
detuning,-0.0125,-0.05,0.91416725150793,0.993573291954751,0.994441560950554,2.31202834655164e-11
detuning,-0.0125,-0.0458333333333333,0.926799730636675,0.994003985085232,0.994656423467379,2.31196173317016e-11
detuning,-0.0125,-0.0416666666666667,0.93846593514081,0.994373341583776,0.994854791845284,2.31166197295352e-11
detuning,-0.0125,-0.0375,0.949131075330658,0.994687774935929,0.995036274697422,2.31162866626278e-11
detuning,-0.0125,-0.0333333333333333,0.958763277478409,0.994953224903247,0.995200515112392,2.31190622201893e-11
detuning,-0.0125,-0.0291666666666667,0.967333698427603,0.995175120173701,0.995347191802212,2.31168417741401e-11
detuning,-0.0125,-0.025,0.974816629458639,0.995358343858566,0.995476020138808,2.31191732424918e-11
detuning,-0.0125,-0.0208333333333333,0.981189588989608,0.99550720215733,0.995586753075613,2.31200614209115e-11
detuning,-0.0125,-0.0166666666666667,0.986433403735932,0.995625396488649,0.9956791819506,2.31176189302573e-11
detuning,-0.0125,-0.0125,0.990532277999418,0.995715999358002,0.99575313716805,2.31183960863746e-11
detuning,-0.0125,-0.00833333333333333,0.993473850804923,0.995781434200081,0.995808488756426,2.31195063093992e-11
detuning,-0.0125,-0.00416666666666667,0.995249240652266,0.995823459397584,0.99584514680032,2.31190622201893e-11
detuning,-0.0125,0,0.995853077701331,0.995843156638139,0.995863061744985,2.31186181309795e-11
detuning,-0.0125,0.00416666666666667,0.995283523259127,0.995840923727961,0.995862224572142,2.31209495993312e-11
detuning,-0.0125,0.00833333333333333,0.993542276489506,0.995816471935981,0.995842666846513,2.31880070700186e-11
detuning,-0.0125,0.0125,0.990634568318486,0.995768827896091,0.995804460633239,2.31225039115657e-11
detuning,-0.0125,0.0166666666666667,0.986569142558338,0.995696340046293,0.995747718284939,2.31187291532819e-11
detuning,-0.0125,0.0208333333333333,0.981358224329945,0.995596689541301,0.995672592101879,2.31205055101213e-11
detuning,-0.0125,0.025,0.97501747590893,0.995466905524172,0.995579273863606,2.31246133353125e-11
detuning,-0.0125,0.0291666666666667,0.967565940176875,0.9953033846039,0.995467994235509,2.31205055101213e-11
detuning,-0.0125,0.0333333333333333,0.959025971906695,0.995101914342846,0.995339022051663,2.31191732424918e-11
detuning,-0.0125,0.0375,0.949423157161677,0.994857700521912,0.995192663476926,2.31218377777509e-11
detuning,-0.0125,0.0416666666666667,0.938786221134969,0.994565397917583,0.995029261050863,2.31183960863746e-11
detuning,-0.0125,0.0458333333333333,0.927146924803696,0.994219144297091,0.994849192617292,2.3121393688541e-11
detuning,-0.0125,0.05,0.914539950816292,0.993812597313753,0.994652870143063,2.31186181309795e-11
detuning,-0.00833333333333333,-0.05,0.914242901557646,0.993629729924371,0.994493280763051,2.31166197295352e-11
detuning,-0.00833333333333333,-0.0458333333333333,0.926871412116505,0.994056217141313,0.994704872640219,2.31162866626278e-11
detuning,-0.00833333333333333,-0.0416666666666667,0.938533393346079,0.994421554446778,0.994900024971786,2.31190622201893e-11
detuning,-0.00833333333333333,-0.0375,0.949194072411009,0.994732144218009,0.995078343231582,2.31168417741401e-11
detuning,-0.00833333333333333,-0.0333333333333333,0.958821593471243,0.994993913990418,0.995239467284657,2.31191732424918e-11
detuning,-0.00833333333333333,-0.0291666666666667,0.967387132212097,0.995212279178876,0.995383072540143,2.31200614209115e-11
detuning,-0.00833333333333333,-0.025,0.974864999626395,0.995392108654898,0.995508870992984,2.31176189302573e-11
detuning,-0.00833333333333333,-0.0208333333333333,0.981232734627948,0.995537693500386,0.995616612150733,2.31183960863746e-11
detuning,-0.00833333333333333,-0.0166666666666667,0.986471185120563,0.995652719235556,0.995706083842017,2.31195063093992e-11
detuning,-0.00833333333333333,-0.0125,0.990564577193441,0.995740241790865,0.995777112903852,2.31190622201893e-11
detuning,-0.00833333333333333,-0.00833333333333333,0.993500572161571,0.995802667459999,0.995829565745148,2.31186181309795e-11
detuning,-0.00833333333333333,-0.00416666666666667,0.995270311219297,0.995841737034722,0.995863348784473,2.31209495993312e-11
detuning,-0.00833333333333333,0,0.995868447525141,0.99585851428195,0.995878408760301,2.31847874232471e-11
detuning,-0.00833333333333333,0.00416666666666667,0.995293165587938,0.995853378881269,0.995874732913249,2.31225039115657e-11
detuning,-0.00833333333333333,0.00833333333333333,0.993546187873516,0.995826023893532,0.995852349037834,2.31187291532819e-11
detuning,-0.00833333333333333,0.0125,0.990632768607839,0.995775457789452,0.995811325406448,2.31222818669607e-11
detuning,-0.00833333333333333,0.0166666666666667,0.986561674798944,0.995700011014373,0.995751770562944,2.31223928892632e-11
detuning,-0.00833333333333333,0.0208333333333333,0.981345154556493,0.995597347023449,0.995673832988234,2.31205055101213e-11
detuning,-0.00833333333333333,0.025,0.974998892837269,0.99546447767391,0.995577700638563,2.31232810676829e-11
detuning,-0.00833333333333333,0.0291666666666667,0.967541954796656,0.99529778281851,0.995463600358214,2.31218377777509e-11
detuning,-0.00833333333333333,0.0333333333333333,0.95899671697624,0.995093033903537,0.995331797168612,2.31183960863746e-11
detuning,-0.00833333333333333,0.0375,0.949388786607246,0.994845421338132,0.995182593436556,2.3121393688541e-11
detuning,-0.00833333333333333,0.0416666666666667,0.938746909357331,0.99454958536843,0.995016327924468,2.31186181309795e-11
detuning,-0.00833333333333333,0.0458333333333333,0.927102865894901,0.994199650161657,0.994833374726029,2.31190622201893e-11
detuning,-0.00833333333333333,0.05,0.914491357690276,0.993789260781897,0.994634142091124,2.31186181309795e-11
detuning,-0.00416666666666667,-0.05,0.914313133285254,0.993679543237304,0.994538394590881,2.31190622201893e-11
detuning,-0.00416666666666667,-0.0458333333333333,0.926937562786788,0.99410189697537,0.994746788372115,2.31166197295352e-11
detuning,-0.00416666666666667,-0.0416666666666667,0.938595216577636,0.994463282477661,0.994938791389671,2.31193952870967e-11
detuning,-0.00416666666666667,-0.0375,0.94925133907276,0.994770090707756,0.995114005860322,2.31200614209115e-11
detuning,-0.00416666666666667,-0.0333333333333333,0.958874092683265,0.995028236690169,0.995272068318017,2.31176189302573e-11
detuning,-0.00416666666666667,-0.0291666666666667,0.967434672265666,0.995243122304486,0.995412650771888,2.31183960863746e-11
detuning,-0.00416666666666667,-0.025,0.974907408819339,0.995419601944609,0.995535461753375,2.31195063093992e-11
detuning,-0.00416666666666667,-0.0208333333333333,0.981269862011543,0.995561951363032,0.995640247248425,2.31190622201893e-11
detuning,-0.00416666666666667,-0.0166666666666667,0.986502901154858,0.995673839997336,0.995726791511617,2.31186181309795e-11
detuning,-0.00416666666666667,-0.0125,0.990590774307969,0.995758307047611,0.995794917759054,2.31209495993312e-11
detuning,-0.00416666666666667,-0.00833333333333333,0.993521165219138,0.995817741541229,0.995844488737656,2.31862307131792e-11
detuning,-0.00416666666666667,-0.00416666666666667,0.995285237881169,0.995853866585012,0.99587540716915,2.31225039115657e-11
detuning,-0.00416666666666667,0,0.995877668515008,0.99586772796257,0.995887616065537,2.31187291532819e-11
detuning,-0.00416666666666667,0.00416666666666667,0.995296664854577,0.995859687196054,0.995881098917691,2.31206165324238e-11
detuning,-0.00416666666666667,0.00833333333333333,0.99354397265157,0.995829419140699,0.995855879753619,2.31189511978869e-11
detuning,-0.00416666666666667,0.0125,0.990624869375267,0.9957759141385,0.995812023067744,2.31205055101213e-11
detuning,-0.00416666666666667,0.0166666666666667,0.98654814513254,0.995697484708385,0.995749633621027,2.31191732424918e-11
detuning,-0.00416666666666667,0.0208333333333333,0.981326070885644,0.99559177670411,0.995668856112602,2.31218377777509e-11
detuning,-0.00416666666666667,0.025,0.974974354097181,0.99545578482602,0.995569874724199,2.31183960863746e-11
detuning,-0.00416666666666667,0.0291666666666667,0.967512081982521,0.995285872329376,0.995452912538891,2.3121393688541e-11
detuning,-0.00416666666666667,0.0333333333333333,0.958961652600527,0.995077794731871,0.995318230836416,2.31186181309795e-11
detuning,-0.00416666666666667,0.0375,0.949348694062341,0.994826727285711,0.995166128267387,2.31190622201893e-11
detuning,-0.00416666666666667,0.0416666666666667,0.938701972186462,0.9945272959472,0.994996939909576,2.31186181309795e-11
detuning,-0.00416666666666667,0.0458333333333333,0.927053286974627,0.994173611548199,0.994811036209557,2.31188401755844e-11
detuning,-0.00416666666666667,0.05,0.914437358328079,0.993759306850404,0.994608821813513,2.31165087072327e-11
detuning,0,-0.05,0.914377951051791,0.993722734817285,0.994576907001681,2.31191732424918e-11
detuning,0,-0.0458333333333333,0.926998186689612,0.994141027670859,0.994782175030569,2.31200614209115e-11
detuning,0,-0.0416666666666667,0.938651408575797,0.994498528849111,0.994971095250324,2.31176189302573e-11
detuning,0,-0.0375,0.949302878770424,0.994801617601108,0.995143266504016,2.31183960863746e-11
detuning,0,-0.0333333333333333,0.958920778297816,0.995056196160611,0.99529832188801,2.31195063093992e-11
detuning,0,-0.0291666666666667,0.967476321513692,0.995267652615015,0.995435929915417,2.31190622201893e-11
detuning,0,-0.025,0.974943859716621,0.995440826648419,0.995555795568789,2.31186181309795e-11
detuning,0,-0.0208333333333333,0.981300973583497,0.9955799784781,0.995657661237917,2.31209495993312e-11
detuning,0,-0.0166666666666667,0.986528554054285,0.995688761280934,0.995741307539646,2.31841212894324e-11
detuning,0,-0.0125,0.990610871337886,0.995770197378141,0.99580655401702,2.31225039115657e-11
detuning,0,-0.00833333333333333,0.993535631757245,0.99582665841221,0.995853259713728,2.31195063093992e-11
detuning,0,-0.00416666666666667,0.995294022205169,0.995859849717239,0.995881323624398,2.31205055101213e-11
detuning,0,0,0.995880742027471,0.995870799038408,0.995890685016533,2.31180630194672e-11
detuning,0,0.00416666666666667,0.995294022205168,0.995859849717239,0.995881323624397,2.31206165324238e-11
detuning,0,0.00833333333333333,0.993535631757245,0.995826658412209,0.995853259713728,2.3119950398609e-11
detuning,0,0.0125,0.990610871337888,0.995770197378142,0.995806554017022,2.31218377777509e-11
detuning,0,0.0166666666666667,0.986528554054369,0.995688761281019,0.995741307539731,2.31183960863746e-11
detuning,0,0.0208333333333333,0.981300973583498,0.9955799784781,0.995657661237917,2.3121393688541e-11
detuning,0,0.025,0.97494385971662,0.995440826648418,0.995555795568788,2.31186181309795e-11
detuning,0,0.0291666666666667,0.967476321513692,0.995267652615015,0.995435929915417,2.31190622201893e-11
detuning,0,0.0333333333333333,0.958920778297816,0.995056196160611,0.99529832188801,2.31186181309795e-11
detuning,0,0.0375,0.949302878770423,0.994801617601108,0.995143266504016,2.31188401755844e-11
detuning,0,0.0416666666666667,0.938651408575797,0.994498528849111,0.994971095250325,2.31165087072327e-11
detuning,0,0.0458333333333333,0.926998186689612,0.994141027670859,0.994782175030569,2.31193952870967e-11
detuning,0,0.05,0.914377951051791,0.993722734817284,0.994576907001681,2.31189511978869e-11
detuning,0.00416666666666667,-0.05,0.914437358328079,0.993759306850403,0.994608821813513,2.31176189302573e-11
detuning,0.00416666666666667,-0.0458333333333333,0.927053286974626,0.994173611548199,0.994811036209556,2.31183960863746e-11
detuning,0.00416666666666667,-0.0416666666666667,0.938701972186462,0.994527295947201,0.994996939909577,2.31195063093992e-11
detuning,0.00416666666666667,-0.0375,0.949348694062341,0.994826727285711,0.995166128267387,2.31190622201893e-11
detuning,0.00416666666666667,-0.0333333333333333,0.958961652600527,0.995077794731872,0.995318230836417,2.31186181309795e-11
detuning,0.00416666666666667,-0.0291666666666667,0.967512081982522,0.995285872329377,0.995452912538892,2.31209495993312e-11
detuning,0.00416666666666667,-0.025,0.974974354097101,0.99545578482594,0.99556987472412,2.31785701743092e-11
detuning,0.00416666666666667,-0.0208333333333333,0.981326070885643,0.995591776704109,0.995668856112601,2.31225039115657e-11
detuning,0.00416666666666667,-0.0166666666666667,0.98654814513254,0.995697484708385,0.995749633621027,2.31187291532819e-11
detuning,0.00416666666666667,-0.0125,0.990624869375268,0.995775914138501,0.995812023067745,2.31205055101213e-11
detuning,0.00416666666666667,-0.00833333333333333,0.993543972651571,0.9958294191407,0.99585587975362,2.31183960863746e-11
detuning,0.00416666666666667,-0.00416666666666667,0.995296664854577,0.995859687196054,0.995881098917692,2.31205055101213e-11
detuning,0.00416666666666667,0,0.995877668515008,0.99586772796257,0.995887616065537,2.31191732424918e-11
detuning,0.00416666666666667,0.00416666666666667,0.99528523788117,0.995853866585012,0.99587540716915,2.31218377777509e-11
detuning,0.00416666666666667,0.00833333333333333,0.993521165219222,0.995817741541315,0.995844488737741,2.31183960863746e-11
detuning,0.00416666666666667,0.0125,0.990590774307968,0.995758307047609,0.995794917759053,2.3121393688541e-11
detuning,0.00416666666666667,0.0166666666666667,0.986502901154858,0.995673839997336,0.995726791511617,2.31186181309795e-11
detuning,0.00416666666666667,0.0208333333333333,0.981269862011543,0.995561951363032,0.995640247248425,2.31190622201893e-11
detuning,0.00416666666666667,0.025,0.974907408819339,0.99541960194461,0.995535461753375,2.31186181309795e-11
detuning,0.00416666666666667,0.0291666666666667,0.967434672265665,0.995243122304485,0.995412650771887,2.31188401755844e-11
detuning,0.00416666666666667,0.0333333333333333,0.958874092683266,0.99502823669017,0.995272068318019,2.31165087072327e-11
detuning,0.00416666666666667,0.0375,0.949251339072761,0.994770090707757,0.995114005860323,2.31193952870967e-11
detuning,0.00416666666666667,0.0416666666666667,0.938595216577637,0.994463282477662,0.994938791389671,2.31191732424918e-11
detuning,0.00416666666666667,0.0458333333333333,0.926937562786788,0.99410189697537,0.994746788372115,2.3117063818745e-11
detuning,0.00416666666666667,0.05,0.914313133285256,0.993679543237306,0.994538394590882,2.31179519971647e-11
detuning,0.00833333333333333,-0.05,0.914491357690275,0.993789260781896,0.994634142091123,2.31195063093992e-11
detuning,0.00833333333333333,-0.0458333333333333,0.927102865894901,0.994199650161657,0.994833374726029,2.31190622201893e-11
detuning,0.00833333333333333,-0.0416666666666667,0.938746909357331,0.99454958536843,0.995016327924468,2.31186181309795e-11
detuning,0.00833333333333333,-0.0375,0.949388786607246,0.994845421338132,0.995182593436556,2.31209495993312e-11
detuning,0.00833333333333333,-0.0333333333333333,0.958996716976154,0.995093033903451,0.995331797168528,2.31857866239693e-11
detuning,0.00833333333333333,-0.0291666666666667,0.967541954796655,0.99529778281851,0.995463600358214,2.31225039115657e-11
detuning,0.00833333333333333,-0.025,0.974998892837271,0.995464477673912,0.995577700638564,2.31221708446583e-11
detuning,0.00833333333333333,-0.0208333333333333,0.981345154556493,0.995597347023448,0.995673832988234,2.31205055101213e-11
detuning,0.00833333333333333,-0.0166666666666667,0.986561674798944,0.995700011014373,0.995751770562945,2.31215047108435e-11
detuning,0.00833333333333333,-0.0125,0.990632768607839,0.995775457789452,0.995811325406448,2.31221708446583e-11
detuning,0.00833333333333333,-0.00833333333333333,0.993546187873515,0.995826023893531,0.995852349037833,2.31191732424918e-11
detuning,0.00833333333333333,-0.00416666666666667,0.995293165587939,0.99585337888127,0.99587473291325,2.31218377777509e-11
detuning,0.00833333333333333,0,0.995868447525225,0.995858514282035,0.995878408760385,2.31183960863746e-11
detuning,0.00833333333333333,0.00416666666666667,0.995270311219296,0.995841737034721,0.995863348784472,2.3121393688541e-11
detuning,0.00833333333333333,0.00833333333333333,0.993500572161571,0.995802667459999,0.995829565745148,2.31186181309795e-11
detuning,0.00833333333333333,0.0125,0.990564577193441,0.995740241790866,0.995777112903853,2.31190622201893e-11
detuning,0.00833333333333333,0.0166666666666667,0.986471185120563,0.995652719235556,0.995706083842017,2.31186181309795e-11
detuning,0.00833333333333333,0.0208333333333333,0.981232734627948,0.995537693500386,0.995616612150734,2.31188401755844e-11
detuning,0.00833333333333333,0.025,0.974864999626396,0.9953921086549,0.995508870992986,2.31165087072327e-11
detuning,0.00833333333333333,0.0291666666666667,0.967387132212099,0.995212279178877,0.995383072540144,2.31193952870967e-11
detuning,0.00833333333333333,0.0333333333333333,0.958821593471242,0.994993913990418,0.995239467284657,2.31189511978869e-11
detuning,0.00833333333333333,0.0375,0.949194072411009,0.994732144218009,0.995078343231582,2.3117063818745e-11
detuning,0.00833333333333333,0.0416666666666667,0.938533393346081,0.99442155444678,0.994900024971788,2.31179519971647e-11
detuning,0.00833333333333333,0.0458333333333333,0.926871412116504,0.994056217141312,0.994704872640218,2.31167307518376e-11
detuning,0.00833333333333333,0.05,0.914242901557645,0.99362972992437,0.99449328076305,2.31183960863746e-11
detuning,0.0125,-0.05,0.914539950816291,0.993812597313752,0.994652870143062,2.31186181309795e-11
detuning,0.0125,-0.0458333333333333,0.927146924803696,0.994219144297091,0.994849192617292,2.31209495993312e-11
detuning,0.0125,-0.0416666666666667,0.938786221134884,0.994565397917498,0.995029261050781,2.31842323117348e-11
detuning,0.0125,-0.0375,0.949423157161675,0.994857700521911,0.995192663476925,2.31225039115657e-11
detuning,0.0125,-0.0333333333333333,0.959025971906696,0.995101914342846,0.995339022051664,2.31187291532819e-11
detuning,0.0125,-0.0291666666666667,0.967565940176875,0.9953033846039,0.995467994235508,2.31205055101213e-11
detuning,0.0125,-0.025,0.975017475908931,0.995466905524172,0.995579273863607,2.31238361791952e-11
detuning,0.0125,-0.0208333333333333,0.981358224329946,0.995596689541302,0.99567259210188,2.31205055101213e-11
detuning,0.0125,-0.0166666666666667,0.986569142558338,0.995696340046294,0.995747718284939,2.31191732424918e-11
detuning,0.0125,-0.0125,0.990634568318487,0.995768827896092,0.995804460633239,2.31218377777509e-11
detuning,0.0125,-0.00833333333333333,0.993542276489588,0.995816471936063,0.995842666846594,2.31183960863746e-11
detuning,0.0125,-0.00416666666666667,0.995283523259127,0.995840923727961,0.995862224572142,2.3121393688541e-11
detuning,0.0125,0,0.995853077701331,0.995843156638139,0.995863061744985,2.31186181309795e-11
detuning,0.0125,0.00416666666666667,0.995249240652266,0.995823459397584,0.99584514680032,2.31190622201893e-11
detuning,0.0125,0.00833333333333333,0.993473850804924,0.995781434200083,0.995808488756427,2.31186181309795e-11
detuning,0.0125,0.0125,0.990532277999418,0.995715999358002,0.99575313716805,2.31190622201893e-11
detuning,0.0125,0.0166666666666667,0.986433403735932,0.995625396488649,0.9956791819506,2.31165087072327e-11
detuning,0.0125,0.0208333333333333,0.981189588989609,0.995507202157331,0.995586753075614,2.31193952870967e-11
detuning,0.0125,0.025,0.974816629458639,0.995358343858566,0.995476020138808,2.31189511978869e-11
detuning,0.0125,0.0291666666666667,0.967333698427602,0.995175120173701,0.995347191802212,2.3117063818745e-11
detuning,0.0125,0.0333333333333333,0.95876327747841,0.994953224903248,0.995200515112393,2.31179519971647e-11
detuning,0.0125,0.0375,0.949131075330656,0.994687774935928,0.995036274697421,2.31167307518376e-11
detuning,0.0125,0.0416666666666667,0.938465935140809,0.994373341583774,0.994854791845283,2.31183960863746e-11
detuning,0.0125,0.0458333333333333,0.926799730636675,0.994003985085232,0.994656423467379,2.3118507108677e-11
detuning,0.0125,0.05,0.914167251507931,0.993573291954752,0.994441560950555,2.31198393763066e-11
detuning,0.0166666666666667,-0.05,0.914583138482951,0.993829316403001,0.994665007519496,2.31182850640721e-11
detuning,0.0166666666666667,-0.0458333333333333,0.927185464151969,0.994232093970397,0.994858491139111,2.31225039115657e-11
detuning,0.0166666666666667,-0.0416666666666667,0.93881990766269,0.994574733606376,0.99503574024186,2.31187291532819e-11
detuning,0.0166666666666667,-0.0375,0.94945180557817,0.994863564786369,0.995196339031844,2.3125945602942e-11
detuning,0.0166666666666667,-0.0333333333333333,0.959049416969155,0.995104435883785,0.995339905813347,2.31177299525598e-11
detuning,0.0166666666666667,-0.0291666666666667,0.967584037439084,0.995302677356785,0.995466094178305,2.31205055101213e-11
detuning,0.0166666666666667,-0.025,0.975030102379178,0.995463067843927,0.995574594083282,2.31191732424918e-11
detuning,0.0166666666666667,-0.0208333333333333,0.981365279034896,0.99558980348547,0.995665132811761,2.31218377777509e-11
detuning,0.0166666666666667,-0.0166666666666667,0.986570547010613,0.995686470763928,0.995737475818618,2.31183960863746e-11
detuning,0.0166666666666667,-0.0125,0.990630266885473,0.995756023128172,0.99579142745346,2.3121393688541e-11
detuning,0.0166666666666667,-0.00833333333333333,0.993532236662095,0.995800761632922,0.99582683156063,2.31186181309795e-11
detuning,0.0166666666666667,-0.00416666666666667,0.995267735818353,0.995822319787509,0.995843571953355,2.31190622201893e-11
detuning,0.0166666666666667,0,0.995831556783476,0.995821652767909,0.995841572760647,2.31186181309795e-11
detuning,0.0166666666666667,0.00416666666666667,0.995222023710462,0.995799031102318,0.9958207986457,2.31188401755844e-11
detuning,0.0166666666666667,0.00833333333333333,0.993440998468368,0.995754038895049,0.995781254894844,2.31165087072327e-11
detuning,0.0166666666666667,0.0125,0.990493873830452,0.99568557660739,0.995722987377009,2.31193952870967e-11
detuning,0.0166666666666667,0.0166666666666667,0.986389553885934,0.9955918683668,0.995646082373805,2.31189511978869e-11
detuning,0.0166666666666667,0.0208333333333333,0.981140421755199,0.995470473729535,0.995550666280798,2.3117063818745e-11
detuning,0.0166666666666667,0.025,0.97476229474003,0.995318303776862,0.995436905181209,2.31179519971647e-11
detuning,0.0166666666666667,0.0291666666666667,0.967274367091421,0.995131641382145,0.995305004293604,2.31167307518376e-11
detuning,0.0166666666666667,0.0333333333333333,0.958699140627723,0.994906165446025,0.995155207295507,2.31183960863746e-11
detuning,0.0166666666666667,0.0375,0.949062343485325,0.994636978860881,0.994987795525606,2.3118507108677e-11
detuning,0.0166666666666667,0.0416666666666667,0.938392837331723,0.994318639933114,0.994803087067263,2.31198393763066e-11
detuning,0.0166666666666667,0.0458333333333333,0.926722513417734,0.993945196964551,0.994601435716879,2.31168417741401e-11
detuning,0.0166666666666667,0.05,0.914086177890101,0.993510225671034,0.994383229840682,2.31181740417696e-11
detuning,0.0208333333333333,-0.05,0.914620920564042,0.993839417260923,0.994670555010947,2.31187291532819e-11
detuning,0.0208333333333333,-0.0458333333333333,0.927218483486796,0.994238498426826,0.994861270764701,2.31226149338681e-11
detuning,0.0208333333333333,-0.0416666666666667,0.938847968179296,0.994577591652922,0.995035765647034,2.31177299525598e-11
detuning,0.0208333333333333,-0.0375,0.949474730804386,0.9948630132663,0.995193619922169,2.31205055101213e-11
detuning,0.0208333333333333,-0.0333333333333333,0.959067050835774,0.995100597526918,0.995334447941914,2.31191732424918e-11
detuning,0.0208333333333333,-0.0291666666666667,0.967596244994154,0.995295659898358,0.995457899339719,2.31218377777509e-11
detuning,0.0208333333333333,-0.025,0.975036770410126,0.995452963235741,0.995563660114186,2.31183960863746e-11
detuning,0.0208333333333333,-0.0208333333333333,0.981366316595709,0.995576687207047,0.995651453597968,2.3121393688541e-11
detuning,0.0208333333333333,-0.0166666666666667,0.98656588585159,0.995670401240476,0.995721041308729,2.31186181309795e-11
detuning,0.0208333333333333,-0.0125,0.990619861783639,0.995737041261403,0.995772223679033,2.31190622201893e-11
detuning,0.0208333333333333,-0.00833333333333333,0.993516065650602,0.995778890449543,0.995804840662731,2.31186181309795e-11
detuning,0.0208333333333333,-0.00416666666666667,0.995245800313883,0.995797564209342,0.995818772215539,2.31188401755844e-11
detuning,0.0208333333333333,0,0.995803881610882,0.99579399950619,0.995813938648215,2.31165087072327e-11
detuning,0.0208333333333333,0.00416666666666667,0.995188657024407,0.995768448677575,0.995790300851094,2.31193952870967e-11
detuning,0.0208333333333333,0.00833333333333333,0.993402011572334,0.995720477782849,0.995747860389236,2.31191732424918e-11
detuning,0.0208333333333333,0.0125,0.990449360893704,0.99564896950872,0.995686659467842,2.3117063818745e-11
detuning,0.0208333333333333,0.0166666666666667,0.986339631559564,0.995552130600732,0.995606780768147,2.31179519971647e-11
detuning,0.0208333333333333,0.0208333333333333,0.981085228688932,0.995427503744673,0.995508347154481,2.31167307518376e-11
detuning,0.0208333333333333,0.025,0.974701991001731,0.995271983776772,0.995391521253503,2.31183960863746e-11
detuning,0.0208333333333333,0.0291666666666667,0.967209133491817,0.995081838059015,0.99525650490733,2.3118507108677e-11
detuning,0.0208333333333333,0.0333333333333333,0.958629177953155,0.994852730815742,0.995103538502373,2.31198393763066e-11
detuning,0.0208333333333333,0.0375,0.948987871641864,0.994579751191929,0.994932900176632,2.31168417741401e-11
detuning,0.0208333333333333,0.0416666666666667,0.938314094404294,0.994257444760891,0.994744904908089,2.31179519971647e-11
detuning,0.0208333333333333,0.0458333333333333,0.926639754648217,0.993879848182055,0.994539903487691,2.31166197295352e-11
detuning,0.0208333333333333,0.05,0.91399967457915,0.993440526686784,0.994318281380864,2.31171748410475e-11
detuning,0.025,-0.05,0.91465329602921,0.993842898352856,0.994669512647709,2.31206165324238e-11
detuning,0.025,-0.0458333333333333,0.927245981450553,0.994238356141016,0.994857531184461,2.31223928892632e-11
detuning,0.025,-0.0416666666666667,0.938870401018617,0.994573970481948,0.995029336612464,2.31203944878189e-11
detuning,0.025,-0.0375,0.949491930882968,0.994856044282383,0.995184505146556,2.31218377777509e-11
detuning,0.025,-0.0333333333333333,0.959078871273922,0.995090397440141,0.995322647086788,2.31183960863746e-11
detuning,0.025,-0.0291666666666667,0.967602560348509,0.995282330200684,0.995443408019358,2.3121393688541e-11
detuning,0.025,-0.025,0.97503747726002,0.995436589438905,0.995546469906864,2.31186181309795e-11
detuning,0.025,-0.0208333333333333,0.981361334033515,0.995557338181899,0.99563155206397,2.31190622201893e-11
detuning,0.025,-0.0166666666666667,0.98655515587469,0.995648128664355,0.995698412014993,2.31186181309795e-11
detuning,0.025,-0.0125,0.990603349586327,0.995711879179473,0.995746846230512,2.31190622201893e-11
detuning,0.025,-0.00833333333333333,0.993493759814302,0.995750854954591,0.995776690740198,2.31165087072327e-11
detuning,0.025,-0.00416666666666667,0.995217712894851,0.995766653243779,0.99578782161988,2.31193952870967e-11
detuning,0.025,0,0.995770048124849,0.995760192788649,0.995780155351071,2.31189511978869e-11
detuning,0.025,0.00416666666666667,0.995149136328106,0.995731707755255,0.995753649051754,2.3117063818745e-11
detuning,0.025,0.00833333333333333,0.99335688564225,0.995680746209487,0.995708300577577,2.31179519971647e-11
detuning,0.025,0.0125,0.990398734502954,0.995606173146896,0.995644148493272,2.31167307518376e-11
detuning,0.025,0.0166666666666667,0.986283631854158,0.99550617804584,0.995561271914324,2.31183960863746e-11
detuning,0.025,0.0208333333333333,0.98102400466522,0.995378286866838,0.995459790219726,2.3118507108677e-11
detuning,0.025,0.025,0.97463571288713,0.995219378375678,0.995339862636656,2.31198393763066e-11
detuning,0.025,0.0291666666666667,0.967137992031421,0.995025704625631,0.99520168769886,2.31168417741401e-11
detuning,0.025,0.0333333333333333,0.958553383605361,0.994792915394106,0.995045502580669,2.31181740417696e-11
detuning,0.025,0.0375,0.948907653686214,0.994516086332957,0.994871582309052,2.31166197295352e-11
detuning,0.025,0.0416666666666667,0.938229699965802,0.99418975056013,0.994680238857005,2.31171748410475e-11
detuning,0.025,0.0458333333333333,0.926551447641642,0.993807933391602,0.99447182012063,2.31163976849302e-11
detuning,0.025,0.05,0.913907734578214,0.993364189892265,0.994246708784985,2.31162866626278e-11
detuning,0.0291666666666667,-0.05,0.914680262943624,0.993839757398992,0.994661879700196,2.31191732424918e-11
detuning,0.0291666666666667,-0.0458333333333333,0.927267955780995,0.99423166481788,0.994847271306576,2.31218377777509e-11
detuning,0.0291666666666667,-0.0416666666666667,0.938887203609999,0.994563867725947,0.995016451681696,2.31183960863746e-11
detuning,0.0291666666666667,-0.0375,0.949503402952377,0.99484265534254,0.995168992882713,2.3121393688541e-11
detuning,0.0291666666666667,-0.0333333333333333,0.959084875147279,0.995073832960182,0.995304501060018,2.31186181309795e-11
detuning,0.0291666666666667,-0.0291666666666667,0.967602980105589,0.995262685388479,0.9954226176651,2.31190622201893e-11
detuning,0.0291666666666667,-0.025,0.975032219284993,0.995413943331435,0.99552302054783,2.31186181309795e-11
detuning,0.0291666666666667,-0.0208333333333333,0.981350327468371,0.995531753013013,0.995605424939011,2.31190622201893e-11
detuning,0.0291666666666667,-0.0166666666666667,0.986538352973462,0.99561964934187,0.995669584314827,2.31165087072327e-11
detuning,0.0291666666666667,-0.0125,0.990580725968337,0.995680532877095,0.995715291140174,2.31193952870967e-11
detuning,0.0291666666666667,-0.00833333333333333,0.993465314615206,0.995716650823204,0.995742377488125,2.31189511978869e-11
detuning,0.0291666666666667,-0.00416666666666667,0.995183468814685,0.995729582245487,0.995750715533556,2.3117063818745e-11
detuning,0.0291666666666667,0,0.995730051372662,0.995720227655679,0.995740217919039,2.31179519971647e-11
detuning,0.0291666666666667,0.00416666666666667,0.99510345646327,0.995688803074679,0.995710837991867,2.31167307518376e-11
detuning,0.0291666666666667,0.00833333333333333,0.993305615313057,0.995634838633453,0.995662569911384,2.31183960863746e-11
detuning,0.0291666666666667,0.0125,0.990341989083426,0.995557181726723,0.995595448626309,2.3118507108677e-11
detuning,0.0291666666666667,0.0166666666666667,0.986221548980583,0.995454004687184,0.995509549722202,2.31198393763066e-11
detuning,0.0291666666666667,0.0208333333333333,0.980956743674212,0.995322816901805,0.995404989139729,2.31168417741401e-11
detuning,0.0291666666666667,0.025,0.974563454157622,0.995160481246794,0.995281922764739,2.31181740417696e-11
detuning,0.0291666666666667,0.0291666666666667,0.967060936233267,0.994963234675396,0.995140545891767,2.31166197295352e-11
detuning,0.0291666666666667,0.0333333333333333,0.958471750858,0.994726712753242,0.994981092563232,2.31171748410475e-11
detuning,0.0291666666666667,0.0375,0.948821682630386,0.994445977898839,0.994803834785891,2.31163976849302e-11
detuning,0.0291666666666667,0.0416666666666667,0.938139646752579,0.994115551057056,0.994609081628735,2.31162866626278e-11
detuning,0.0291666666666667,0.0458333333333333,0.926457584843431,0.993729446503944,0.994397178204614,2.3115620528813e-11
detuning,0.0291666666666667,0.05,0.91381035002576,0.993281209460302,0.994168504539831,2.31162866626278e-11
detuning,0.0333333333333333,-0.05,0.914701818468493,0.993829991375756,0.994647654679975,2.31183960863746e-11
detuning,0.0333333333333333,-0.0458333333333333,0.92728440331214,0.99421842139426,0.994830489258406,2.3121393688541e-11
detuning,0.0333333333333333,-0.0416666666666667,0.938898372479459,0.994547280226945,0.994997108597341,2.31186181309795e-11
detuning,0.0333333333333333,-0.0375,0.949509143248481,0.994822843144007,0.995147080489387,2.31190622201893e-11
detuning,0.0333333333333333,-0.0333333333333333,0.959085058417822,0.995050900594966,0.995280006838618,2.31186181309795e-11
detuning,0.0333333333333333,-0.0291666666666667,0.967597499968204,0.995236721741756,0.99539552487575,2.31188401755844e-11
detuning,0.0333333333333333,-0.025,0.975020991941758,0.995385020932984,0.995493308262519,2.31165087072327e-11
detuning,0.0333333333333333,-0.0208333333333333,0.981333292122319,0.995499927433719,0.995573068081369,2.31193952870967e-11
detuning,0.0333333333333333,-0.0166666666666667,0.986515472144909,0.995584958700654,0.995634553706832,2.31189511978869e-11
detuning,0.0333333333333333,-0.0125,0.990551985709542,0.99564299746371,0.995677553555765,2.3117063818745e-11
detuning,0.0333333333333333,-0.00833333333333333,0.993430724622184,0.995676272841101,0.995701895713528,2.31179519971647e-11
detuning,0.0333333333333333,-0.00416666666666667,0.995143062435554,0.995686345677943,0.995707448434233,2.31167307518376e-11
detuning,0.0333333333333333,0,0.995683885512247,0.995674098257048,0.995694120513038,2.31183960863746e-11
detuning,0.0333333333333333,0.00416666666666667,0.995051611384314,0.995639728487556,0.995661861529515,2.3118507108677e-11
detuning,0.0333333333333333,0.00833333333333333,0.993248194334572,0.995582748631005,0.995610661960983,2.31198393763066e-11
detuning,0.0333333333333333,0.0125,0.990279118177524,0.995501988578518,0.995540553165828,2.31168417741401e-11
detuning,0.0333333333333333,0.0166666666666667,0.986153376269214,0.995395603645281,0.995451607236584,2.31179519971647e-11
detuning,0.0333333333333333,0.0208333333333333,0.980883438827953,0.995261086802925,0.995343936723717,2.31166197295352e-11
detuning,0.0333333333333333,0.025,0.974485207699138,0.995095285225322,0.995217694231127,2.31171748410475e-11
detuning,0.0333333333333333,0.0291666666666667,0.96697795874796,0.994894420980451,0.995073071884478,2.31163976849302e-11
detuning,0.0333333333333333,0.0333333333333333,0.958384272115249,0.994654115662564,0.994910300675077,2.31162866626278e-11
detuning,0.0333333333333333,0.0375,0.948729950619612,0.994369418721858,0.99472964968128,2.3115620528813e-11
detuning,0.0333333333333333,0.0416666666666667,0.938043926637469,0.99403483921762,0.99453142517034,2.31162866626278e-11
detuning,0.0333333333333333,0.0458333333333333,0.926358157831688,0.993644380684466,0.994315969575122,2.31180630194672e-11
detuning,0.0333333333333333,0.05,0.913707512196329,0.993191578843358,0.994083660403061,2.31177299525598e-11
detuning,0.0375,-0.05,0.914717958862462,0.993813596518119,0.994626835341704,2.31186181309795e-11
detuning,0.0375,-0.0458333333333333,0.927295319975994,0.994198622041372,0.9948071823887,2.31190622201893e-11
detuning,0.0375,-0.0416666666666667,0.938903903251838,0.994524204039226,0.994971304303663,2.31186181309795e-11
detuning,0.0375,-0.0375,0.949509147106965,0.994796603576201,0.995118764509151,2.31188401755844e-11
detuning,0.0375,-0.0333333333333333,0.959079416148608,0.995021596026765,0.995249160567691,2.31165087072327e-11
detuning,0.0375,-0.0291666666666667,0.967586114741668,0.995204434699241,0.995362125404468,2.31193952870967e-11
detuning,0.0375,-0.025,0.975003789791149,0.995349817408603,0.995457328419081,2.31191732424918e-11
detuning,0.0375,-0.0208333333333333,0.981310222323216,0.995461856311679,0.995534476482403,2.3117063818745e-11
detuning,0.0375,-0.0166666666666667,0.98648650749372,0.995544051294022,0.995593314815192,2.31179519971647e-11
detuning,0.0375,-0.0125,0.990517122699468,0.995599267168148,0.995633627745202,2.31167307518376e-11
detuning,0.0375,-0.00833333333333333,0.993389983515827,0.995629714909488,0.995655239340289,2.31183960863746e-11
detuning,0.0375,-0.00416666666666667,0.995096487233509,0.995636937118612,0.995658013915246,2.3118507108677e-11
detuning,0.0375,0,0.995631543817761,0.995621797857486,0.995641856410664,2.31198393763066e-11
detuning,0.0375,0.00416666666666667,0.994993594164258,0.995584476963846,0.995606712642515,2.31168417741401e-11
detuning,0.0375,0.00833333333333333,0.993184615577703,0.995524468902303,0.995552569421627,2.31179519971647e-11
detuning,0.0375,0.0125,0.990210114451199,0.995440586164342,0.995479454542785,2.31166197295352e-11
detuning,0.0375,0.0166666666666667,0.986079106176698,0.995330967182666,0.995387436643762,2.31171748410475e-11
detuning,0.0375,0.0208333333333333,0.980804082367817,0.995193088678259,0.995276624934097,2.31163976849302e-11
detuning,0.0375,0.025,0.974400965529894,0.995023782315802,0.995147168795898,2.31162866626278e-11
detuning,0.0375,0.0291666666666667,0.966889051361028,0.994819255498555,0.994999257257237,2.3115620528813e-11
detuning,0.0375,0.0333333333333333,0.958290938919407,0.99457511609577,0.99483311834055,2.31162866626278e-11
detuning,0.0375,0.0375,0.948632448932809,0.99428640085007,0.994649018279262,2.31180630194672e-11
detuning,0.0375,0.0416666666666667,0.937942530630178,0.993947607245249,0.994447260659547,2.31177299525598e-11
detuning,0.0375,0.0458333333333333,0.926253157360279,0.993552728403344,0.994228185363688,2.36215491611347e-11
detuning,0.0375,0.05,0.913599211547637,0.993095290829345,0.993992167458381,2.16298090549571e-11
detuning,0.0416666666666667,-0.05,0.914728679483769,0.993790568322583,0.994599418685797,2.31179519971647e-11
detuning,0.0416666666666667,-0.0458333333333333,0.927300700805092,0.994172262168011,0.994777347270576,2.31188401755844e-11
detuning,0.0416666666666667,-0.0416666666666667,0.938903790653731,0.994494634432803,0.994939034949913,2.31165087072327e-11
detuning,0.0416666666666667,-0.0375,0.949503408966679,0.994763931724494,0.99508404067212,2.31193952870967e-11
detuning,0.0416666666666667,-0.0333333333333333,0.959067942507434,0.994985914116174,0.995211957564401,2.31191732424918e-11
detuning,0.0416666666666667,-0.0291666666666667,0.967568818337821,0.995165818862642,0.995322414163071,2.3117063818745e-11
detuning,0.0416666666666667,-0.025,0.97498060650242,0.99530832707322,0.995415075532913,2.31179519971647e-11
detuning,0.0416666666666667,-0.0208333333333333,0.981281111509449,0.995417533653753,0.995489644271472,2.31167307518376e-11
detuning,0.0416666666666667,-0.0166666666666667,0.986451452237307,0.995496920806113,0.995545861394876,2.31183960863746e-11
detuning,0.0416666666666667,-0.0125,0.990476129942698,0.995549335344109,0.995583507102101,2.3118507108677e-11
detuning,0.0416666666666667,-0.00833333333333333,0.993343084094192,0.995576970050852,0.99560240141498,2.31198393763066e-11
detuning,0.0416666666666667,-0.00416666666666667,0.995043735804614,0.99558134926509,0.995602404691769,2.31168417741401e-11
detuning,0.0416666666666667,0,0.995573018685929,0.995563318843013,0.995583418012529,2.31179519971647e-11
detuning,0.0416666666666667,0.00416666666666667,0.994929397001317,0.995523040598302,0.995545383434961,2.31166197295352e-11
detuning,0.0416666666666667,0.00833333333333333,0.993114871041317,0.995459991278196,0.995488284120253,2.31171748410475e-11
detuning,0.0416666666666667,0.0125,0.990134969701551,0.99537296608546,0.995412144327663,2.31163976849302e-11
detuning,0.0416666666666667,0.0166666666666667,0.985998730293782,0.995260086711504,0.995317029279128,2.31167307518376e-11
detuning,0.0416666666666667,0.0208333333333333,0.980718665672039,0.995118813797843,0.995203044893723,2.3115620528813e-11
detuning,0.0416666666666667,0.025,0.974310718808134,0.994945963699486,0.995070337393246,2.31162866626278e-11
detuning,0.0416666666666667,0.0291666666666667,0.966794204993206,0.994737729372049,0.994919092771315,2.31180630194672e-11
detuning,0.0416666666666667,0.0333333333333333,0.958191741950998,0.994489705229222,0.994749536182042,2.31177299525598e-11
detuning,0.0416666666666667,0.0375,0.948529168028204,0.994196915597872,0.994561931123734,2.36207720050174e-11
detuning,0.0416666666666667,0.0416666666666667,0.937835448927182,0.993853846637055,0.994356578560301,2.16298090549571e-11
detuning,0.0416666666666667,0.0458333333333333,0.926142573308569,0.993454481368858,0.994133815933848,2.16282547427227e-11
detuning,0.0416666666666667,0.05,0.913485437656908,0.992992337457334,0.993894016034254,2.27200480651391e-11
detuning,0.0458333333333333,-0.05,0.914733974793211,0.993760901550929,0.994565400961869,2.31167307518376e-11
detuning,0.0458333333333333,-0.0458333333333333,0.927300539935904,0.994139336424605,0.994740979705381,2.31193952870967e-11
detuning,0.0458333333333333,-0.0416666666666667,0.938898028517152,0.994458565897582,0.994900295894387,2.31191732424918e-11
detuning,0.0458333333333333,-0.0375,0.949491922373717,0.994724821874685,0.995042903900381,2.3117063818745e-11
detuning,0.0458333333333333,-0.0333333333333333,0.959050630771309,0.9949438489069,0.995168392322761,2.31179519971647e-11
detuning,0.0458333333333333,-0.0291666666666667,0.967545603779825,0.995120868001685,0.995276385227098,2.31162866626278e-11
detuning,0.0458333333333333,-0.025,0.974951434858461,0.99526054339705,0.995366543272118,2.31183960863746e-11
detuning,0.0458333333333333,-0.0208333333333333,0.981245952235426,0.99536695261162,0.995438564721616,2.3118507108677e-11
detuning,0.0458333333333333,-0.0166666666666667,0.986410298711658,0.995443560057851,0.995492186337652,2.31198393763066e-11
detuning,0.0458333333333333,-0.0125,0.990428999565041,0.995493194476408,0.995527184152069,2.31168417741401e-11
detuning,0.0458333333333333,-0.00833333333333333,0.993290018279314,0.995518030415526,0.995543374113462,2.31179519971647e-11
detuning,0.0458333333333333,-0.00416666666666667,0.994984799871652,0.995519573941838,0.995540612607556,2.31166197295352e-11
detuning,0.0458333333333333,0,0.995508301643129,0.995498652728016,0.995518796849332,2.31171748410475e-11
detuning,0.0458333333333333,0.00416666666666667,0.994859011226661,0.995455410618191,0.995477865144931,2.31163976849302e-11
detuning,0.0458333333333333,0.00833333333333333,0.993038951860373,0.995389306728262,0.995417797023522,2.31167307518376e-11
detuning,0.0458333333333333,0.0125,0.990053674864555,0.99529911908993,0.995338613238036,2.3115620528813e-11
detuning,0.0458333333333333,0.0166666666666667,0.985912239353413,0.995182952801493,0.995240375635059,2.31158425734179e-11
detuning,0.0458333333333333,0.0208333333333333,0.980627179255866,0.995038252593098,0.995123186885435,2.31180630194672e-11
detuning,0.0458333333333333,0.025,0.974214457832105,0.994861819733291,0.994987190130611,2.31177299525598e-11
detuning,0.0458333333333333,0.0291666666666667,0.966693409748116,0.994649832978643,0.994832568419244,2.36241026740913e-11
detuning,0.0458333333333333,0.0333333333333333,0.958086671081121,0.994397873498489,0.994659544075941,2.16298090549571e-11
detuning,0.0458333333333333,0.0375,0.948420097489027,0.994100953480302,0.994468377954672,2.16282547427227e-11
detuning,0.0458333333333333,0.0416666666666667,0.937722670843375,0.993753548100667,0.994259368541862,2.27147189946209e-11
detuning,0.0458333333333333,0.0458333333333333,0.926026394740751,0.993349630599044,0.994032850951305,2.11878292688539e-11
detuning,0.0458333333333333,0.05,0.913366179304784,0.992882710117629,0.99378919580255,2.11867190458292e-11
detuning,0.05,-0.05,0.914733838358025,0.993724590234825,0.994524777673065,2.31189511978869e-11
detuning,0.05,-0.0458333333333333,0.927294830612962,0.994099838707899,0.994698074727203,2.3117063818745e-11
detuning,0.05,-0.0416666666666667,0.938886609784184,0.994415992148472,0.994855081709442,2.31179519971647e-11
detuning,0.05,-0.0375,0.949474679986297,0.994679267518232,0.994995348313199,2.31167307518376e-11
detuning,0.05,-0.0333333333333333,0.95902747333172,0.994895393631301,0.995118458519191,2.31183960863746e-11
detuning,0.05,-0.0291666666666667,0.967516463207822,0.995069575059987,0.995224031841733,2.3118507108677e-11
detuning,0.05,-0.025,0.974916266761774,0.995206459011726,0.995311724463701,2.31198393763066e-11
detuning,0.05,-0.0208333333333333,0.981204736177948,0.995310105488274,0.995381230256116,2.31168417741401e-11
detuning,0.05,-0.0166666666666667,0.986363038378018,0.995383961013707,0.995432281678916,2.31181740417696e-11
detuning,0.05,-0.0125,0.990375722820448,0.995430836187953,0.995464650559737,2.31166197295352e-11
detuning,0.05,-0.00833333333333333,0.993230777124469,0.99545288728899,0.99547814874822,2.31171748410475e-11
detuning,0.05,-0.00416666666666667,0.994919670292077,0.995451602108148,0.995472628642939,2.31163976849302e-11
detuning,0.05,0,0.995437383353681,0.99542779016353,0.995447983590152,2.31162866626278e-11
detuning,0.05,0.00416666666666667,0.994782427303009,0.995381577381796,0.995404148143034,2.40207853607899e-11
detuning,0.05,0.00833333333333333,0.992956848314062,0.995312405368868,0.995341098245842,2.31162866626278e-11
detuning,0.05,0.0125,0.989966220015166,0.995219035072387,0.995258851138412,2.31180630194672e-11
detuning,0.05,0.0166666666666667,0.985819623230473,0.995099555179085,0.995157465360226,2.31177299525598e-11
detuning,0.05,0.0208333333333333,0.980529612823449,0.994951394710449,0.995037040405217,2.16306972333768e-11
detuning,0.05,0.025,0.974112172094377,0.994771340006576,0.994897716344956,2.16298090549571e-11
detuning,0.05,0.0291666666666667,0.966586654854712,0.994555555866687,0.99473967336143,2.16286988319325e-11
detuning,0.05,0.0333333333333333,0.957975715299078,0.994299610516135,0.994563131072033,2.2720270109744e-11
detuning,0.05,0.0375,0.948305226086834,0.993998504284935,0.994368347778749,2.11876072242489e-11
detuning,0.05,0.0416666666666667,0.937604184900736,0.993646701654572,0.994155619577862,2.11867190458292e-11
detuning,0.05,0.0458333333333333,0.925904609898154,0.993238166406316,0.993925279370074,2.11881623357613e-11
detuning,0.05,0.05,0.91324142444452,0.992766399511063,0.993677695739356,2.11878292688539e-11
