xi_t,P_gg_with_CD,P_eg_with_CD,P_ge_with_CD,P_photon_with_CD,concurrence_target,concurrence_without_CD,concurrence_with_CD,bell_fidelity_without_CD,bell_fidelity_with_CD,conditional_bell_fidelity_with_CD,u1,u2,Omega_pi_over_xi,Omega_CD_over_xi
0,1,0,0,0,NaN,0,0,0,0,NaN,0,0.9,0,0
0.005,0.999999999999972,2.60796397920217e-14,0,0,NaN,0,0,1.30398198960108e-14,1.30398198960108e-14,0.5,0,0.9,0.000193785244653334,0
0.01,0.999999999998287,1.66891998471578e-12,0,0,NaN,0,0,8.3445999235789e-13,8.3445999235789e-13,0.5,0,0.9,0.000775093165003887,0
0.015,0.99999999998082,1.90076395308914e-11,0,0,NaN,0,0,9.5038197654457e-12,9.5038197654457e-12,0.5,0,0.9,0.00174378033202061,0
0.02,0.99999999989302,1.06778890850302e-10,0,0,NaN,0,0,5.33894454251511e-11,5.33894454251511e-11,0.5,0,0.9,0.00309960773663982,0
0.025,0.999999999592553,4.07238637457857e-10,0,0,NaN,0,0,2.03619318728929e-10,2.03619318728929e-10,0.5,0,0.9,0.00484224084873711,0
0.03,0.999999998784114,1.2156779727145e-09,0,0,NaN,0,0,6.0783898635725e-10,6.0783898635725e-10,0.5,0,0.9,0.00697124969966765,0
0.035,0.999999996935293,3.06450237294649e-09,0,0,NaN,0,0,1.53225118647324e-09,1.53225118647324e-09,0.5,0,0.9,0.00948610898835451,0
0.04,0.999999993174045,6.82575809876286e-09,0,0,NaN,0,0,3.41287904938143e-09,3.41287904938143e-09,0.5,0,0.9,0.0123861982108988,0
0.045,0.999999986167849,1.38319638643066e-08,0,0,NaN,0,0,6.9159819321533e-09,6.9159819321533e-09,0.5,0,0.9,0.01567080181368,0
0.05,0.999999973984743,2.60150804567914e-08,0,0,NaN,0,0,1.30075402283957e-08,1.30075402283957e-08,0.5,0,0.9,0.0193391093699075,0
0.055,0.999999953936415,4.60634257258424e-08,0,0,NaN,0,0,2.30317128629212e-08,2.30317128629212e-08,0.5,0,0.9,0.023390215779582,0
0.06,0.999999922403547,7.75963173010092e-08,0,0,NaN,0,0,3.87981586505046e-08,3.87981586505046e-08,0.5,0,0.9,0.0278231214928148,0
0.065,0.999999874643682,1.25356200564385e-07,0,0,NaN,0,0,6.26781002821923e-08,6.26781002821923e-08,0.5,0,0.9,0.0326367327564522,0
0.07,0.999999804581899,1.95417994813496e-07,0,0,NaN,0,0,9.77089974067479e-08,9.77089974067479e-08,0.5,0,0.9,0.0378298618839426,0
0.075,0.99999970458453,2.9541536623474e-07,0,0,NaN,0,0,1.4770768311737e-07,1.4770768311737e-07,0.5,0,0.9,0.0434012275483802,0
0.08,0.999999565216286,4.34783612276552e-07,0,0,NaN,0,0,2.17391806138276e-07,2.17391806138276e-07,0.5,0,0.9,0.0493494550986534,0
0.085,0.99999937498108,6.25018818287547e-07,0,0,NaN,0,0,3.12509409143773e-07,3.12509409143773e-07,0.5,0,0.9,0.0556730768986194,0
0.09,0.999999120046974,8.79952923904472e-07,0,0,NaN,0,0,4.39976461952236e-07,4.39976461952236e-07,0.5,0,0.9,0.0623705326892214,0
0.095,0.999998783955585,1.21604431361513e-06,0,0,NaN,0,0,6.08022156807564e-07,6.08022156807564e-07,0.5,0,0.9,0.0694401699734594,0
0.1,0.999998347316375,1.65268352322797e-06,0,0,NaN,0,0,8.26341761613984e-07,8.26341761613984e-07,0.5,0,0.9,0.0768802444241186,0
0.105,0.999997787486267,2.21251363166154e-06,0,0,NaN,0,0,1.10625681583077e-06,1.10625681583077e-06,0.5,0,0.9,0.0846889203141567,0
0.11,0.999997078235013,2.92176488552569e-06,0,0,NaN,0,0,1.46088244276284e-06,1.46088244276284e-06,0.5,0,0.9,0.0928642709696414,0
0.115,0.999996189396816,3.81060308241784e-06,0,0,NaN,0,0,1.90530154120892e-06,1.90530154120892e-06,0.5,0,0.9,0.101404279245129,0
0.12,0.999995086508681,4.91349121771147e-06,0,0,NaN,0,0,2.45674560885574e-06,2.45674560885574e-06,0.5,0,0.9,0.110306838021364,0
0.125,0.999993730436019,6.26956387887377e-06,0,0,NaN,0,0,3.13478193943689e-06,3.13478193943689e-06,0.5,0,0.9,0.119569750725181,0
0.13,0.999992076986047,7.92301385102331e-06,0,0,NaN,0,0,3.96150692551165e-06,3.96150692551165e-06,0.5,0,0.9,0.129190731871474,0
0.135,0.999990076509521,9.92349037752877e-06,0,0,NaN,0,0,4.96174518876438e-06,4.96174518876438e-06,0.5,0,0.9,0.139167407627106,0
0.14,0.999987673491398,1.23265084999597e-05,0,0,NaN,0,0,6.16325424997984e-06,6.16325424997984e-06,0.5,0,0.9,0.14949731639662,0
0.145,0.999984806131016,1.519386888263e-05,0,0,NaN,0,0,7.596934441315e-06,7.596934441315e-06,0.5,0,0.9,0.160177909429596,0
0.15,0.99998140591239,1.85940875083264e-05,0,0,NaN,0,0,9.29704375416319e-06,9.29704375416319e-06,0.5,0,0.9,0.17120655144952,0
0.155,0.999977397165285,2.26028346135814e-05,0,0,NaN,0,0,1.13014173067907e-05,1.13014173067907e-05,0.5,0,0.9,0.182580521304,0
0.16,0.999972696617684,2.73033822140393e-05,0,0,NaN,0,0,1.36516911070196e-05,1.36516911070196e-05,0.5,0,0.9,0.194297012636165,0
0.165,0.999967212940345,3.27870595530586e-05,0,0,NaN,0,0,1.63935297765293e-05,1.63935297765293e-05,0.5,0,0.9,0.206353134577098,0
0.17,0.999960846284109,3.91537157897057e-05,0,0,NaN,0,0,1.95768578948529e-05,1.95768578948529e-05,0.5,0,0.9,0.218745912459108,0
0.175,0.999953487810673,4.65121892257031e-05,0,0,NaN,0,0,2.32560946128515e-05,2.32560946128515e-05,0.5,0,0.9,0.231472288549692,0
0.18,0.999945019217544,5.4980782354706e-05,0,0,NaN,0,0,2.7490391177353e-05,2.7490391177353e-05,0.5,0,0.9,0.244529122805976,0
0.185,0.999935312257897,6.46877420014841e-05,0,0,NaN,0,0,3.2343871000742e-05,3.2343871000742e-05,0.5,0,0.9,0.257913193649483,0
0.19,0.999924228256095,7.57717438031717e-05,0,0,NaN,0,0,3.78858719015858e-05,3.78858719015858e-05,0.5,0,0.9,0.271621198761001,0
0.195,0.999911617619628,8.83823802697191e-05,0,0,NaN,0,0,4.41911901348596e-05,4.41911901348596e-05,0.5,0,0.9,0.285649755895387,0
0.2,0.999897319348252,0.00010268065164602,0,0,NaN,0,0,5.13403258230101e-05,5.13403258230101e-05,0.5,0,0.9,0.299995403716082,0
0.205,0.999881160541114,0.000118839458783901,0,0,NaN,0,0,5.94197293919506e-05,5.94197293919506e-05,0.5,0,0.9,0.314654602649143,0
0.21,0.99986295590268,0.000137044097218232,0,0,NaN,0,0,6.85220486091158e-05,6.85220486091158e-05,0.5,0,0.9,0.329623735756586,0
0.215,0.99984250724827,0.000157492751627847,0,0,NaN,0,0,7.87463758139236e-05,7.87463758139236e-05,0.5,0,0.9,0.344899109628803,0
0.22,0.999819603010049,0.000180396989848768,0,0,NaN,0,0,9.01984949243838e-05,9.01984949243838e-05,0.5,0,0.9,0.360476955295862,0
0.225,0.999794017744304,0.000205982255594331,0,0,NaN,0,0,0.000102991127797165,0.000102991127797165,0.5,0,0.9,0.376353429157441,0
0.23,0.999765511640874,0.000234488359024354,0,0,NaN,0,0,0.000117244179512177,0.000117244179512177,0.5,0,0.9,0.39252461393118,0
0.235,0.999733830035605,0.000266169964293283,0,0,NaN,0,0,0.000133084982146642,0.000133084982146642,0.5,0,0.9,0.408986519619209,0
0.24,0.999698702926703,0.000301297073195497,0,0,NaN,0,0,0.000150648536597749,0.000150648536597749,0.5,0,0.9,0.425735084492626,0
0.245,0.999659844495884,0.000340155504014463,0,0,NaN,0,0,0.000170077752007231,0.000170077752007231,0.5,0,0.9,0.442766176093661,0
0.25,0.999616952635227,0.00038304736467141,0,0,NaN,0,0,0.000191523682335705,0.000191523682335705,0.5,0,0.9,0.460075592255305,0
0.255,0.99956970848064,0.000430291519258442,0,0,NaN,0,0,0.000215145759629221,0.000215145759629221,0.5,0,0.9,0.477659062138125,0
0.26,0.999517775952868,0.000482224047030713,0,0,NaN,0,0,0.000241112023515356,0.000241112023515356,0.5,0,0.9,0.495512247284035,0
0.265,0.999460801306976,0.000539198692922372,0,0,NaN,0,0,0.000269599346461186,0.000269599346461186,0.5,0,0.9,0.513630742686744,0
0.27,0.999398412691257,0.000601587308641473,0,0,NaN,0,0,0.000300793654320737,0.000300793654320737,0.5,0,0.9,0.532010077878623,0
0.275,0.999330219716508,0.000669780283389982,0,0,NaN,0,0,0.000334890141694991,0.000334890141694991,0.5,0,0.9,0.55064571803373,0
0.28,0.999255813036652,0.000744186963246391,0,0,NaN,0,0,0.000372093481623196,0.000372093481623196,0.5,0,0.9,0.569533065086707,0
0.285,0.999174763941658,0.00082523605824036,0,0,NaN,0,0,0.00041261802912018,0.00041261802912018,0.5,0,0.9,0.588667458867287,0
0.29,0.999086623963757,0.000913376036141142,0,0,NaN,0,0,0.000456688018070571,0.000456688018070571,0.5,0,0.9,0.608044178250118,0
0.295,0.998990924497924,0.00100907550197453,0,0,NaN,0,0,0.000504537750987267,0.000504537750987267,0.5,0,0.9,0.627658442319634,0
0.3,0.998887176437622,0.00111282356227658,0,0,NaN,0,0,0.00055641178113829,0.00055641178113829,0.5,0,0.9,0.647505411549668,0
0.305,0.998774869826812,0.00122513017308642,0,0,NaN,0,0,0.000612565086543212,0.000612565086543212,0.5,0,0.9,0.667580188997541,0
0.31,0.998653473529223,0.00134652647067549,0,0,NaN,0,0,0.000673263235337747,0.000673263235337747,0.5,0,0.9,0.687877821512302,0
0.315,0.998522434915893,0.00147756508400577,0,0,NaN,0,0,0.000738782542002886,0.000738782542002886,0.5,0,0.9,0.708393300956848,0
0.32,0.998381179571992,0.00161882042790613,0,0,NaN,0,0,0.000809410213953067,0.000809410213953067,0.5,0,0.9,0.729121565443607,0
0.325,0.998229111023945,0.00177088897595295,0,0,NaN,0,0,0.000885444487976473,0.000885444487976473,0.5,0,0.9,0.750057500583478,0
0.33,0.998065610487859,0.00193438951203905,0,0,NaN,0,0,0.000967194756019523,0.000967194756019523,0.5,0,0.9,0.77119594074774,0
0.335,0.997890036640284,0.00210996335961419,0,0,NaN,0,0,0.00105498167980709,0.00105498167980709,0.5,0,0.9,0.79253167034258,0
0.34,0.997701725412318,0.00229827458758003,0,0,NaN,0,0,0.00114913729379002,0.00114913729379002,0.5,0,0.9,0.814059425095977,0
0.345,0.997499989808075,0.00250001019182378,0,0,NaN,0,0,0.00125000509591189,0.00125000509591189,0.5,0,0.9,0.83577389335657,0
0.35,0.997284119748521,0.00271588025137671,0,0,NaN,0,0,0.00135794012568835,0.00135794012568835,0.5,0,0.9,0.857669717404237,0
0.355,0.997053381941711,0.0029466180581873,0,0,NaN,0,0,0.00147330902909365,0.00147330902909365,0.5,0,0.9,0.879741494772029,0
0.36,0.996807019780395,0.00319298021950353,0,0,NaN,0,0,0.00159649010975177,0.00159649010975177,0.5,0,0.9,0.901983779579147,0
0.365,0.996544253268034,0.00345574673186468,0,0,NaN,0,0,0.00172787336593234,0.00172787336593234,0.5,0,0.9,0.924391083874634,0
0.37,0.996264278974187,0.00373572102571101,0,0,NaN,0,0,0.0018678605128555,0.0018678605128555,0.5,0,0.9,0.946957878991442,0
0.375,0.99596627002027,0.00403372997962855,0,0,NaN,0,0,0.00201686498981427,0.00201686498981427,0.5,0,0.9,0.96967859691055,0
0.38,0.995649376096641,0.00435062390325709,0,0,NaN,0,0,0.00217531195162854,0.00217531195162854,0.5,0,0.9,0.99254763163479,0
0.385,0.995312723511996,0.00468727648790211,0,0,NaN,0,0,0.00234363824395105,0.00234363824395105,0.5,0,0.9,1.01555934057204,0
0.39,0.994955415275993,0.00504458472390565,0,0,NaN,0,0,0.00252229236195282,0.00252229236195282,0.5,0,0.9,1.03870804592745,0
0.395,0.994576531216051,0.00542346878384752,0,0,NaN,0,0,0.00271173439192376,0.00271173439192376,0.5,0,0.9,1.06198803610436,0
0.4,0.994175128129232,0.0058248718706664,0,0,NaN,0,0,0.0029124359353332,0.0029124359353332,0.5,0,0.9,1.08539356711353,0
0.405,0.993750239970087,0.00624976002981108,0,0,NaN,0,0,0.00312488001490554,0.00312488001490554,0.5,0,0.9,1.10891886399042,0
0.41,0.993300878075344,0.00669912192455426,0,0,NaN,0,0,0.00334956096227713,0.00334956096227713,0.5,0,0.9,1.13255812222003,0
0.415,0.992826031426272,0.00717396857362685,0,0,NaN,0,0,0.00358698428681342,0.00358698428681342,0.5,0,0.9,1.15630550916912,0
0.42,0.992324666949541,0.00767533305035728,0,0,NaN,0,0,0.00383766652517864,0.00383766652517864,0.5,0,0.9,1.1801551655253,0
0.425,0.991795729857368,0.0082042701425307,0,0,NaN,0,0,0.00410213507126535,0.00410213507126535,0.5,0,0.9,1.20410120674274,0
0.43,0.991238144027684,0.00876185597221486,0,0,NaN,0,0,0.00438092798610743,0.00438092798610743,0.5,0,0.9,1.22813772449407,0
0.435,0.990650812425064,0.0093491875748345,0,0,NaN,0,0,0.00467459378741725,0.00467459378741725,0.5,0,0.9,1.25225878812822,0
0.44,0.990032617563084,0.00996738243681375,0,0,NaN,0,0,0.00498369121840688,0.00498369121840688,0.5,0,0.9,1.27645844613364,0
0.445,0.989382422008752,0.0106175779911464,0,0,NaN,0,0,0.00530878899557321,0.00530878899557321,0.5,0,0.9,1.30073072760685,0
0.45,0.988699068929601,0.0113009310702972,0,0,NaN,0,0,0.0056504655351486,0.0056504655351486,0.5,0,0.9,1.32506964372558,0
0.455,0.987981382684015,0.0120186173158833,0,0,NaN,0,0,0.00600930865794164,0.00600930865794164,0.5,0,0.9,1.34946918922647,0
0.46,0.987228169455264,0.0127718305446347,0,0,NaN,0,0,0.00638591527231733,0.00638591527231733,0.5,0,0.9,1.37392334388676,0
0.465,0.986438217929714,0.0135617820701838,0,0,NaN,0,0,0.0067808910350919,0.0067808910350919,0.5,0,0.9,1.39842607400971,0
0.47,0.985610300019608,0.0143896999802906,0,0,NaN,0,0,0.00719484999014528,0.00719484999014528,0.5,0,0.9,1.42297133391331,0
0.475,0.984743171630732,0.0152568283691663,0,0,NaN,0,0,0.00762841418458315,0.00762841418458315,0.5,0,0.9,1.44755306742195,0
0.48,0.983835573475276,0.016164426524623,0,0,NaN,0,0,0.0080822132623115,0.0080822132623115,0.5,0,0.9,1.47216520936071,0
0.485,0.982886231930061,0.0171137680698373,0,0,NaN,0,0,0.00855688403491867,0.00855688403491867,0.5,0,0.9,1.49680168705185,0
0.49,0.981893859940311,0.0181061400595876,0,0,NaN,0,0,0.00905307002979382,0.00905307002979382,0.5,0,0.9,1.52145642181313,0
0.495,0.980857157969006,0.0191428420308923,0,0,NaN,0,0,0.00957142101544616,0.00957142101544616,0.5,0,0.9,1.54612333045769,0
0.5,0.979774814991846,0.0202251850080525,0,0,NaN,0,0,0.0101125925040263,0.0101125925040263,0.5,0,0.9,1.5707963267949,0
0.505,0.97864550953772,0.0213544904621786,0,0,NaN,0,0,0.0106772452310893,0.0106772452310893,0.5,0,0.9,1.59546932313211,0
0.51,0.977467910774539,0.02253208922536,0,0,NaN,0,0,0.01126604461268,0.01126604461268,0.5,0,0.9,1.62013623177666,0
0.515,0.976240679640176,0.0237593203597221,0,0,NaN,0,0,0.011879660179861,0.011879660179861,0.5,0,0.9,1.64479096653795,0
0.52,0.974962470018201,0.0250375299816977,0,0,NaN,0,0,0.0125187649908488,0.0125187649908488,0.5,0,0.9,1.66942744422909,0
0.525,0.973631929957966,0.0263680700419323,0,0,NaN,0,0,0.0131840350209661,0.0131840350209661,0.5,0,0.9,1.69403958616784,0
0.53,0.972247702938567,0.0277522970613312,0,0,NaN,0,0,0.0138761485306656,0.0138761485306656,0.5,0,0.9,1.71862131967648,0
0.535,0.970808429176045,0.0291915708238535,0,0,NaN,0,0,0.0145957854119268,0.0145957854119268,0.5,0,0.9,1.74316657958008,0
0.54,0.969312746973147,0.0306872530267517,0,0,NaN,0,0,0.0153436265133759,0.0153436265133759,0.5,0,0.9,1.76766930970303,0
0.545,0.96775929411084,0.032240705889058,0,0,NaN,0,0,0.016120352944529,0.016120352944529,0.5,0,0.9,1.79212346436333,0
0.55,0.966146709280681,0.0338532907192177,0,0,NaN,0,0,0.0169266453596088,0.0169266453596088,0.5,0,0.9,1.81652300986422,0
0.555,0.964473633557025,0.0355263664428736,0,0,NaN,0,0,0.0177631832214368,0.0177631832214368,0.5,0,0.9,1.84086192598294,0
0.56,0.962738711907986,0.0372612880919124,0,0,NaN,0,0,0.0186306440459562,0.0186306440459562,0.5,0,0.9,1.86513420745615,0
0.565,0.960940594743911,0.0390594052559876,0,0,NaN,0,0,0.0195297026279938,0.0195297026279938,0.5,0,0.9,1.88933386546158,0
0.57,0.959077939502052,0.040922060497847,0,0,NaN,0,0,0.0204610302489235,0.0204610302489235,0.5,0,0.9,1.91345492909572,0
0.575,0.957149412266002,0.0428505877338963,0,0,NaN,0,0,0.0214252938669481,0.0214252938669481,0.5,0,0.9,1.93749144684705,0
0.58,0.955153689418352,0.0448463105815465,0,0,NaN,0,0,0.0224231552907733,0.0224231552907733,0.5,0,0.9,1.96143748806449,0
0.585,0.953089459324898,0.0469105406750009,0,0,NaN,0,0,0.0234552703375005,0.0234552703375005,0.5,0,0.9,1.98528714442067,0
0.59,0.95095542404865,0.0490445759512491,0,0,NaN,0,0,0.0245222879756245,0.0245222879756245,0.5,0,0.9,2.00903453136976,0
0.595,0.948750301091749,0.0512496989081496,0,0,NaN,0,0,0.0256248494540748,0.0256248494540748,0.5,0,0.9,2.03267378959938,0
0.6,0.946472825163306,0.0535271748365923,0,0,NaN,0,0,0.0267635874182961,0.0267635874182961,0.5,0,0.9,2.05619908647626,0
0.605,0.944121749971056,0.0558782500288427,0,0,NaN,0,0,0.0279391250144213,0.0279391250144213,0.5,0,0.9,2.07960461748544,0
0.61,0.941695850034616,0.058304149965283,0,0,NaN,0,0,0.0291520749826415,0.0291520749826415,0.5,0,0.9,2.10288460766234,0
0.615,0.939193922518028,0.0608060774818712,0,0,NaN,0,0,0.0304030387409356,0.0304030387409356,0.5,0,0.9,2.12603331301775,0
0.62,0.93661478907915,0.0633852109207486,0,0,NaN,0,0,0.0316926054603743,0.0316926054603743,0.5,0,0.9,2.149045021955,0
0.625,0.933957297733367,0.0660427022665315,0,0,NaN,0,0,0.0330213511332658,0.0330213511332658,0.5,0,0.9,2.17191405667924,0
0.63,0.931220324728972,0.0687796752709269,0,0,NaN,0,0,0.0343898376354635,0.0343898376354635,0.5,0,0.9,2.19463477459835,0
0.635,0.928402776431488,0.071597223568411,0,0,NaN,0,0,0.0357986117842055,0.0357986117842055,0.5,0,0.9,2.21720156971516,0
0.64,0.925503591214089,0.0744964087858098,0,0,NaN,0,0,0.0372482043929049,0.0372482043929049,0.5,0,0.9,2.23960887401065,0
0.645,0.922521741351186,0.0774782586487132,0,0,NaN,0,0,0.0387391293243566,0.0387391293243566,0.5,0,0.9,2.26185115881776,0
0.65,0.919456234912153,0.0805437650877459,0,0,NaN,0,0,0.0402718825438729,0.0402718825438729,0.5,0,0.9,2.28392293618556,0
0.655,0.916306117652096,0.0836938823478032,0,0,NaN,0,0,0.0418469411739016,0.0418469411739016,0.5,0,0.9,2.30581876023322,0
0.66,0.913070474896455,0.086929525103444,0,0,NaN,0,0,0.043464762551722,0.043464762551722,0.5,0,0.9,2.32753322849382,0
0.665,0.909748433416191,0.0902515665837074,0,0,NaN,0,0,0.0451257832918537,0.0451257832918537,0.5,0,0.9,2.34906098324721,0
0.67,0.906339163290208,0.0936608367096912,0,0,NaN,0,0,0.0468304183548456,0.0468304183548456,0.5,0,0.9,2.37039671284205,0
0.675,0.9028418797516,0.0971581202482985,0,0,NaN,0,0,0.0485790601241492,0.0485790601241492,0.5,0,0.9,2.39153515300631,0
0.68,0.899255845014286,0.100744154985613,0,0,NaN,0,0,0.0503720774928065,0.0503720774928065,0.5,0,0.9,2.41247108814619,0
0.685,0.895580370076477,0.104419629923422,0,0,NaN,0,0,0.0522098149617108,0.0522098149617108,0.5,0,0.9,2.43319935263295,0
0.69,0.891814816497454,0.108185183502445,0,0,NaN,0,0,0.0540925917512223,0.0540925917512223,0.5,0,0.9,2.45371483207749,0
0.695,0.887958598144024,0.112041401855874,0,0,NaN,0,0,0.0560207009279372,0.0560207009279372,0.5,0,0.9,2.47401246459225,0
0.7,0.884011182903046,0.115988817096853,0,0,NaN,0,0,0.0579944085484266,0.0579944085484266,0.5,0,0.9,2.49408724204012,0
0.705,0.879972094356355,0.120027905643544,0,0,NaN,0,0,0.0600139528217719,0.0600139528217719,0.5,0,0.9,2.51393421127016,0
0.71,0.875840913414436,0.124159086585463,0,0,NaN,0,0,0.0620795432927314,0.0620795432927314,0.5,0,0.9,2.53354847533967,0
0.715,0.87161727990515,0.128382720094748,0,0,NaN,0,0,0.0641913600473741,0.0641913600473741,0.5,0,0.9,2.55292519472251,0
0.72,0.867300894113864,0.132699105886034,0,0,NaN,0,0,0.0663495529430171,0.0663495529430171,0.5,0,0.9,2.57205958850309,0
0.725,0.862891518271306,0.137108481728593,0,0,NaN,0,0,0.0685542408642964,0.0685542408642964,0.5,0,0.9,2.59094693555606,0
0.73,0.858388977985521,0.141611022014378,0,0,NaN,0,0,0.0708055110071888,0.0708055110071888,0.5,0,0.9,2.60958257571117,0
0.735,0.853793163614319,0.14620683638558,0,0,NaN,0,0,0.07310341819279,0.07310341819279,0.5,0,0.9,2.62796191090305,0
0.74,0.849104031574639,0.15089596842526,0,0,NaN,0,0,0.07544798421263,0.07544798421263,0.5,0,0.9,2.64608040630576,0
0.745,0.844321605585329,0.15567839441457,0,0,NaN,0,0,0.0778391972072851,0.0778391972072851,0.5,0,0.9,2.66393359145167,0
0.75,0.839445977839874,0.160554022160025,0,0,NaN,0,0,0.0802770110800124,0.0802770110800124,0.5,0,0.9,2.68151706133449,0
0.755,0.834477310105697,0.165522689894202,0,0,NaN,0,0,0.0827613449471008,0.0827613449471008,0.5,0,0.9,2.69882647749613,0
0.76,0.829415834746723,0.170584165253176,0,0,NaN,0,0,0.0852920826265879,0.0852920826265879,0.5,0,0.9,2.71585756909717,0
0.765,0.824261855665998,0.175738144333901,0,0,NaN,0,0,0.0878690721669505,0.0878690721669505,0.5,0,0.9,2.73260613397058,0
0.77,0.819015749165251,0.180984250834647,0,0,NaN,0,0,0.0904921254173237,0.0904921254173237,0.5,0,0.9,2.74906803965861,0
0.775,0.813677964718402,0.186322035281496,0,0,NaN,0,0,0.0931610176407482,0.0931610176407482,0.5,0,0.9,2.76523922443235,0
0.78,0.808249025656125,0.191750974343773,0,0,NaN,0,0,0.0958754871718866,0.0958754871718866,0.5,0,0.9,2.78111569829393,0
0.785,0.802729529758739,0.19727047024116,0,0,NaN,0,0,0.0986352351205799,0.0986352351205799,0.5,0,0.9,2.79669354396099,0
0.79,0.797120149754798,0.2028798502451,0,0,NaN,0,0,0.10143992512255,0.10143992512255,0.5,0,0.9,2.81196891783321,0
0.795,0.791421633722946,0.208578366276952,0,0,NaN,0,0,0.104289183138476,0.104289183138476,0.5,0,0.9,2.82693805094065,0
0.8,0.785634805394718,0.21436519460518,0,0,NaN,0,0,0.10718259730259,0.10718259730259,0.5,0,0.9,2.84159724987371,0
0.805,0.779760564356177,0.220239435643722,0,0,NaN,0,0,0.110119717821861,0.110119717821861,0.5,0,0.9,2.85594289769441,0
0.81,0.773799886146424,0.226200113853474,0,0,NaN,0,0,0.113100056926737,0.113100056926737,0.5,0,0.9,2.86997145482879,0
0.815,0.767753822251228,0.232246177748671,0,0,NaN,0,0,0.116123088874336,0.116123088874336,0.5,0,0.9,2.88367945994031,0
0.82,0.761623499990184,0.238376500009715,0,0,NaN,0,0,0.119188250004857,0.119188250004857,0.5,0,0.9,2.89706353078382,0
0.825,0.755410122296061,0.244589877703838,0,0,NaN,0,0,0.122294938851919,0.122294938851919,0.5,0,0.9,2.9101203650401,0
0.83,0.749114967385137,0.250885032614762,0,0,NaN,0,0,0.125442516307381,0.125442516307381,0.5,0,0.9,2.92284674113069,0
0.835,0.742739388317611,0.257260611682288,0,0,NaN,0,0,0.128630305841144,0.128630305841144,0.5,0,0.9,2.9352395190127,0
0.84,0.736284812447341,0.263715187552558,0,0,NaN,0,0,0.131857593776279,0.131857593776279,0.5,0,0.9,2.94729564095363,0
0.845,0.729752740760415,0.270247259239484,0,0,NaN,0,0,0.135123629619742,0.135123629619742,0.5,0,0.9,2.95901213228579,0
0.85,0.723144747102288,0.276855252897611,0,0,NaN,0,0,0.138427626448806,0.138427626448806,0.5,0,0.9,2.97038610214027,0
0.855,0.716462477293446,0.283537522706453,0,0,NaN,0,0,0.141768761353227,0.141768761353227,0.5,0,0.9,2.9814147441602,0
0.86,0.709707648133801,0.290292351866098,0,0,NaN,0,0,0.145146175933049,0.145146175933049,0.5,0,0.9,2.99209533719317,0
0.865,0.702882046296271,0.297117953703627,0,0,NaN,0,0,0.148558976851814,0.148558976851814,0.5,0,0.9,3.00242524596269,0
0.87,0.695987527110223,0.304012472889676,0,0,NaN,0,0,0.152006236444838,0.152006236444838,0.5,0,0.9,3.01240192171832,0
0.875,0.689026013235724,0.310973986764175,0,0,NaN,0,0,0.155486993382088,0.155486993382088,0.5,0,0.9,3.02202290286461,0
0.88,0.681999493229784,0.318000506770115,0,0,NaN,0,0,0.159000253385057,0.159000253385057,0.5,0,0.9,3.03128581556843,0
0.885,0.674910020006012,0.325089979993887,0,0,NaN,0,0,0.162544989996943,0.162544989996943,0.5,0,0.9,3.04018837434466,0
0.89,0.667759709189362,0.332240290810537,0,0,NaN,0,0,0.166120145405268,0.166120145405268,0.5,0,0.9,3.04872838262015,0
0.895,0.660550737367897,0.339449262632002,0,0,NaN,0,0,0.169724631316001,0.169724631316001,0.5,0,0.9,3.05690373327564,0
0.9,0.653285340243716,0.346714659756183,0,0,NaN,0,0,0.173357329878091,0.173357329878091,0.5,0,0.9,3.06471240916567,0
0.905,0.645965810685465,0.354034189314434,0,0,NaN,0,0,0.177017094657217,0.177017094657217,0.5,0,0.9,3.07215248361633,0
0.91,0.638594496685046,0.361405503314853,0,0,NaN,0,0,0.180702751657426,0.180702751657426,0.5,0,0.9,3.07922212090057,0
0.915,0.63117379922141,0.368826200778488,0,0,NaN,0,0,0.184413100389244,0.184413100389244,0.5,0,0.9,3.08591957669117,0
0.92,0.623706170034518,0.376293829965381,0,0,NaN,0,0,0.188146914982691,0.188146914982691,0.5,0,0.9,3.09224319849114,0
0.925,0.616194109312776,0.383805890687122,0,0,NaN,0,0,0.191902945343561,0.191902945343561,0.5,0,0.9,3.09819142604141,0
0.93,0.608640163297493,0.391359836702405,0,0,NaN,0,0,0.195679918351203,0.195679918351203,0.5,0,0.9,3.10376279170585,0
0.935,0.601046921808061,0.398953078191837,0,0,NaN,0,0,0.199476539095919,0.199476539095919,0.5,0,0.9,3.10895592083334,0
0.94,0.593417015691813,0.406582984308085,0,0,NaN,0,0,0.203291492154043,0.203291492154043,0.5,0,0.9,3.11376953209698,0
0.945,0.585753114202665,0.414246885797234,0,0,NaN,0,0,0.207123442898617,0.207123442898617,0.5,0,0.9,3.11820243781021,0
0.95,0.578057922312834,0.421942077687065,0,0,NaN,0,0,0.210971038843533,0.210971038843533,0.5,0,0.9,3.12225354421989,0
0.955,0.570334177962115,0.429665822037784,0,0,NaN,0,0,0.214832911018892,0.214832911018892,0.5,0,0.9,3.12592185177611,0
0.96,0.562584649249319,0.43741535075058,0,0,NaN,0,0,0.21870767537529,0.21870767537529,0.5,0,0.9,3.12920645537889,0
0.965,0.554812131570667,0.445187868429232,0,0,NaN,0,0,0.222593934214616,0.222593934214616,0.5,0,0.9,3.13210654460144,0
0.97,0.547019444710025,0.452980555289874,0,0,NaN,0,0,0.226490277644937,0.226490277644937,0.5,0,0.9,3.13462140389013,0
0.975,0.539209429886035,0.460790570113864,0,0,NaN,0,0,0.230395285056932,0.230395285056932,0.5,0,0.9,3.13675041274106,0
0.98,0.531384946761264,0.468615053238635,0,0,NaN,0,0,0.234307526619318,0.234307526619318,0.5,0,0.9,3.13849304585315,0
0.985,0.523548870418624,0.476451129581275,0,0,NaN,0,0,0.238225564790638,0.238225564790638,0.5,0,0.9,3.13984887325777,0
0.99,0.515704088310381,0.484295911689517,0,0,NaN,0,0,0.242147955844759,0.242147955844759,0.5,0,0.9,3.14081756042479,0
0.995,0.507853497185155,0.492146502814743,0,0,NaN,0,0,0.246073251407372,0.246073251407372,0.5,0,0.9,3.14139886834514,0
1,0.499999999998356,0.500000000001543,0,0,NaN,0,0,0.250000000000772,0.250000000000772,0.5,0,0.9,3.14159265358979,0
1.005,0.492146502811556,0.507853497188342,0,0,NaN,0,0,0.253926748594171,0.253926748594171,0.5,0,0.9,3.14139886834514,0
1.01,0.484295911686331,0.515704088313567,0,0,NaN,0,0,0.257852044156784,0.257852044156784,0.5,0,0.9,3.14081756042479,0
1.015,0.476451129578091,0.523548870421808,0,0,NaN,0,0,0.261774435210904,0.261774435210904,0.5,0,0.9,3.13984887325777,0
1.02,0.468615053235453,0.531384946764445,0,0,NaN,0,0,0.265692473382223,0.265692473382223,0.5,0,0.9,3.13849304585315,0
1.025,0.460790570110686,0.539209429889213,0,0,NaN,0,0,0.269604714944606,0.269604714944606,0.5,0,0.9,3.13675041274106,0
1.03,0.4529805552867,0.547019444713199,0,0,NaN,0,0,0.273509722356599,0.273509722356599,0.5,0,0.9,3.13462140389013,0
1.035,0.445187868426063,0.554812131573836,0,0,NaN,0,0,0.277406065786918,0.277406065786918,0.5,0,0.9,3.13210654460144,0
1.04,0.437415350747416,0.562584649252483,0,0,NaN,0,0,0.281292324626241,0.281292324626241,0.5,0,0.9,3.12920645537889,0
1.045,0.429665822034627,0.570334177965271,0,0,NaN,0,0,0.285167088982636,0.285167088982636,0.5,0,0.9,3.12592185177611,0
1.05,0.421942077683915,0.578057922315983,0,0,NaN,0,0,0.289028961157992,0.289028961157992,0.5,0,0.9,3.12225354421989,0
1.055,0.414246885794093,0.585753114205806,0,0,NaN,0,0,0.292876557102903,0.292876557102903,0.5,0,0.9,3.11820243781021,0
1.06,0.406582984304952,0.593417015694947,0,0,NaN,0,0,0.296708507847473,0.296708507847473,0.5,0,0.9,3.11376953209698,0
1.065,0.398953078188714,0.601046921811185,0,0,NaN,0,0,0.300523460905592,0.300523460905592,0.5,0,0.9,3.10895592083334,0
1.07,0.391359836699292,0.608640163300607,0,0,NaN,0,0,0.304320081650304,0.304320081650304,0.5,0,0.9,3.10376279170585,0
1.075,0.38380589068402,0.616194109315879,0,0,NaN,0,0,0.308097054657939,0.308097054657939,0.5,0,0.9,3.09819142604141,0
1.08,0.37629382996229,0.623706170037609,0,0,NaN,0,0,0.311853085018804,0.311853085018804,0.5,0,0.9,3.09224319849114,0
1.085,0.36882620077541,0.631173799224489,0,0,NaN,0,0,0.315586899612244,0.315586899612244,0.5,0,0.9,3.08591957669117,0
1.09,0.361405503311788,0.638594496688111,0,0,NaN,0,0,0.319297248344056,0.319297248344056,0.5,0,0.9,3.07922212090057,0
1.095,0.354034189311383,0.645965810688516,0,0,NaN,0,0,0.322982905344258,0.322982905344258,0.5,0,0.9,3.07215248361633,0
1.1,0.346714659753146,0.653285340246753,0,0,NaN,0,0,0.326642670123376,0.326642670123376,0.5,0,0.9,3.06471240916567,0
1.105,0.339449262628981,0.660550737370918,0,0,NaN,0,0,0.330275368685459,0.330275368685459,0.5,0,0.9,3.05690373327564,0
1.11,0.332240290807531,0.667759709192368,0,0,NaN,0,0,0.333879854596184,0.333879854596184,0.5,0,0.9,3.04872838262015,0
1.115,0.325089979990898,0.674910020009001,0,0,NaN,0,0,0.337455010004501,0.337455010004501,0.5,0,0.9,3.04018837434466,0
1.12,0.318000506767143,0.681999493232756,0,0,NaN,0,0,0.340999746616378,0.340999746616378,0.5,0,0.9,3.03128581556843,0
1.125,0.310973986761221,0.689026013238678,0,0,NaN,0,0,0.344513006619339,0.344513006619339,0.5,0,0.9,3.02202290286461,0
1.13,0.304012472886741,0.695987527113158,0,0,NaN,0,0,0.347993763556579,0.347993763556579,0.5,0,0.9,3.01240192171832,0
1.135,0.297117953700711,0.702882046299188,0,0,NaN,0,0,0.351441023149594,0.351441023149594,0.5,0,0.9,3.00242524596269,0
1.14,0.290292351863201,0.709707648136698,0,0,NaN,0,0,0.354853824068349,0.354853824068349,0.5,0,0.9,2.99209533719317,0
1.145,0.283537522703577,0.716462477296323,0,0,NaN,0,0,0.358231238648161,0.358231238648161,0.5,0,0.9,2.9814147441602,0
1.15,0.276855252894755,0.723144747105144,0,0,NaN,0,0,0.361572373552572,0.361572373552572,0.5,0,0.9,2.97038610214027,0
1.155,0.27024725923665,0.729752740763249,0,0,NaN,0,0,0.364876370381625,0.364876370381625,0.5,0,0.9,2.95901213228579,0
1.16,0.263715187549746,0.736284812450153,0,0,NaN,0,0,0.368142406225077,0.368142406225077,0.5,0,0.9,2.94729564095363,0
1.165,0.257260611679498,0.742739388320402,0,0,NaN,0,0,0.371369694160201,0.371369694160201,0.5,0,0.9,2.9352395190127,0
1.17,0.250885032611995,0.749114967387904,0,0,NaN,0,0,0.374557483693952,0.374557483693952,0.5,0,0.9,2.92284674113069,0
1.175,0.244589877701094,0.755410122298805,0,0,NaN,0,0,0.377705061149403,0.377705061149403,0.5,0,0.9,2.9101203650401,0
1.18,0.238376500006995,0.761623499992904,0,0,NaN,0,0,0.380811749996452,0.380811749996452,0.5,0,0.9,2.89706353078382,0
1.185,0.232246177745976,0.767753822253923,0,0,NaN,0,0,0.383876911126962,0.383876911126962,0.5,0,0.9,2.88367945994031,0
1.19,0.226200113850803,0.773799886149095,0,0,NaN,0,0,0.386899943074548,0.386899943074548,0.5,0,0.9,2.86997145482879,0
1.195,0.220239435641076,0.779760564358823,0,0,NaN,0,0,0.389880282179411,0.389880282179411,0.5,0,0.9,2.85594289769441,0
1.2,0.21436519460256,0.785634805397338,0,0,NaN,0,0,0.392817402698669,0.392817402698669,0.5,0,0.9,2.84159724987371,0
1.205,0.208578366274358,0.79142163372554,0,0,NaN,0,0,0.39571081686277,0.39571081686277,0.5,0,0.9,2.82693805094065,0
1.21,0.202879850242533,0.797120149757366,0,0,NaN,0,0,0.398560074878683,0.398560074878683,0.5,0,0.9,2.81196891783321,0
1.215,0.197270470238619,0.80272952976128,0,0,NaN,0,0,0.40136476488064,0.40136476488064,0.5,0,0.9,2.79669354396099,0
1.22,0.191750974341259,0.808249025658639,0,0,NaN,0,0,0.40412451282932,0.40412451282932,0.5,0,0.9,2.78111569829393,0
1.225,0.18632203527901,0.813677964720889,0,0,NaN,0,0,0.406838982360444,0.406838982360444,0.5,0,0.9,2.76523922443235,0
1.23,0.180984250832189,0.81901574916771,0,0,NaN,0,0,0.409507874583855,0.409507874583855,0.5,0,0.9,2.74906803965861,0
1.235,0.17573814433147,0.824261855668428,0,0,NaN,0,0,0.412130927834214,0.412130927834214,0.5,0,0.9,2.73260613397058,0
1.24,0.170584165250774,0.829415834749125,0,0,NaN,0,0,0.414707917374562,0.414707917374562,0.5,0,0.9,2.71585756909717,0
1.245,0.165522689891828,0.834477310108071,0,0,NaN,0,0,0.417238655054035,0.417238655054035,0.5,0,0.9,2.69882647749613,0
1.25,0.16055402215768,0.839445977842218,0,0,NaN,0,0,0.419722988921109,0.419722988921109,0.5,0,0.9,2.68151706133449,0
1.255,0.155678394412255,0.844321605587644,0,0,NaN,0,0,0.422160802793822,0.422160802793822,0.5,0,0.9,2.66393359145167,0
1.26,0.150895968422974,0.849104031576925,0,0,NaN,0,0,0.424552015788462,0.424552015788462,0.5,0,0.9,2.64608040630576,0
1.265,0.146206836383323,0.853793163616575,0,0,NaN,0,0,0.426896581808288,0.426896581808288,0.5,0,0.9,2.62796191090305,0
1.27,0.14161102201215,0.858388977987748,0,0,NaN,0,0,0.429194488993874,0.429194488993874,0.5,0,0.9,2.60958257571117,0
1.275,0.137108481726396,0.862891518273503,0,0,NaN,0,0,0.431445759136751,0.431445759136751,0.5,0,0.9,2.59094693555606,0
1.28,0.132699105883867,0.867300894116031,0,0,NaN,0,0,0.433650447058016,0.433650447058016,0.5,0,0.9,2.57205958850309,0
1.285,0.128382720092611,0.871617279907287,0,0,NaN,0,0,0.435808639953644,0.435808639953644,0.5,0,0.9,2.55292519472251,0
1.29,0.124159086583356,0.875840913416542,0,0,NaN,0,0,0.437920456708271,0.437920456708271,0.5,0,0.9,2.53354847533967,0
1.295,0.120027905641468,0.879972094358431,0,0,NaN,0,0,0.439986047179215,0.439986047179215,0.5,0,0.9,2.51393421127016,0
1.3,0.115988817094807,0.884011182905091,0,0,NaN,0,0,0.442005591452546,0.442005591452546,0.5,0,0.9,2.49408724204013,0
1.305,0.112041401853859,0.887958598146039,0,0,NaN,0,0,0.44397929907302,0.44397929907302,0.5,0,0.9,2.47401246459225,0
1.31,0.10818518350046,0.891814816499439,0,0,NaN,0,0,0.445907408249719,0.445907408249719,0.5,0,0.9,2.45371483207749,0
1.315,0.104419629921468,0.895580370078431,0,0,NaN,0,0,0.447790185039215,0.447790185039215,0.5,0,0.9,2.43319935263295,0
1.32,0.10074415498369,0.899255845016209,0,0,NaN,0,0,0.449627922508104,0.449627922508104,0.5,0,0.9,2.41247108814619,0
1.325,0.0971581202464059,0.902841879753493,0,0,NaN,0,0,0.451420939876746,0.451420939876746,0.5,0,0.9,2.39153515300632,0
1.33,0.0936608367078293,0.906339163292069,0,0,NaN,0,0,0.453169581646035,0.453169581646035,0.5,0,0.9,2.37039671284205,0
1.335,0.0902515665818762,0.909748433418022,0,0,NaN,0,0,0.454874216709011,0.454874216709011,0.5,0,0.9,2.34906098324721,0
1.34,0.0869295251016435,0.913070474898255,0,0,NaN,0,0,0.456535237449127,0.456535237449127,0.5,0,0.9,2.32753322849382,0
1.345,0.0836938823460334,0.916306117653865,0,0,NaN,0,0,0.458153058826932,0.458153058826932,0.5,0,0.9,2.30581876023322,0
1.35,0.0805437650860066,0.919456234913892,0,0,NaN,0,0,0.459728117456946,0.459728117456946,0.5,0,0.9,2.28392293618556,0
1.355,0.0774782586470046,0.922521741352894,0,0,NaN,0,0,0.461260870676447,0.461260870676447,0.5,0,0.9,2.26185115881776,0
1.36,0.0744964087841315,0.925503591215767,0,0,NaN,0,0,0.462751795607883,0.462751795607883,0.5,0,0.9,2.23960887401065,0
1.365,0.0715972235667632,0.928402776433135,0,0,NaN,0,0,0.464201388216568,0.464201388216568,0.5,0,0.9,2.21720156971516,0
1.37,0.0687796752693093,0.931220324730589,0,0,NaN,0,0,0.465610162365295,0.465610162365295,0.5,0,0.9,2.19463477459835,0
1.375,0.066042702264944,0.933957297734954,0,0,NaN,0,0,0.466978648867477,0.466978648867477,0.5,0,0.9,2.17191405667924,0
1.38,0.0633852109191912,0.936614789080707,0,0,NaN,0,0,0.468307394540354,0.468307394540354,0.5,0,0.9,2.149045021955,0
1.385,0.0608060774803436,0.939193922519555,0,0,NaN,0,0,0.469596961259777,0.469596961259777,0.5,0,0.9,2.12603331301775,0
1.39,0.0583041499637852,0.941695850036113,0,0,NaN,0,0,0.470847925018056,0.470847925018056,0.5,0,0.9,2.10288460766234,0
1.395,0.0558782500273744,0.944121749972524,0,0,NaN,0,0,0.472060874986262,0.472060874986262,0.5,0,0.9,2.07960461748544,0
1.4,0.0535271748351535,0.946472825164744,0,0,NaN,0,0,0.473236412582372,0.473236412582372,0.5,0,0.9,2.05619908647626,0
1.405,0.05124969890674,0.948750301093158,0,0,NaN,0,0,0.474375150546579,0.474375150546579,0.5,0,0.9,2.03267378959938,0
1.41,0.0490445759498685,0.950955424050029,0,0,NaN,0,0,0.475477712025015,0.475477712025015,0.5,0,0.9,2.00903453136976,0
1.415,0.0469105406736491,0.953089459326249,0,0,NaN,0,0,0.476544729663124,0.476544729663124,0.5,0,0.9,1.98528714442067,0
1.42,0.0448463105802234,0.955153689419675,0,0,NaN,0,0,0.477576844709837,0.477576844709837,0.5,0,0.9,1.96143748806449,0
1.425,0.0428505877326015,0.957149412267297,0,0,NaN,0,0,0.478574706133648,0.478574706133648,0.5,0,0.9,1.93749144684705,0
1.43,0.0409220604965804,0.959077939503318,0,0,NaN,0,0,0.479538969751659,0.479538969751659,0.5,0,0.9,1.91345492909572,0
1.435,0.0390594052547489,0.960940594745149,0,0,NaN,0,0,0.480470297372575,0.480470297372575,0.5,0,0.9,1.88933386546158,0
1.44,0.0372612880907014,0.962738711909197,0,0,NaN,0,0,0.481369355954598,0.481369355954598,0.5,0,0.9,1.86513420745615,0
1.445,0.03552636644169,0.964473633558208,0,0,NaN,0,0,0.482236816779104,0.482236816779104,0.5,0,0.9,1.84086192598294,0
1.45,0.0338532907180612,0.966146709281837,0,0,NaN,0,0,0.483073354640918,0.483073354640918,0.5,0,0.9,1.81652300986422,0
1.455,0.0322407058879284,0.96775929411197,0,0,NaN,0,0,0.483879647055985,0.483879647055985,0.5,0,0.9,1.79212346436333,0
1.46,0.0306872530256488,0.969312746974249,0,0,NaN,0,0,0.484656373487125,0.484656373487125,0.5,0,0.9,1.76766930970303,0
1.465,0.029191570822777,0.970808429177121,0,0,NaN,0,0,0.485404214588561,0.485404214588561,0.5,0,0.9,1.74316657958008,0
1.47,0.0277522970602808,0.972247702939617,0,0,NaN,0,0,0.486123851469809,0.486123851469809,0.5,0,0.9,1.71862131967648,0
1.475,0.0263680700409076,0.973631929958991,0,0,NaN,0,0,0.486815964979495,0.486815964979495,0.5,0,0.9,1.69403958616784,0
1.48,0.0250375299806985,0.9749624700192,0,0,NaN,0,0,0.4874812350096,0.4874812350096,0.5,0,0.9,1.66942744422908,0
1.485,0.023759320358748,0.97624067964115,0,0,NaN,0,0,0.488120339820575,0.488120339820575,0.5,0,0.9,1.64479096653795,0
1.49,0.0225320892244109,0.977467910775488,0,0,NaN,0,0,0.488733955387744,0.488733955387744,0.5,0,0.9,1.62013623177666,0
1.495,0.021354490461254,0.978645509538644,0,0,NaN,0,0,0.489322754769322,0.489322754769322,0.5,0,0.9,1.59546932313211,0
1.5,0.0202251850071522,0.979774814992746,0,0,NaN,0,0,0.489887407496373,0.489887407496373,0.5,0,0.9,1.5707963267949,0
1.505,0.0191428420300159,0.980857157969882,0,0,NaN,0,0,0.490428578984941,0.490428578984941,0.5,0,0.9,1.54612333045769,0
1.51,0.0181061400587349,0.981893859941164,0,0,NaN,0,0,0.490946929970582,0.490946929970582,0.5,0,0.9,1.52145642181313,0
1.515,0.0171137680690078,0.982886231930891,0,0,NaN,0,0,0.491443115965445,0.491443115965445,0.5,0,0.9,1.49680168705185,0
1.52,0.0161644265238164,0.983835573476082,0,0,NaN,0,0,0.491917786738041,0.491917786738041,0.5,0,0.9,1.47216520936071,0
1.525,0.0152568283683823,0.984743171631516,0,0,NaN,0,0,0.492371585815758,0.492371585815758,0.5,0,0.9,1.44755306742195,0
1.53,0.0143896999795288,0.985610300020369,0,0,NaN,0,0,0.492805150010185,0.492805150010185,0.5,0,0.9,1.42297133391331,0
1.535,0.013561782069444,0.986438217930454,0,0,NaN,0,0,0.493219108965227,0.493219108965227,0.5,0,0.9,1.39842607400972,0
1.54,0.0127718305439164,0.987228169455982,0,0,NaN,0,0,0.493614084727991,0.493614084727991,0.5,0,0.9,1.37392334388676,0
1.545,0.0120186173151863,0.987981382684712,0,0,NaN,0,0,0.493990691342356,0.493990691342356,0.5,0,0.9,1.34946918922647,0
1.55,0.0113009310696211,0.988699068930277,0,0,NaN,0,0,0.494349534465139,0.494349534465139,0.5,0,0.9,1.32506964372558,0
1.555,0.0106175779904908,0.989382422009408,0,0,NaN,0,0,0.494691211004704,0.494691211004704,0.5,0,0.9,1.30073072760685,0
1.56,0.00996738243617834,0.99003261756372,0,0,NaN,0,0,0.49501630878186,0.49501630878186,0.5,0,0.9,1.27645844613364,0
1.565,0.00934918757421892,0.99065081242568,0,0,NaN,0,0,0.49532540621284,0.49532540621284,0.5,0,0.9,1.25225878812822,0
1.57,0.00876185597161873,0.99123814402828,0,0,NaN,0,0,0.49561907201414,0.49561907201414,0.5,0,0.9,1.22813772449407,0
1.575,0.00820427014195369,0.991795729857945,0,0,NaN,0,0,0.495897864928972,0.495897864928972,0.5,0,0.9,1.20410120674274,0
1.58,0.00767533304979902,0.9923246669501,0,0,NaN,0,0,0.49616233347505,0.49616233347505,0.5,0,0.9,1.1801551655253,0
1.585,0.00717396857308701,0.992826031426812,0,0,NaN,0,0,0.496413015713406,0.496413015713406,0.5,0,0.9,1.15630550916912,0
1.59,0.00669912192403245,0.993300878075866,0,0,NaN,0,0,0.496650439037933,0.496650439037933,0.5,0,0.9,1.13255812222003,0
1.595,0.00624976002930696,0.993750239970592,0,0,NaN,0,0,0.496875119985296,0.496875119985296,0.5,0,0.9,1.10891886399042,0
1.6,0.00582487187017961,0.994175128129719,0,0,NaN,0,0,0.49708756406486,0.49708756406486,0.5,0,0.9,1.08539356711353,0
1.605,0.0054234687833777,0.994576531216521,0,0,NaN,0,0,0.497288265608261,0.497288265608261,0.5,0,0.9,1.06198803610436,0
1.61,0.00504458472345244,0.994955415276446,0,0,NaN,0,0,0.497477707638223,0.497477707638223,0.5,0,0.9,1.03870804592745,0
1.615,0.00468727648746517,0.995312723512434,0,0,NaN,0,0,0.497656361756217,0.497656361756217,0.5,0,0.9,1.01555934057204,0
1.62,0.00435062390283605,0.995649376097063,0,0,NaN,0,0,0.497824688048531,0.497824688048531,0.5,0,0.9,0.99254763163479,0
1.625,0.00403372997922308,0.995966270020676,0,0,NaN,0,0,0.497983135010338,0.497983135010338,0.5,0,0.9,0.96967859691055,0
1.63,0.00373572102532075,0.996264278974578,0,0,NaN,0,0,0.498132139487289,0.498132139487289,0.5,0,0.9,0.946957878991443,0
1.635,0.00345574673148926,0.996544253268409,0,0,NaN,0,0,0.498272126634205,0.498272126634205,0.5,0,0.9,0.924391083874634,0
1.64,0.00319298021914263,0.996807019780756,0,0,NaN,0,0,0.498403509890378,0.498403509890378,0.5,0,0.9,0.901983779579148,0
1.645,0.00294661805784055,0.997053381942058,0,0,NaN,0,0,0.498526690971029,0.498526690971029,0.5,0,0.9,0.879741494772029,0
1.65,0.00271588025104377,0.997284119748855,0,0,NaN,0,0,0.498642059874427,0.498642059874427,0.5,0,0.9,0.857669717404237,0
1.655,0.00250001019150431,0.997499989808394,0,0,NaN,0,0,0.498749994904197,0.498749994904197,0.5,0,0.9,0.83577389335657,0
1.66,0.00229827458727369,0.997701725412625,0,0,NaN,0,0,0.498850862706312,0.498850862706312,0.5,0,0.9,0.814059425095977,0
1.665,0.00210996335932063,0.997890036640578,0,0,NaN,0,0,0.498945018320289,0.498945018320289,0.5,0,0.9,0.792531670342581,0
1.67,0.00193438951175795,0.998065610488141,0,0,NaN,0,0,0.49903280524407,0.49903280524407,0.5,0,0.9,0.77119594074774,0
1.675,0.00177088897568396,0.998229111024215,0,0,NaN,0,0,0.499114555512107,0.499114555512107,0.5,0,0.9,0.750057500583478,0
1.68,0.00161882042764894,0.99838117957225,0,0,NaN,0,0,0.499190589786125,0.499190589786125,0.5,0,0.9,0.729121565443608,0
1.685,0.00147756508376003,0.998522434916139,0,0,NaN,0,0,0.499261217458069,0.499261217458069,0.5,0,0.9,0.708393300956848,0
1.69,0.00134652647044089,0.998653473529458,0,0,NaN,0,0,0.499326736764729,0.499326736764729,0.5,0,0.9,0.687877821512302,0
1.695,0.00122513017286263,0.998774869827036,0,0,NaN,0,0,0.499387434913518,0.499387434913518,0.5,0,0.9,0.667580188997541,0
1.7,0.00111282356206328,0.998887176437836,0,0,NaN,0,0,0.499443588218918,0.499443588218918,0.5,0,0.9,0.647505411549668,0
1.705,0.00100907550177141,0.998990924498128,0,0,NaN,0,0,0.499495462249064,0.499495462249064,0.5,0,0.9,0.627658442319634,0
1.71,0.000913376035947878,0.999086623963951,0,0,NaN,0,0,0.499543311981975,0.499543311981975,0.5,0,0.9,0.608044178250119,0
1.715,0.000825236058056645,0.999174763941842,0,0,NaN,0,0,0.499587381970921,0.499587381970921,0.5,0,0.9,0.588667458867286,0
1.72,0.000744186963071925,0.999255813036827,0,0,NaN,0,0,0.499627906518414,0.499627906518414,0.5,0,0.9,0.569533065086708,0
1.725,0.000669780283224459,0.999330219716674,0,0,NaN,0,0,0.499665109858337,0.499665109858337,0.5,0,0.9,0.550645718033729,0
1.73,0.000601587308484598,0.999398412691414,0,0,NaN,0,0,0.499699206345707,0.499699206345707,0.5,0,0.9,0.532010077878623,0
1.735,0.000539198692773846,0.999460801307125,0,0,NaN,0,0,0.499730400653563,0.499730400653563,0.5,0,0.9,0.513630742686744,0
1.74,0.000482224046890251,0.999517775953009,0,0,NaN,0,0,0.499758887976504,0.499758887976504,0.5,0,0.9,0.495512247284035,0
1.745,0.000430291519125754,0.999569708480773,0,0,NaN,0,0,0.499784854240387,0.499784854240387,0.5,0,0.9,0.477659062138125,0
1.75,0.000383047364546216,0.999616952635353,0,0,NaN,0,0,0.499808476317676,0.499808476317676,0.5,0,0.9,0.460075592255305,0
1.755,0.000340155503896484,0.999659844496002,0,0,NaN,0,0,0.499829922248001,0.499829922248001,0.5,0,0.9,0.442766176093662,0
1.76,0.000301297073084458,0.999698702926815,0,0,NaN,0,0,0.499849351463407,0.499849351463407,0.5,0,0.9,0.425735084492626,0
1.765,0.000266169964188916,0.99973383003571,0,0,NaN,0,0,0.499866915017855,0.499866915017855,0.5,0,0.9,0.40898651961921,0
1.77,0.000234488358926391,0.999765511640973,0,0,NaN,0,0,0.499882755820486,0.499882755820486,0.5,0,0.9,0.39252461393118,0
1.775,0.000205982255502515,0.999794017744397,0,0,NaN,0,0,0.499897008872198,0.499897008872198,0.5,0,0.9,0.376353429157442,0
1.78,0.000180396989762841,0.999819603010136,0,0,NaN,0,0,0.499909801505068,0.499909801505068,0.5,0,0.9,0.360476955295862,0
1.785,0.00015749275154756,0.999842507248352,0,0,NaN,0,0,0.499921253624176,0.499921253624176,0.5,0,0.9,0.344899109628804,0
1.79,0.000137044097143336,0.999862955902756,0,0,NaN,0,0,0.499931477951378,0.499931477951378,0.5,0,0.9,0.329623735756586,0
1.795,0.000118839458714157,0.999881160541185,0,0,NaN,0,0,0.499940580270593,0.499940580270593,0.5,0,0.9,0.314654602649144,0
1.8,0.00010268065158119,0.999897319348318,0,0,NaN,0,0,0.499948659674159,0.499948659674159,0.5,0,0.9,0.299995403716082,0
1.805,8.83823802095714e-05,0.99991161761969,0,0,NaN,0,0,0.499955808809845,0.499955808809845,0.5,0,0.9,0.285649755895387,0
1.81,7.57717437474794e-05,0.999924228256152,0,0,NaN,0,0,0.499962114128076,0.499962114128076,0.5,0,0.9,0.271621198761002,0
1.815,6.4687741950026e-05,0.999935312257949,0,0,NaN,0,0,0.499967656128975,0.499967656128975,0.5,0,0.9,0.257913193649483,0
1.82,5.49807823072652e-05,0.999945019217592,0,0,NaN,0,0,0.499972509608796,0.499972509608796,0.5,0,0.9,0.244529122805976,0
1.825,4.65121891820685e-05,0.999953487810717,0,0,NaN,0,0,0.499976743905359,0.499976743905359,0.5,0,0.9,0.231472288549692,0
1.83,3.91537157496709e-05,0.99996084628415,0,0,NaN,0,0,0.499980423142075,0.499980423142075,0.5,0,0.9,0.218745912459108,0
1.835,3.27870595164229e-05,0.999967212940383,0,0,NaN,0,0,0.499983606470192,0.499983606470192,0.5,0,0.9,0.206353134577098,0
1.84,2.73033821806072e-05,0.999972696617719,0,0,NaN,0,0,0.499986348308859,0.499986348308859,0.5,0,0.9,0.194297012636165,0
1.845,2.2602834583163e-05,0.999977397165316,0,0,NaN,0,0,0.499988698582658,0.499988698582658,0.5,0,0.9,0.182580521304,0
1.85,1.85940874807368e-05,0.999981405912418,0,0,NaN,0,0,0.499990702956209,0.499990702956209,0.5,0,0.9,0.17120655144952,0
1.855,1.51938688576903e-05,0.999984806131042,0,0,NaN,0,0,0.499992403065521,0.499992403065521,0.5,0,0.9,0.160177909429596,0
1.86,1.2326508477496e-05,0.999987673491422,0,0,NaN,0,0,0.499993836745711,0.499993836745711,0.5,0,0.9,0.14949731639662,0
1.865,9.92349035737333e-06,0.999990076509542,0,0,NaN,0,0,0.499995038254771,0.499995038254771,0.5,0,0.9,0.139167407627106,0
1.87,7.92301383301359e-06,0.999992076986066,0,0,NaN,0,0,0.499996038493033,0.499996038493033,0.5,0,0.9,0.129190731871474,0
1.875,6.26956386285312e-06,0.999993730436037,0,0,NaN,0,0,0.499996865218018,0.499996865218018,0.5,0,0.9,0.119569750725182,0
1.88,4.91349120352885e-06,0.999995086508696,0,0,NaN,0,0,0.499997543254348,0.499997543254348,0.5,0,0.9,0.110306838021365,0
1.885,3.81060306992792e-06,0.999996189396829,0,0,NaN,0,0,0.499998094698415,0.499998094698415,0.5,0,0.9,0.101404279245129,0
1.89,2.92176487458901e-06,0.999997078235025,0,0,NaN,0,0,0.499998539117512,0.499998539117512,0.5,0,0.9,0.092864270969642,0
1.895,2.21251362214438e-06,0.999997787486277,0,0,NaN,0,0,0.499998893743138,0.499998893743138,0.5,0,0.9,0.0846889203141568,0
1.9,1.65268351500255e-06,0.999998347316384,0,0,NaN,0,0,0.499999173658192,0.499999173658192,0.5,0,0.9,0.0768802444241188,0
1.905,1.21604430655945e-06,0.999998783955593,0,0,NaN,0,0,0.499999391977796,0.499999391977796,0.5,0,0.9,0.0694401699734595,0
1.91,8.79952917902469e-07,0.999999120046981,0,0,NaN,0,0,0.499999560023491,0.499999560023491,0.5,0,0.9,0.0623705326892216,0
1.915,6.25018813229117e-07,0.999999374981086,0,0,NaN,0,0,0.499999687490543,0.499999687490543,0.5,0,0.9,0.0556730768986196,0
1.92,4.34783608057552e-07,0.999999565216291,0,0,NaN,0,0,0.499999782608146,0.499999782608146,0.5,0,0.9,0.0493494550986536,0
1.925,2.95415362756707e-07,0.999999704584537,0,0,NaN,0,0,0.499999852292268,0.499999852292268,0.5,0,0.9,0.0434012275483801,0
1.93,1.95417991984476e-07,0.999999804581907,0,0,NaN,0,0,0.499999902290954,0.499999902290954,0.5,0,0.9,0.0378298618839429,0
1.935,1.25356198299738e-07,0.999999874643701,0,0,NaN,0,0,0.499999937321851,0.499999937321851,0.5,0,0.9,0.0326367327564522,0
1.94,7.7596315521362e-08,0.999999922403584,0,0,NaN,0,0,0.499999961201792,0.499999961201792,0.5,0,0.9,0.0278231214928148,0
1.945,4.60634243567157e-08,0.999999953936475,0,0,NaN,0,0,0.499999976968238,0.499999976968238,0.5,0,0.9,0.023390215779582,0
1.95,2.60150794293798e-08,0.99999997398482,0,0,NaN,0,0,0.49999998699241,0.49999998699241,0.5,0,0.9,0.0193391093699076,0
1.955,1.38319631159648e-08,0.999999986167936,0,0,NaN,0,0,0.499999993083968,0.499999993083968,0.5,0,0.9,0.0156708018136801,0
1.96,6.82575757361076e-09,0.999999993174142,0,0,NaN,0,0,0.499999996587071,0.499999996587071,0.5,0,0.9,0.0123861982108989,0
1.965,3.06450202140776e-09,0.999999996935397,0,0,NaN,0,0,0.499999998467699,0.499999998467699,0.5,0,0.9,0.00948610898835444,0
1.97,1.21567775140596e-09,0.999999998784221,0,0,NaN,0,0,0.499999999392111,0.499999999392111,0.5,0,0.9,0.00697124969966773,0
1.975,4.0723850939107e-10,0.999999999592661,0,0,NaN,0,0,0.49999999979633,0.49999999979633,0.5,0,0.9,0.00484224084873709,0
1.98,1.06778825277776e-10,0.99999999989312,0,0,NaN,0,0,0.49999999994656,0.49999999994656,0.5,0,0.9,0.00309960773663981,0
1.985,1.90076114499096e-11,0.999999999980892,0,0,NaN,0,0,0.499999999990446,0.499999999990446,0.5,0,0.9,0.00174378033202061,0
1.99,1.66890959909102e-12,0.99999999999823,0,0,NaN,0,0,0.499999999999115,0.499999999999115,0.5,0,0.9,0.000775093165003891,0
1.995,2.60781901539192e-14,0.999999999999873,0,0,NaN,0,0,0.499999999999936,0.499999999999936,0.5,0,0.9,0.000193785244653338,0
2,4.21351100836097e-20,0.999999999999899,2.47100891882904e-26,4.31035231735227e-34,0,1.80648246934401e-38,3.14388862323639e-13,0.49999999999995,0.500000000000107,0.500000000000157,0,0.9,4.71163431535992e-32,0
2.01,1.10144093722701e-19,0.999999999999899,9.62880713003771e-19,1.95108296308998e-25,1.96202308146144e-09,3.838537479446e-22,1.96252970729482e-09,0.49999999999995,0.500000000981214,0.500000000981265,8.82910386657647e-10,0.9,0,2.94229860593834e-07
2.02,1.10144093722701e-19,0.999999999999899,6.15041197094122e-17,4.98462254157912e-23,1.5684410747825e-08,4.84492801544329e-20,1.56849124587173e-08,0.49999999999995,0.500000007842406,0.500000007842456,7.05798483652127e-09,0.9,0,1.17574222870323e-06
2.03,1.10144093722701e-19,0.999999999999899,6.99487009711324e-16,1.27587932092053e-21,5.28951652526684e-08,8.27169131041175e-19,5.2895633457262e-08,0.49999999999995,0.500000026447766,0.500000026447817,2.38028243637008e-08,0.9,0,2.64277260917926e-06
2.04,1.10144093722701e-19,0.999999999999896,3.92423069981285e-15,1.27282312010663e-20,1.25287016618056e-07,6.19428727567824e-18,1.2528736089187e-07,0.49999999999995,0.50000006264363,0.500000062643681,5.63791574781252e-08,0.899999999999998,0,4.69355827401908e-06
2.05,1.10144093722701e-19,0.999999999999885,1.4947198171977e-14,7.57691870768204e-20,2.44517457977439e-07,2.95239026214156e-17,2.44517469085342e-07,0.49999999999995,0.500000122258684,0.500000122258735,1.10032856089848e-07,0.899999999999993,0,7.32633826236541e-06
2.06,1.10144093722701e-19,0.999999999999855,4.45649104285384e-14,3.25372670645905e-19,4.22208780918599e-07,1.05742386325151e-16,4.2220805500858e-07,0.49999999999995,0.500000211103977,0.500000211104028,1.89993951413374e-07,0.89999999999998,0,1.05393533805072e-05
2.07,1.10144093722701e-19,0.999999999999788,1.12206895605618e-13,1.11528848301996e-18,6.69948110826512e-07,3.10940951840775e-16,6.69945954851864e-07,0.49999999999995,0.500000334972927,0.500000334972977,3.01476649871947e-07,0.89999999999995,0,1.43308462018789e-05
2.08,1.10144093722701e-19,0.99999999999965,2.49641508950387e-13,3.2415126050354e-18,9.9928744222631e-07,7.91439121584566e-16,9.99282760684482e-07,0.49999999999995,0.50000049964133,0.50000049964138,4.49679349001896e-07,0.899999999999888,0,1.86990610670612e-05
2.09,1.10144093722701e-19,0.999999999999394,5.05332486830974e-13,8.30588267793756e-18,1.42174367412608e-06,1.80416271405054e-15,1.42173483720512e-06,0.49999999999995,0.500000710867369,0.500000710867419,6.39784653356895e-07,0.899999999999773,0,2.36422440837802e-05
2.1,1.10144093722701e-19,0.99999999999895,9.49439125191525e-13,1.9268882729007e-17,1.94879864535982e-06,3.77018974589323e-15,1.94878333858901e-06,0.499999999999951,0.500000974391619,0.500000974391669,8.76959390412334e-07,0.899999999999573,0,2.91586431269085e-05
2.11,1.10144093722701e-19,0.99999999999822,1.67945300012408e-12,4.12478882656856e-17,2.59189916993014e-06,7.34330557917384e-15,2.59187422543694e-06,0.499999999999953,0.500001295937063,0.500001295937113,1.16635462646954e-06,0.899999999999244,0,3.52465078384637e-05
2.12,1.10144093722701e-19,0.999999999997073,2.826464175508e-12,8.26241072676518e-17,3.36245707235118e-06,1.34953963720532e-14,3.36241828183213e-06,0.499999999999956,0.500001681209091,0.500001681209141,1.51310568256017e-06,0.899999999998728,0,4.19040896276104e-05
2.13,1.10144093722701e-19,0.999999999995338,4.56204986996828e-12,1.56528369696376e-16,4.2718492229911e-06,2.36204965615826e-14,4.27179113250965e-06,0.499999999999961,0.500002135895516,0.500002135895566,1.92233215035038e-06,0.899999999997947,0,4.91296416706577e-05
2.14,1.10144093722701e-19,0.999999999992794,7.10577858273243e-12,2.82782683346405e-16,5.33141757341492e-06,3.96592920169541e-14,5.33133326014468e-06,0.499999999999969,0.50000266566658,0.50000266566663,2.39913790804524e-06,0.899999999996802,0,5.6921418911062e-05
2.15,1.10144093722701e-19,0.999999999989166,1.07333227053201e-11,4.90381102710204e-16,6.5524691917267e-06,6.42458655892965e-14,6.55235002276399e-06,0.499999999999982,0.500003276174961,0.500003276175011,2.94861113629284e-06,0.89999999999517,0,6.52776780594243e-05
2.16,1.10144093722701e-19,0.999999999984114,1.57851726733912e-11,8.20599945648652e-16,7.94627629791221e-06,1.0087845607014e-13,7.9461116712869e-06,0.5,0.500003973055785,0.500003973055836,3.57582433408872e-06,0.899999999992896,0,7.41966775934926e-05
2.17,1.10144093722701e-19,0.999999999977223,2.26759457404978e-11,1.33083373578548e-15,9.5240762991806e-06,1.54115985059401e-13,9.52385336719991e-06,0.500000000000026,0.500004761926633,0.500004761926684,4.28583433467987e-06,0.899999999989795,0,8.36766777581595e-05
2.18,1.10144093722701e-19,0.999999999967994,3.19042824829531e-11,2.09925944251722e-15,1.12970718253068e-05,2.29802088941778e-13,1.12967752003715e-05,0.500000000000064,0.500005648387549,0.5000056483876,5.08368232146917e-06,0.899999999985642,0,9.3715940565465e-05
2.19,1.10144093722701e-19,0.999999999955834,4.40633241725276e-11,3.23043763129988e-15,1.32764307639726e-05,3.35318375085058e-13,1.32760422070106e-05,0.500000000000117,0.500006638021052,0.500006638021104,5.97439384391931e-06,0.89999999998017,0,0.000104312729794593
2.2,1.10144093722701e-19,0.999999999940043,5.9851764181238e-11,4.86196502050385e-15,1.54732862961084e-05,4.79868602513078e-13,1.54727843877758e-05,0.500000000000189,0.500007736392141,0.500007736392194,6.96297883345717e-06,0.899999999973065,0,0.000115465310991876
2.21,1.10144093722701e-19,0.999999999919807,8.00854666100778e-11,7.17229866379458e-15,1.78987369312335e-05,6.74795467677193e-13,1.78980967260383e-05,0.500000000000286,0.50000894904831,0.500008949048363,8.05443161937762e-06,0.899999999963959,0,0.000127171951470789
2.22,1.10144093722701e-19,0.99999999989418,1.05709645361199e-10,1.03898775349982e-14,2.05638465427971e-05,9.3393165556055e-13,2.05630392063053e-05,0.500000000000414,0.500010281519548,0.500010281519603,9.25373094474784e-06,0.899999999952427,0,0.000139430920311957
2.23,1.10144093722701e-19,0.999999999862074,1.37811596900724e-10,1.48036726821567e-14,2.34796444035175e-05,1.27398679521108e-12,2.34786368328075e-05,0.500000000000583,0.500011739318359,0.500011739318416,1.0565839982311e-05,0.899999999937979,0,0.000152240488363145
2.24,1.10144093722701e-19,0.999999999822246,1.77633979987158e-10,2.07753023355148e-14,2.6657125220722e-05,1.71497193691503e-12,2.66558796482564e-05,0.500000000000802,0.500013327939764,0.500013327939824,1.19957063503904e-05,0.899999999920057,0,0.000165598928239271
2.25,1.10144093722701e-19,0.999999999773283,2.26588635668118e-10,2.87528533971587e-14,3.01072491716846e-05,2.28066314560753e-12,3.01057227527755e-05,0.500000000001083,0.500015052861312,0.500015052861376,1.35482621287932e-05,0.899999999898025,0,0.000179504514322393
2.26,1.10144093722701e-19,0.99999999971359,2.86270940876038e-10,3.92865556047551e-14,3.38409419389642e-05,2.99910578177658e-12,3.3839086323011e-05,0.50000000000144,0.500016919543092,0.500016919543162,1.52284238747139e-05,0.899999999871164,0,0.000193955522761717
2.27,1.10144093722701e-19,0.999999999641372,3.58474688981376e-10,5.30464593452084e-14,3.78690947457416e-05,3.90316101706217e-12,3.78668556314261e-05,0.500000000001888,0.500018933427739,0.500018933427816,1.70410926386385e-05,0.899999999838667,0,0.000208950231473597
2.28,1.10144093722701e-19,0.999999999554622,4.45207490689832e-10,7.08422725931414e-14,4.22025643911542e-05,5.03109610699271e-12,4.21998810657825e-05,0.500000000002448,0.500021099940448,0.500021099940533,1.89911539802474e-05,0.899999999799631,0,0.00022448692014153
2.29,1.10144093722701e-19,0.9999999994511,5.48706688698241e-10,9.36455167610875e-14,4.68521732856314e-05,6.42721991784794e-12,4.68489781488158e-05,0.50000000000314,0.500023424488978,0.500023424489074,2.10834779843193e-05,0.899999999753048,0,0.000240563870216158
2.3,1.10144093722701e-19,0.999999999328322,6.71455779551798e-10,1.22614165370448e-13,5.18287094862279e-05,8.14256517849986e-12,5.18249275581084e-05,0.50000000000399,0.500025912463668,0.500025912463779,2.33229192766339e-05,0.899999999697801,0,0.000257179364915272
2.31,1.10144093722701e-19,0.99999999918354,8.16201336173559e-10,1.59119933382124e-13,5.71429267319553e-05,1.02356189012733e-11,5.71384751461627e-05,0.500000000005028,0.500028569237444,0.500028569237573,2.57143170398755e-05,0.899999999632652,0,0.000274331689223809
2.32,1.10144093722701e-19,0.999999999013725,9.85970424565341e-10,2.0477838876081e-13,6.28055444791116e-05,1.27731023883926e-11,6.280033196068e-05,0.500000000006285,0.500031400165828,0.50003140016598,2.82624950295355e-05,0.89999999955624,0,0.000292019129893847
2.33,1.10144093722701e-19,0.99999999881555,1.18408850820767e-09,2.61482061385064e-13,6.88272479366116e-05,1.5830802212465e-11,6.88211742650523e-05,0.5000000000078,0.500034410586952,0.500034410587133,3.09722615898154e-05,0.899999999467066,0,0.000310239975444615
2.34,1.10144093722701e-19,0.999999998585371,1.41419783371446e-09,3.31436727754123e-13,7.52186881013113e-05,1.94944535306763e-11,7.52116435590633e-05,0.500000000009614,0.500037605821564,0.50003760582178,3.38484096695288e-05,0.899999999363492,0,0.000328992516162486
2.35,1.10144093722701e-19,0.999999998319207,1.68027629132718e-09,4.17201053080395e-13,8.19904817933345e-05,2.38606770630006e-11,8.19823465998134e-05,0.500000000011775,0.500040991173042,0.5000409911733,3.68957168380042e-05,0.899999999243726,0,0.00034827504410098
2.36,1.10144093722701e-19,0.999999998012722,1.98665674386103e-09,5.21729775291207e-13,8.91532116913931e-05,2.9037971034704e-11,8.91438554228612e-05,0.500000000014338,0.500044571927401,0.500044571927711,4.01189453009865e-05,0.899999999105817,0,0.000368085853080759
2.37,1.10144093722701e-19,0.999999997661205,2.33804681774529e-09,6.48420618193865e-13,9.67174263681089e-05,3.51477593528338e-11,9.67067073635966e-05,0.500000000017361,0.500048353353308,0.500048353353682,4.35228419165395e-05,0.899999998947646,0,0.000388423238689637
2.38,1.10144093722701e-19,0.99999999725955,2.73954914982755e-09,8.01165123581731e-13,0.000104693640325329,4.23254972551596e-11,0.000104681405078838,0.500000000020911,0.500052340702089,0.500052340702539,4.7112138210946e-05,0.899999998766915,0,0.000409285498282567
2.39,1.10144093722701e-19,0.999999996802234,3.19668208364164e-09,9.84403594375805e-13,0.00011309233402944,5.0721835638292e-11,0.00011307841656867,0.500000000025063,0.500056539207742,0.500056539208284,5.08915503946103e-05,0.899999998561139,0,0.000430670930981654
2.4,1.10144093722701e-19,0.999999996283297,3.71540080886656e-09,1.20318434300338e-12,0.000121923953946683,6.05038452393259e-11,0.000121908175198508,0.500000000029899,0.500060954086948,0.500060954087599,5.48657793779577e-05,0.899999998327637,0,0.000452577837676145
2.41,1.10144093722701e-19,0.999999995696318,4.30211893773416e-09,1.46322744111341e-12,0.000131198912578454,7.18563018125007e-11,0.000131181079721417,0.50000000003551,0.500065590539079,0.500065590539861,5.90395107873363e-05,0.89999999806352,0,0.000475004521022436
2.42,1.10144093722701e-19,0.999999995034399,4.96373051217071e-09,1.77099316841422e-12,0.000140927588496615,8.49830334089016e-11,0.000140907494300662,0.500000000041996,0.500070453746215,0.50007045374715,6.3417414980915e-05,0.899999997765684,0,0.000497949285444064
2.43,1.10144093722701e-19,0.999999994290134,5.7076324354886e-09,2.13375535989501e-12,0.00015112032637879,1.00108330833318e-10,0.000151097748532515,0.500000000049468,0.50007554887315,0.500075548874267,6.8004147064585e-05,0.899999997430798,0,0.000521410437131718
2.44,1.10144093722701e-19,0.999999993455593,6.54174732247121e-09,2.55967985195389e-12,0.000161787437043665,1.17478422317858e-10,0.000161762137469302,0.500000000058046,0.500080881067405,0.500080881068735,7.28043469078574e-05,0.899999997055293,0,0.000545386284043227
2.45,1.10144093722701e-19,0.999999992522296,7.47454676172619e-09,3.05790822900641e-12,0.000172939197486274,1.37363013417021e-10,0.00017291092164272,0.500000000067862,0.500086455459243,0.500086455460822,7.78226391597628e-05,0.899999996635354,0,0.00056987513590357
2.46,1.10144093722701e-19,0.999999991481187,8.51507498420841e-09,3.63864707298324e-12,0.000184585850913291,1.60056893093411e-10,0.000184554327087393,0.500000000079063,0.500092277161674,0.500092277163544,8.30636332647482e-05,0.899999996166907,0,0.00059487530420487
2.47,1.10144093722701e-19,0.999999990322614,9.67297293184702e-09,4.31326291875029e-12,0.000196737606778309,1.85881606927455e-10,0.0001967025453647,0.500000000091805,0.500098351270476,0.500098351272683,8.85319234785754e-05,0.89999999564561,0,0.000620385102206396
2.48,1.10144093722701e-19,0.999999989036303,1.09585027202368e-08,5.09438311889273e-12,0.000209404640817122,2.15187198348048e-10,0.000209365733586861,0.500000000106261,0.500104682864196,0.500104682866794,9.42320888842179e-05,0.899999995066841,0,0.000646402844934565
2.49,1.10144093722701e-19,0.999999987611332,1.23825724893871e-08,5.99600282150125e-12,0.000222597095082984,2.4835401874429e-10,0.000222554014441291,0.500000000122618,0.500111277004173,0.500111277007221,0.000100168693407756,0.899999994425685,0,0.000672926849182937
2.5,1.10144093722701e-19,0.999999986036105,1.39567616365483e-08,7.03359826458157e-12,0.000236325077981887,2.85794607281258e-10,0.000236277476215212,0.500000000141076,0.500118138734541,0.500118138738109,0.000106346285834273,0.899999993716926,0,0.000699955433512218
2.51,1.10144093722701e-19,0.99999998429833,1.56933464251688e-08,8.22424659047904e-12,0.000250598664307813,3.27955641205126e-10,0.000250546172820556,0.500000000161857,0.500125273082248,0.500125273086411,0.000112769399823751,0.899999992935035,0,0.000727486918250261
2.52,1.10144093722701e-19,0.999999982384988,1.76053259640615e-08,9.58675238326675e-12,0.000265427895277985,3.75319957384889e-10,0.000265370123819118,0.500000000185195,0.500132685057066,0.500132685061911,0.000119442553926964,0.899999992074153,0,0.000755519625492067
2.53,1.10144093722701e-19,0.99999998028231,1.97064485508929e-08,1.11417811313941e-11,0.000280822778568115,4.2840864579961e-10,0.000280759314447997,0.500000000211347,0.500140379651603,0.500140379657226,0.000126370251601369,0.899999991128089,0,0.000784051879099779
2.54,1.10144093722701e-19,0.99999997797575,2.20112383741341e-08,1.29119998170273e-11,0.000296793288347636,4.87783215641305e-10,0.000296723695645313,0.500000000240587,0.500148361841317,0.500148361847825,0.000133556981227003,0.899999990090296,0,0.000813082004702685
2.55,1.10144093722701e-19,0.999999975449956,2.45350225676467e-08,1.4922224832441e-11,0.000313349365314938,5.54047834664517e-10,0.000313273184076204,0.500000000273212,0.500156636584527,0.50015663659204,0.000141007216122371,0.899999988953869,0,0.000842608329697224
2.56,1.10144093722701e-19,0.999999972688742,2.72939586121038e-08,1.71995774225358e-11,0.000330500916732586,6.27851642374133e-10,0.000330417662159101,0.500000000309538,0.50016520882243,0.500165208831082,0.000148725414560339,0.899999987711528,0,0.000872629183246979
2.57,1.10144093722701e-19,0.999999969675065,3.03050620774774e-08,1.977364685107e-11,0.000348257816462525,7.09891137603334e-10,0.000348166978092285,0.500000000349907,0.500174083479109,0.500174083489049,0.00015671601978402,0.899999986355605,0,0.000903142896282675
2.58,1.10144093722701e-19,0.999999966390989,3.35862347008573e-08,2.26766614864978e-11,0.000366629905001297,8.00912640993495e-10,0.000366530945880738,0.500000000394684,0.500183265461552,0.500183265472944,0.000164983460022666,0.899999984878032,0,0.000934147801502189
2.59,1.10144093722701e-19,0.999999962817664,3.71562927938894e-08,2.59436680014048e-11,0.000385626989515219,9.01714832847475e-10,0.000385519345363273,0.500000000444259,0.50019275965966,0.500192759672687,0.000173532148507555,0.89999998327033,0,0.000965642233370538
2.6,1.10144093722701e-19,0.999999958935292,4.10349959741612e-08,2.9612718877435e-11,0.000405258843875581,1.0131513667873e-09,0.000405141922239953,0.500000000499049,0.500202570946264,0.500202570961126,0.000182366483487875,0.899999981523592,0,0.00099762452811989
2.61,1.10144093722701e-19,0.999999954723099,4.52430762148841e-08,3.37250684052959e-11,0.000425535208693804,1.13613355960617e-09,0.000425408388099801,0.500000000559499,0.500212704177137,0.500212704194057,0.000191490848246612,0.899999979628475,0,0.00103009302374955
2.62,1.10144093722701e-19,0.999999950159308,4.98022672072612e-08,3.83253773669331e-11,0.000446465791356613,1.27163315766402e-09,0.000446328420448807,0.500000000626083,0.500223164191012,0.500223164210233,0.000200909611116433,0.899999977575182,0,0.00106304606002599
2.63,1.10144093722701e-19,0.999999945221104,5.47353340299504e-08,4.34619265842629e-11,0.000468060266061181,1.4206851801341e-09,0.000467911662738211,0.500000000699308,0.500233955809588,0.500233955831379,0.000210627125495566,0.899999975353452,0,0.0010964819784828
2.64,1.10144093722701e-19,0.99999993988461,6.0066103120075e-08,4.9186839515967e-11,0.000490328273850268,1.58439083936715e-09,0.000490167724393101,0.50000000077971,0.500245083837553,0.500245083862209,0.000220647729863687,0.899999972952544,0,0.00113039912242073
2.65,1.10144093722701e-19,0.999999934124851,6.58194925402516e-08,5.55563140807648e-11,0.000513279422647345,1.76392053859751e-09,0.000513106180841286,0.500000000867859,0.500256553062592,0.500256553090435,0.000230975747797793,0.899999970361224,0,0.00116479583690768
2.66,1.10144093722701e-19,0.999999927915727,7.20215425361507e-08,6.26308638823121e-11,0.000536923287291711,1.96051694717421e-09,0.000536736573542479,0.500000000964362,0.500268368255406,0.500268368286788,0.000241615487988085,0.899999967567753,0,0.00119967046877869
2.67,1.10144093722701e-19,0.999999921229978,7.86994463791214e-08,7.04755690074111e-11,0.000561269409573583,2.17549815345769e-09,0.00056106841001776,0.500000001069862,0.500280534169721,0.500280534205029,0.000252571244253843,0.89999996455987,0,0.00123502136663595
2.68,1.10144093722701e-19,0.999999914039158,8.58815814884565e-08,7.91603365655841e-11,0.000586327298269188,2.41026089548104e-09,0.000586111163879356,0.500000001185037,0.500293055542309,0.500293055581963,0.000263847295559304,0.899999961324779,0,0.00127084688084878
2.69,1.10144093722701e-19,0.999999906313599,9.35975408278932e-08,8.87601711342281e-11,0.000612106429175825,2.66628386943233e-09,0.000611874274860698,0.50000000131061,0.500305937093,0.500305937137458,0.000275447906029528,0.899999957849139,0,0.00130714536355367
2.7,1.10144093722701e-19,0.99999989802238,1.01878164570988e-07,9.93554552695836e-11,0.000638616245146928,2.94513111597222e-09,0.00063836714884679,0.50000000144734,0.500319183524696,0.500319183574455,0.000287377324966282,0.899999954119039,0,0.00134391516865424
2.71,1.10144093722701e-19,0.999999889133296,1.10755572030021e-07,1.1103224023956e-10,0.000665866156127092,3.24845548435878e-09,0.000665599157904863,0.500000001596033,0.500332799523386,0.500332799578989,0.000299639786863895,0.899999950119998,0,0.00138115465182126
2.72,1.10144093722701e-19,0.999999879612824,1.20263193843136e-07,1.23882547130134e-10,0.000693865539187106,3.57800217430914e-09,0.000693579640315342,0.500000001757537,0.500346789758166,0.500346789820201,0.000312239511425141,0.899999945836936,0,0.00141886217049264
2.73,1.10144093722701e-19,0.999999869426091,1.3043580441443e-07,1.38004678472503e-10,0.000722623738558947,3.93561235548478e-09,0.000722317900603099,0.500000001932746,0.500361158881249,0.500361158950351,0.000325180703577093,0.89999994125417,0,0.00145703608387346
2.74,1.10144093722701e-19,0.999999858536842,1.41309554601755e-07,1.53503540533522e-10,0.000752150065670773,4.32322686444502e-09,0.000751823209569002,0.500000002122606,0.500375911527983,0.500375911604842,0.000338467553486996,0.899999936355395,0,0.00149567475293591
2.75,1.10144093722701e-19,0.999999846907405,1.52922004647027e-07,1.70490976407099e-10,0.000782453799181882,4.74288997887097e-09,0.000782104804321774,0.500000002328109,0.500391052316865,0.500391052402227,0.000352104236578123,0.899999931123668,0,0.00153477654041936
2.76,1.10144093722701e-19,0.999999834498657,1.65312157343854e-07,1.8908611003924e-10,0.000813544185017671,5.1967532688192e-09,0.000813171888310141,0.500000002550299,0.500406585849562,0.500406585944232,0.000366094913545637,0.899999925541394,0,0.00157433981083029
2.77,1.10144093722701e-19,0.999999821269993,1.78520491437341e-07,2.09415701314286e-10,0.000845430436404557,5.68707952472231e-09,0.000845033631355279,0.500000002790276,0.50042251671092,0.500422516815766,0.000380443730372453,0.899999919590312,0,0.00161436293044236
2.78,1.10144093722701e-19,0.99999980717929,1.92588995250944e-07,2.3161451232459e-10,0.000878121733904886,6.21624676181102e-09,0.000877699169683547,0.500000003049194,0.500438849468984,0.500438849584943,0.000395154818345083,0.899999913251479,0,0.00165484426729635
2.79,1.10144093722701e-19,0.999999792182873,2.07561200535309e-07,2.55825684940444e-10,0.000911627225451815,6.78675230059022e-09,0.000911177605959534,0.500000003328264,0.500455588675017,0.500455588803096,0.000410232294069499,0.899999906505254,0,0.00169578219120021
2.8,1.10144093722701e-19,0.999999776235482,2.2348221653403e-07,2.82201129791503e-10,0.000945956026384188,7.40121692295899e-09,0.000945478009319392,0.500000003628757,0.500472738863509,0.500472739004793,0.000425680259486981,0.899999899331281,0,0.00173717507372901
2.81,1.10144093722701e-19,0.999999759290233,2.40398764261299e-07,3.10901926765196e-10,0.000981117219481367,8.06238910352236e-09,0.000980609415404459,0.500000003952005,0.500490304552201,0.500490304707855,0.000441502801889959,0.89999989170848,0,0.00177902128822499
2.82,1.10144093722701e-19,0.99999974129859,2.58359210986465e-07,3.42098737121823e-10,0.00101711985499805,8.77314931560045e-09,0.00101658082639517,0.500000004299405,0.500508290242098,0.500508290413372,0.000457703993937867,0.899999883615022,0,0.00182131920979752
2.83,1.10144093722701e-19,0.999999722210323,2.77413604920559e-07,3.7597222732004e-10,0.00105397295069908,9.53651441139971e-09,0.00105340121104529,0.500000004672418,0.500526700417486,0.500526700605721,0.00047428789367298,0.899999875028321,0,0.00186406721532312
2.84,1.10144093722701e-19,0.999999701973476,2.97613710099822e-07,4.12713504640305e-10,0.00109168549189419,1.0355642075767e-08,0.00109107950471639,0.500000005072572,0.500545539545951,0.500545539752583,0.000491258544536254,0.899999865925014,0,0.00190726368344545
2.85,1.10144093722701e-19,0.999999680534334,3.1901304146139e-07,4.52524564687738e-10,0.00113026643147276,1.12338353529087e-08,0.00112962460941266,0.500000005501468,0.500564812078394,0.500564812304962,0.000508619975383166,0.899999856280944,0,0.00195090699457534
2.86,1.10144093722701e-19,0.999999657837381,3.41666900106217e-07,4.95618750849385e-10,0.00116972468993854,1.21745472454119e-08,0.00116904539381595,0.500000005960774,0.500584522449048,0.500584522697198,0.000526376200499545,0.899999846071151,0,0.00199499553089073
2.87,1.10144093722701e-19,0.99999963382527,3.65632408744466e-07,5.42221225774625e-10,0.00121006915544433,1.31813853848682e-08,0.0012093506933212,0.500000006452237,0.5006046750755,0.500604675346989,0.000544531219617404,0.899999835269847,0,0.00203952767633674
2.88,1.10144093722701e-19,0.999999608438783,3.90968547318513e-07,5.92569454940705e-10,0.00125130868382663,1.42581167733534e-08,0.00125054931007201,0.500000006977678,0.500625274358701,0.500625274655407,0.000563089017930765,0.899999823850404,0,0.0020845018166256
2.89,1.10144093722701e-19,0.999999581616797,4.17736188798843e-07,6.46913702358983e-10,0.00129345209864031,1.54086725949835e-08,0.00129265001299662,0.500000007538997,0.500646324682991,0.500646325006917,0.000582053566111489,0.899999811785339,0,0.00212991633923672
2.9,1.10144093722701e-19,0.999999553296247,4.4599813514806e-07,7.05517538470524e-10,0.00133650819119317,1.66371530967183e-08,0.0013356615378441,0.500000008138174,0.500667830416113,0.500667830769393,0.000601428820325093,0.899999799046297,0,0.00217576963341664
2.91,1.10144093722701e-19,0.999999523412088,4.75819153448357e-07,7.68658360273056e-10,0.00138048572058054,1.79478325375514e-08,0.00137959258722088,0.500000008777275,0.500689795909231,0.500689796294141,0.000621218722246567,0.899999785604029,0,0.00222206009017905
2.92,1.10144093722701e-19,0.999999491897259,5.07266012187713e-07,8.36627923714242e-10,0.00142539341371981,1.93451642051792e-08,0.00142445183062743,0.500000009458448,0.500712225496949,0.50071222591591,0.00064142719907619,0.899999771428387,0,0.00226878610230478
2.93,1.10144093722701e-19,0.999999458682649,5.40407517700243e-07,9.09732888379404e-10,0.00147123996538492,2.0833785499207e-08,0.0014702479044954,0.500000010183933,0.500735123497331,0.500735123952916,0.000662058163555341,0.899999756488294,0,0.0023159460643418
2.94,1.10144093722701e-19,0.999999423697053,5.75314550756031e-07,9.88295374494602e-10,0.00151803403824089,2.24185230799063e-08,0.00151698941222483,0.500000010956058,0.500758494211915,0.500758494706862,0.000683115513982302,0.899999740751737,0,0.00236353837260525
2.95,1.10144093722701e-19,0.999999386867143,6.12060103295928e-07,1.07265353225911e-09,0.00156578426287821,2.41043980815031e-08,0.00156468492422183,0.500000011777243,0.500782341925734,0.50078234246295,0.000704603134228067,0.899999724185748,0,0.0024115614251774
2.96,1.10144093722701e-19,0.999999348117422,6.50719315306704e-07,1.16316212351384e-09,0.00161449923784724,2.58966313889329e-08,0.00161334297793633,0.500000012650006,0.500806670907337,0.500806671489907,0.000726524893752133,0.899999706756385,0,0.00246001362190765
2.97,1.10144093722701e-19,0.999999307370194,6.9136951183212e-07,1.26019311574539e-09,0.00166418752969264,2.78006489769658e-08,0.00166297207790027,0.500000013576962,0.500831485408803,0.500831486039998,0.000748884647618302,0.899999688428715,0,0.00250889336441258
2.98,1.10144093722701e-19,0.999999264545523,7.34090240115359e-07,1.36413628841772e-09,0.00171485767298765,2.98220873105621e-08,0.00171358069576592,0.500000014560825,0.500856789665764,0.500856790349052,0.000771686236510469,0.899999669166802,0,0.0025581990560759
2.99,1.10144093722701e-19,0.999999219561193,7.78963306868419e-07,1.47539985161662e-09,0.00176651817036838,3.19667988052841e-08,0.00176517727034451,0.500000015604413,0.500882587897422,0.500882588636474,0.000794933486748408,0.899999648933682,0,0.00260792910204845
3,1.10144093722701e-19,0.999999172332673,8.26072815664037e-07,1.59441107698416e-09,0.00181917749256813,3.42408573465518e-08,0.00181777020764513,0.500000016710651,0.500908884306567,0.500908885105272,0.000818630210303553,0.899999627691356,0,0.00265808190924824
3.01,1.10144093722701e-19,0.999999122773078,8.75505204445751e-07,1.72161694091359e-09,0.00187284407845154,3.66505638664948e-08,0.00187136788091387,0.500000017882568,0.500935683079598,0.500935683942068,0.00084278020481478,0.899999605400762,0,0.00270865588636041
3.02,1.10144093722701e-19,0.999999070793132,9.27349283151741e-07,1.85748477996712e-09,0.00192752633504881,3.92024519771129e-08,0.00192597863067316,0.50000001912331,0.500962988386544,0.500962989317125,0.000867387253604178,0.899999582021765,0,0.00275964944383726
3.03,1.10144093722701e-19,0.999999016301125,9.81696271448139e-07,2.00250295847206e-09,0.00198323263758979,4.19032936584269e-08,0.00198161076476146,0.50000002043613,0.500990804381079,0.500990805384365,0.000892455125692814,0.89999955751314,0,0.00281106099389823
3.04,1.10144093722701e-19,0.999998959202881,1.0386398365675e-06,2.15718154824285e-09,0.00203997132953814,4.47601050002625e-08,0.00203827255837305,0.500000021824402,0.501019135200545,0.501019136281385,0.0009179875758165,0.899999531832551,0,0.00286288895052989
3.05,1.10144093722701e-19,0.999998899401715,1.09827613124821e-06,2.32205302036967e-09,0.00209775072262532,4.77801519962777e-08,0.00209597225409821,0.500000023291615,0.501047984965972,0.501047986129483,0.000943988344441554,0.899999504936534,0,0.00291513172948597
3.06,1.10144093722701e-19,0.999998836798395,1.16070383177053e-06,2.4976729490061e-09,0.00215657909688464,5.09709563888055e-08,0.00215471806196353,0.500000024841383,0.501077357782095,0.501077359033673,0.000970461157780552,0.899999476780482,0,0.00296778774828737
3.07,1.10144093722701e-19,0.999998771291103,1.22602417608513e-06,2.68462072708143e-09,0.00221646470068516,5.43403015630564e-08,0.00221451815947245,0.500000026477441,0.501107257737376,0.501107259082709,0.000997409727808074,0.899999447318627,0,0.00302085542622208
3.08,1.10144093722701e-19,0.999998702775397,1.29434100202998e-06,2.88350029385538e-09,0.00227741575076567,5.78962384891859e-08,0.00227538069164611,0.500000028203654,0.501137688904023,0.501137690349104,0.00102483775227645,0.899999416504023,0,0.00307433318434529
3.09,1.10144093722701e-19,0.999998631144173,1.36576078563135e-06,3.09494087422587e-09,0.00233944043226854,6.16470917107053e-08,0.00233731377106433,0.500000030024014,0.501168655338011,0.501168656889149,0.00105274891473149,0.899999384288524,0,0.0031282194454793
3.1,1.10144093722701e-19,0.999998556287622,1.44039267948496e-06,3.31959772969247e-09,0.00240254689877349,6.56014653776739e-08,0.00240032547790688,0.500000031942648,0.501200161079104,0.501200162742938,0.00108114688452825,0.899999350622773,0,0.00318251263421358
3.11,1.10144093722701e-19,0.999998478093195,1.518348551213e-06,3.55815292087149e-09,0.00246674327233141,6.97682493230881e-08,0.00246442385999488,0.500000033963816,0.501232210150871,0.501232211934382,0.00111003531684671,0.899999315456182,0,0.00323721117690473
3.12,1.10144093722701e-19,0.999998396445561,1.59974302199327e-06,3.81131608145063e-09,0.00253203764349808,7.41566251808466e-08,0.00252961693283252,0.500000036091918,0.501264806560708,0.501264808471237,0.00113941785270752,0.899999278736909,0,0.00329231350167649
3.13,1.10144093722701e-19,0.999998311226569,1.68469350515611e-06,4.07982520346417e-09,0.00259843807136778,7.87760725436419e-08,0.00259591267964889,0.500000038331495,0.501297954299862,0.50129795634512,0.00116929811898772,0.899999240411851,0,0.00334781803841977
3.14,1.10144093722701e-19,0.999998222315207,1.77332024484536e-06,4.36444743376205e-09,0.00266595258360696,8.36363751590965e-08,0.00266331905144008,0.500000040687231,0.501331657343446,0.501331659531532,0.00119967972843644,0.899999200426617,0,0.0034037232187926
3.15,1.10144093722701e-19,0.999998129587565,1.86574635473935e-06,4.66597988153932e-09,0.00273458917648779,8.87476271624385e-08,0.00273184396701142,0.500000043163958,0.501365919650465,0.501365921989879,0.00123056627969063,0.899999158725513,0,0.00346002747622019
3.16,1.10144093722701e-19,0.999998032916792,1.96209785682788e-06,4.98525043678468e-09,0.00280435581492163,9.41202393439747e-08,0.00280149531301991,0.500000045766655,0.501400745163834,0.501400747663493,0.00126196135729071,0.899999115251528,0,0.00351672924589486
3.17,1.10144093722701e-19,0.99999793217306,2.06250372024148e-06,5.32311859950031e-09,0.0028752604324925,9.97649454496007e-08,0.00287228094401695,0.500000048500457,0.501436137810399,0.501436140479653,0.0012938685316963,0.89999906994631,0,0.00357382696477608
3.18,1.10144093722701e-19,0.999997827223523,2.16709590012896e-06,5.68047631953755e-09,0.00294731093149051,1.05692808512553e-07,0.00294420868249108,0.500000051370652,0.501472101500957,0.501472104349608,0.00132629135930187,0.899999022750153,0,0.0036313190715905
3.19,1.10144093722701e-19,0.999997717932274,2.27600937657948e-06,6.05824884688628e-09,0.00302051518294511,1.11915227214583e-07,0.00301728631891104,0.500000054382688,0.501508640130281,0.501508643168595,0.00135923338245248,0.899998973601977,0,0.00368920400683187
3.2,1.10144093722701e-19,0.99999760416031,2.38938219358528e-06,6.45739559224852e-09,0.00309488102665846,1.1844394227471e-07,0.00309152161176893,0.500000057542173,0.501545757577136,0.501545760815866,0.00139269812945937,0.899998922439311,0,0.00374748021276112
3.21,1.10144093722701e-19,0.99999748576549,2.50735549804139e-06,6.87891099772069e-09,0.00317041627123854,1.25291042863686e-07,0.00316692228762353,0.500000060854881,0.501583457704306,0.501583461154705,0.00142668911461569,0.899998869198273,0,0.00380614613340631
3.22,1.10144093722701e-19,0.999997362602495,2.63007357877848e-06,7.32382541740115e-09,0.00324712869413239,1.32468973042268e-07,0.00324349604114387,0.50000006432675,0.501621744358609,0.50162174803245,0.00146120983821213,0.899998813813557,0,0.00386520021456265
3.23,1.10144093722701e-19,0.999997234522788,2.75768390562526e-06,7.79320600773381e-09,0.00332502604165918,1.39990538221394e-07,0.00332125053515284,0.500000067963891,0.501660621370923,0.501660625280518,0.00149626378655258,0.899998756218408,0,0.00392464090379249
3.24,1.10144093722701e-19,0.999997101374573,2.89033716849653e-06,8.28815762739113e-09,0.0034041160290432,1.4786891164231e-07,0.00340019340067104,0.500000071772587,0.501700092556206,0.501700096714426,0.00153185443196976,0.899998696344611,0,0.00398446665042534
3.25,1.10144093722701e-19,0.999996963002759,3.02818731650352e-06,8.8098237464945e-09,0.00348440634044683,1.56117640874689e-07,0.00348033223696072,0.500000075759298,0.501740161713518,0.501740166133811,0.00156798523284085,0.899998634122469,0,0.00404467590555784
3.26,1.10144093722701e-19,0.999996819248915,3.17139159708269e-06,9.35938736496235e-09,0.00356590462900349,1.64750654330757e-07,0.00356167461156991,0.500000079930662,0.501780832626041,0.501780837322453,0.00160465963360317,0.899998569480785,0,0.00410526712205379
3.27,1.10144093722701e-19,0.999996669951232,3.32011059513939e-06,9.93807193977095e-09,0.0036486185168504,1.73782267793424e-07,0.00364422806037668,0.500000084293498,0.501822109061102,0.501822114048297,0.00164188106476974,0.899998502346848,0,0.00416623875454412
3.28,1.10144093722701e-19,0.999996514944485,3.47450827220295e-06,1.05471423209059e-08,0.00373255559516138,1.83227190956387e-07,0.00372800008763344,0.500000088854814,0.501863994770195,0.501864000063477,0.00167965294294493,0.899998432646408,0,0.00422758925942692
3.29,1.10144093722701e-19,0.999996354059988,3.63475200558959e-06,1.11879056957771e-08,0.00381772342417951,1.93100533974164e-07,0.00381299816601153,0.5000000936218,0.501906493489003,0.501906499104336,0.00171797867084003,0.899998360303666,0,0.00428931709486742
3.3,1.10144093722701e-19,0.999996187125559,3.80101262756957e-06,1.18617125418642e-08,0.00390412953324978,2.03417814019998e-07,0.00389922973664577,0.500000098601843,0.501949608937416,0.501949614891449,0.00175686163728892,0.899998285241248,0,0.004351420720798
3.31,1.10144093722701e-19,0.999996013965477,3.97346446453523e-06,1.2569957587351e-08,0.00399178142085163,2.14194961849551e-07,0.00398670220917926,0.500000103802518,0.50199334481956,0.501993351129646,0.00179630521726357,0.899998207380196,0,0.00441389859891818
3.32,1.10144093722701e-19,0.999995834400442,4.15228537616636e-06,1.33140807795068e-08,0.00408068655463139,2.2544832836828e-07,0.00407542296180813,0.500000109231602,0.502037704823813,0.502037711508034,0.00183631277188969,0.899998126639941,0,0.00447674919269462
3.33,1.10144093722701e-19,0.999995648247536,4.33765679458955e-06,1.40955682605619e-08,0.00417085237143475,2.37194691200395e-07,0.00416539934132655,0.500000114897069,0.502082692622829,0.50208269970002,0.00187688764846225,0.899998042938292,0,0.00453997096736114
3.34,1.10144093722701e-19,0.999995455320182,4.52976376352812e-06,1.49159533508223e-08,0.00426228627733901,2.49451261257264e-07,0.00425663866317176,0.500000120807095,0.502128311873559,0.502128319363332,0.0019180331804611,0.899997956191412,0,0.0046035623899187
3.35,1.10144093722701e-19,0.999995255428104,4.72879497743917e-06,1.57768175387616e-08,0.00435499564768538,2.62235689303121e-07,0.00434914821146919,0.500000126970065,0.502174566217275,0.502174574140043,0.00195975268756648,0.899997866313806,0,0.0046675219291354
3.36,1.10144093722701e-19,0.999995048377287,4.93494282063449e-06,1.66797914778254e-08,0.00444898782711114,2.75566072515916e-07,0.00444293523907767,0.500000133394569,0.502221459279592,0.502221467656593,0.00200204947567461,0.899997773218299,0,0.00473184805554651
3.37,1.10144093722701e-19,0.999994833969937,5.14840340638205e-06,1.76265559896751e-08,0.00454427012958168,2.89460961041152e-07,0.0045380069676347,0.50000014008941,0.502268994670489,0.502269003523812,0.00204492683691317,0.899997676816019,0,0.00479653924145441
3.38,1.10144093722701e-19,0.99999461200444,5.36937661598471e-06,1.86188430735967e-08,0.00464084983842262,3.03939364536509e-07,0.00463437058760188,0.500000147063607,0.502317175984329,0.502317185336945,0.00208838804965689,0.89999757701638,0,0.00486159396092864
3.39,1.10144093722701e-19,0.999994382275324,5.59806613783287e-06,1.9658436921793e-08,0.00473873420635162,3.19020758705079e-07,0.00473203325831025,0.500000154326394,0.502366006799886,0.502366016675667,0.00213243637854303,0.899997473727061,0,0.0049270106898059
3.4,1.10144093722701e-19,0.999994144573218,5.83467950642796e-06,2.07471749402747e-08,0.00483793045551033,3.34725091814999e-07,0.00483100210800588,0.500000161887228,0.502415490680365,0.502415501104118,0.00217707507448692,0.899997366853993,0,0.00499278790569003
3.41,1.10144093722701e-19,0.999993898684809,6.0794281413734e-06,2.18869487750608e-08,0.00493844577749607,3.51072791203268e-07,0.00493128423389532,0.500000169755785,0.502465631173423,0.502465642170913,0.00222230737469743,0.899997256301336,0,0.005058924087952
3.42,1.10144093722701e-19,0.999993644392807,6.33252738632993e-06,2.30797053433955e-08,0.00504028733339356,3.68084769761538e-07,0.00503288670219123,0.500000177941972,0.502516431811192,0.502516443409174,0.00226813650269249,0.899997141971465,0,0.00512541771772993
3.43,1.10144093722701e-19,0.999993381475903,6.59419654793224e-06,2.43274478696834e-08,0.00514346225380649,3.85782432401648e-07,0.00513581654815804,0.500000186455921,0.502567896110305,0.50256790833655,0.00231456566831455,0.899997023764949,0,0.00519226727792911
3.44,1.10144093722701e-19,0.999993109708727,6.86465893466359e-06,2.56322369258432e-08,0.00524797763888904,4.04187682498657e-07,0.00524008077615758,0.500000195308,0.50262002757191,0.502620040455237,0.00236159806774609,0.899996901580537,0,0.00525947125322196
3.45,1.10144093722701e-19,0.999992828861812,7.14414189568545e-06,2.69961914757734e-08,0.00535384055837728,4.23322928309144e-07,0.00534568635969477,0.500000204508807,0.502672829681701,0.502672843252004,0.00240923688352502,0.899996775315134,0,0.00532702813004802
3.46,1.10144093722701e-19,0.99999253870155,7.43287685961902e-06,2.84214899236245e-08,0.00546105805162051,4.43211089362522e-07,0.00545264024146337,0.50000021406918,0.502726305909936,0.502726320198218,0.00245748528456019,0.899996644863788,0,0.00539493639661402
3.47,1.10144093722701e-19,0.999992238990155,7.73109937327572e-06,2.99103711655651e-08,0.00556963712761246,4.6387560282314e-07,0.00556094933339169,0.500000224000199,0.50278045971146,0.502780474749861,0.00250634642614681,0.899996510119674,0,0.00546319454289382
3.48,1.10144093722701e-19,0.999991929485623,8.03904914033337e-06,3.1465135644727e-08,0.00567958476502252,4.85340429820874e-07,0.00567062051668835,0.500000234313183,0.502835294525726,0.502835310347558,0.00255582344998188,0.899996370974068,0,0.0055318010606284
3.49,1.10144093722701e-19,0.999991609941693,8.35697005995525e-06,3.3088146409015e-08,0.00579090791222665,5.07630061747997e-07,0.00578166064188799,0.500000245019699,0.50289081377682,0.502890830416596,0.00260591948417962,0.899996227316338,0,0.00560075444332593
3.5,1.10144093722701e-19,0.999991280107803,8.68511026534904e-06,3.47818301714593e-08,0.00590361348733846,5.3076952652005e-07,0.00589407652889706,0.500000256131564,0.502947020873483,0.502947038366952,0.00265663764328685,0.899996079033921,0,0.0056700531862617
3.51,1.10144093722701e-19,0.999990939729059,9.0237221622627e-06,3.65486783727908e-08,0.00601770837824002,5.54784394798456e-07,0.00600787496703951,0.500000267660843,0.50300391920913,0.50300393759331,0.00270798102829843,0.899995926012307,0,0.00573969578647813
3.52,1.10144093722701e-19,0.999990588546183,9.37306246741426e-06,3.83912482459132e-08,0.00613319944261259,5.79700786172623e-07,0.00612306271510254,0.500000279619859,0.503061512161877,0.503061531475088,0.00275995272667265,0.899995768135021,0,0.00580968074278483
3.53,1.10144093722701e-19,0.999990226295488,9.73339224685269e-06,4.0312163881948e-08,0.00625009350796732,6.05545375299283e-07,0.00623964650138226,0.500000292021188,0.503119803094559,0.503119823376458,0.00281255581234656,0.899995605283605,0,0.00588000655575852
3.54,1.10144093722701e-19,0.999989852708827,1.0104976954247e-05,4.2314117297523e-08,0.0063683973716758,6.32345397996809e-07,0.00635763302372935,0.500000304877667,0.503178795354756,0.503178816646374,0.00286579334575138,0.899995437337601,0,0.00595067172774308
3.55,1.10144093722701e-19,0.99998946751356,1.04880864691006e-05,4.43998695029767e-08,0.00648811780100053,6.60128657292265e-07,0.00647702894959475,0.500000318202394,0.503238492274812,0.503238514618587,0.00291966837382784,0.899995264174533,0,0.00602167476284952
3.56,1.10144093722701e-19,0.999989070432512,1.08829951348886e-05,4.65722515711459e-08,0.00660926153312526,6.88923529418926e-07,0.00659784091607514,0.500000332008733,0.503298897171861,0.503298920611676,0.00297418393004153,0.899995085669889,0,0.00609301416695604
3.57,1.10144093722701e-19,0.999988661183936,1.12899817971139e-05,4.88341657064062e-08,0.00673183527518525,7.1875896976205e-07,0.00672007552995856,0.500000346310315,0.503360013347846,0.503360037929064,0.00302934303439821,0.899994901697104,0,0.00616468844770792
3.58,1.10144093722701e-19,0.999988239481471,1.17093298412812e-05,5.11885863136326e-08,0.0068558457042974,7.49664518750646e-07,0.00684373936776982,0.500000361121039,0.503421844089541,0.503421869859046,0.00308514869345917,0.899994712127543,0,0.00623669611451764
3.59,1.10144093722701e-19,0.999987805034107,1.21413272307845e-05,5.36385610667468e-08,0.00698129946759035,7.81670307693019e-07,0.006968838975816,0.500000376455076,0.503484392668577,0.503484419674808,0.00314160390035648,0.899994516830482,0,0.0063090356785648
3.6,1.10144093722701e-19,0.999987357546142,1.25862665447065e-05,5.61872119765166e-08,0.00710820318223437,8.14807064553858e-07,0.00709538087023169,0.500000392326874,0.503547662341459,0.503547690634451,0.00319871163480837,0.899994315673092,0,0.00638170565279616
3.61,1.10144093722701e-19,0.999986896717147,1.30444450155261e-05,5.8837736457274e-08,0.00723656343547116,8.49106119670668e-07,0.00722337153702434,0.500000408751155,0.503611656349593,0.503611685981016,0.00325647486313442,0.89999410852042,0,0.00645470455192561
3.62,1.10144093722701e-19,0.999986422241924,1.35161645667324e-05,6.15934083922178e-08,0.00736638678464364,8.84599411407325e-07,0.0073528174321194,0.500000425742924,0.503676377919305,0.503676408942503,0.00331489653827089,0.899993895235374,0,0.0065280308924342
3.63,1.10144093722701e-19,0.999985933810469,1.4001731850342e-05,6.4457579196967e-08,0.0074976797572255,9.21319491742576e-07,0.00748372498140546,0.500000443317463,0.503741830261862,0.503741862731895,0.00337397959978597,0.899993675678702,0,0.00660168319257011
3.64,1.10144093722701e-19,0.999985431107935,1.45014582843169e-05,6.74336788810305e-08,0.00763044885085072,9.5929953179128e-07,0.00761610058077921,0.500000461490343,0.5038080165735,0.503808050547181,0.00343372697389501,0.899993449708979,0,0.00667565997234869
3.65,1.10144093722701e-19,0.999984913814592,1.50156600898799e-05,7.05252171068609e-08,0.00776470053334294,9.98573327256242e-07,0.00774995059619035,0.500000480277417,0.503874940035436,0.503874975571379,0.00349414157347577,0.899993217182588,0,0.00674995975355241
3.66,1.10144093722701e-19,0.999984381605786,1.55446583287268e-05,7.37357842461599e-08,0.00790044124274472,1.03917530380844e-06,0.00788528136368641,0.500000499694829,0.5039426038139,0.503942640972557,0.00355522629808365,0.8999929779537,0,0.00682458105973091
3.67,1.10144093722701e-19,0.999983834151906,1.60887789401296e-05,7.70690524331047e-08,0.00803767738734669,1.08114052239357e-06,0.00802209918945739,0.500000519759014,0.504011011060152,0.504011049903857,0.00361698403396685,0.899992731874262,0,0.00689952241620095
3.68,1.10144093722701e-19,0.999983271118344,1.66483527779318e-05,8.05287766141655e-08,0.0081764153457166,1.12450468446269e-06,0.00816041034988032,0.500000540486699,0.504080164910501,0.504080205503514,0.00367941765408161,0.899992478793977,0,0.00697478235004646
3.69,1.10144093722701e-19,0.999982692165456,1.72237156474305e-05,8.4118795594185e-08,0.00831666146672821,1.16930413712489e-06,0.00830022109156373,0.500000561894907,0.504150068486334,0.504150110894885,0.00374253001810738,0.899992218560285,0,0.00705035939011849
3.7,1.10144093722701e-19,0.999982096948524,1.78152083421433e-05,8.7843033078394e-08,0.00845842206959009,1.21557587821995e-06,0.00844153763139186,0.500000584000956,0.504220724894129,0.504220769186462,0.00380632397246199,0.89999195101835,0,0.00712625206703527
3.71,1.10144093722701e-19,0.99998148511772,1.84231766804588e-05,9.1705498710039e-08,0.0086017034438743,1.26335756130876e-06,0.0085843661565689,0.500000606822466,0.504292137225485,0.504292183471902,0.00387080235031679,0.899991676011042,0,0.00720245891318214
3.72,1.10144093722701e-19,0.999980856318068,1.90479715421673e-05,9.57102891032984e-08,0.00874651184954493,1.31268750057955e-06,0.00872871282466291,0.500000630377357,0.504364308557136,0.504364356830046,0.0039359679716118,0.899991393378918,0,0.00727897846271162
3.73,1.10144093722701e-19,0.999980210189405,1.96899489048683e-05,9.98615888711678e-08,0.00889285351698654,1.36360467566788e-06,0.00887458376364973,0.500000654683851,0.50443724195098,0.50443729232494,0.00400182364307083,0.899991102960207,0,0.00735580925154335
3.74,1.10144093722701e-19,0.999979546366347,2.03494698802541e-05,1.04163671647995e-07,0.00904073464703243,1.41614873638827e-06,0.00902198507195665,0.500000679760478,0.504510940454092,0.50451099300586,0.0040683721582166,0.899990804590793,0,0.00743294981736412
3.75,1.10144093722701e-19,0.999978864478248,2.10269007502663e-05,1.08620901106355e-07,0.00919016141099286,1.47036000737557e-06,0.00917092281850591,0.500000705626071,0.504585407098752,0.50458546190733,0.00413561629738583,0.899990498104197,0,0.00751039869962787
3.76,1.10144093722701e-19,0.999978164149164,2.17226130031221e-05,1.13237731967944e-07,0.00934113995068307,1.52627949263405e-06,0.00932140304275807,0.500000732299776,0.504660644902463,0.504660702049147,0.00420355882774434,0.899990183331564,0,0.0075881544395557
3.77,1.10144093722701e-19,0.999977444997819,2.24369833692098e-05,1.18018711008201e-07,0.00949367637845119,1.58394887999222e-06,0.00947343175475518,0.500000759801045,0.504736656867972,0.504736716436399,0.0042722025033021,0.899989860101641,0,0.00766621558013582
3.78,1.10144093722701e-19,0.999976706637564,2.31703938568485e-05,1.22968478054325e-07,0.00964777677720609,1.64341054546139e-06,0.00962701493516377,0.500000788149646,0.504813445983292,0.504813508059492,0.00434155006492829,0.899989528240765,0,0.00774458066612364
3.79,1.10144093722701e-19,0.999975948676344,2.39232317879123e-05,1.28091766976413e-07,0.00980344720044495,1.70470755749627e-06,0.00978215853531759,0.500000817365659,0.504891015221725,0.504891079894166,0.00441160424036633,0.899989187572843,0,0.00782324824404165
3.8,1.10144093722701e-19,0.999975170716659,2.46958898333155e-05,1.33393406671414e-07,0.00996069367228086,1.76788368115539e-06,0.00993886847726028,0.50000084746948,0.504969367541876,0.50496943490152,0.00448236774424895,0.899988837919341,0,0.00790221686217954
3.81,1.10144093722701e-19,0.999974372355529,2.54887660483558e-05,1.38878322039588e-07,0.0101195221874702,1.83298338215978e-06,0.0100971506537877,0.50000087848182,0.505048505887682,0.505048576028032,0.00455384327811314,0.89998847909926,0,0.00798148507059412
3.82,1.10144093722701e-19,0.999973553184456,2.63022639079139e-05,1.4455153495321e-07,0.0102799387114399,1.90005183084788e-06,0.0102570109284902,0.500000910423712,0.505128433188427,0.505128506205579,0.00462603353041517,0.899988110929125,0,0.00806105142110935
3.83,1.10144093722701e-19,0.999972712789393,2.71367923415082e-05,1.50418165217206e-07,0.0104419491803144,1.96913490602488e-06,0.0104184551357944,0.500000943316506,0.505209152358764,0.50520922835146,0.00469894117654559,0.89998773322297,0,0.00814091446731633
3.84,1.10144093722701e-19,0.9999718507507,2.79927657682003e-05,1.56483431521466e-07,0.0106055595009431,2.0402791987048e-06,0.0105814890810052,0.500000977181875,0.505290666298737,0.505290745368417,0.00477256887884417,0.899987345792315,0,0.00822107276457333
3.85,1.10144093722701e-19,0.999970966643116,2.88706041313505e-05,1.62752652384539e-07,0.0107707755509267,2.11353201574351e-06,0.010746118540347,0.500001012041814,0.505372977893797,0.505373060144654,0.00484691928661484,0.899986948446159,0,0.00830152487000575
3.86,1.10144093722701e-19,0.999970060035719,2.97707329332207e-05,1.69231247088451e-07,0.0109376031786442,2.18894138336081e-06,0.0109123492610052,0.500001047918642,0.505456090014829,0.505456175553858,0.00492199503614066,0.899986540990955,0,0.00838226934250612
3.87,1.10144093722701e-19,0.999969130491893,3.06935832694219e-05,1.75924736604376e-07,0.0111060482032792,2.26655605055013e-06,0.0110801869611671,0.500001084835002,0.505540005518165,0.505540094455224,0.00499779875069869,0.899986123230602,0,0.00846330474273413
3.88,1.10144093722701e-19,0.999968177569292,3.16395918632058e-05,1.82838744508904e-07,0.0112761164148467,2.34642549237399e-06,0.0112496373300629,0.500001122813865,0.505624727245609,0.505624819693467,0.00507433304057495,0.899985694966422,0,0.00854462963311663
3.89,1.10144093722701e-19,0.999967200819802,3.26092010995958e-05,1.89978997890652e-07,0.0114478135742193,2.42859991314362e-06,0.0114207060280059,0.500001161878528,0.505710258024454,0.505710354098851,0.00515160050307924,0.899985255997151,0,0.00862624257784759
3.9,1.10144093722701e-19,0.999966199789512,3.36028590593574e-05,1.97351328246966e-07,0.0116211454131531,2.51313024948117e-06,0.0115933986864333,0.500001202052618,0.505796600667502,0.505796700487204,0.00522960372256007,0.899984806118917,0,0.00870814214288815
3.91,1.10144093722701e-19,0.999965174018674,3.4621019552805e-05,2.04961672370472e-07,0.0117961176343137,2.60006817326288e-06,0.0117677209079455,0.500001243360091,0.505883757973086,0.505883861659939,0.00530834527041945,0.899984345125231,0,0.00879032689596658
3.92,1.10144093722701e-19,0.999964123041672,3.56641421534422e-05,2.12816073225249e-07,0.0119727359113027,2.6894660944417e-06,0.0119436782663467,0.500001285825231,0.505971732725086,0.505971840404078,0.00538782770512781,0.899983872806963,0,0.0088727954065783
3.93,1.10144093722701e-19,0.999963046386987,3.67326922314357e-05,2.20920680812386e-07,0.0121510058886823,2.78137716374789e-06,0.0121212763066836,0.500001329472655,0.506060527692951,0.506060639492263,0.00546805357223872,0.899983388952336,0,0.00895554624598587
3.94,1.10144093722701e-19,0.999961943577159,3.78271409869176e-05,2.29281753024694e-07,0.0123309331820019,2.87585527526598e-06,0.0123005205452851,0.500001374327313,0.506150145631716,0.506150261682786,0.00554902540440378,0.899982893346902,0,0.00903857798721902
3.95,1.10144093722701e-19,0.99996081412876,3.89479654831172e-05,2.37905656490375e-07,0.012512523377823,2.97295506888684e-06,0.0124814164698013,0.500001420414485,0.506240589282022,0.506240709719601,0.00563074572138737,0.899982385773533,0,0.00912188920507458
3.96,1.10144093722701e-19,0.999959657552353,4.0095648679317e-05,2.46798867405421e-07,0.0126957820337444,3.0727319326333e-06,0.0126639695392415,0.500001467759787,0.506331861370137,0.506331986332348,0.00571321703008139,0.899981866012403,0,0.00920547847611657
3.97,1.10144093722701e-19,0.999958473352463,4.12706794636345e-05,2.55967972354547e-07,0.0128807146784276,3.17524200485804e-06,0.0128481851840133,0.500001516389167,0.50642396460797,0.50642409423637,0.00579644182452008,0.899981333840972,0,0.00928934437867614
3.98,1.10144093722701e-19,0.999957261027545,4.24735526856243e-05,2.65419669120462e-07,0.0130673268116215,3.28054217631238e-06,0.0130340688059602,0.500001566328908,0.506516901693095,0.50651703613273,0.00588042258589471,0.899980789033972,0,0.00937348549285158
3.99,1.10144093722701e-19,0.999956020069943,4.37047691887e-05,2.7516076748129e-07,0.0132556239041874,3.38869009208466e-06,0.0132216257783993,0.500001617605627,0.506610675308766,0.506610814708237,0.00596516178256829,0.899980231363394,0,0.00945790040050834
4,1.10144093722701e-19,0.999954749965867,4.49648358423746e-05,2.85198189995959e-07,0.0134456113981234,3.499744153407e-06,0.0134108614461589,0.50000167024628,0.506705288123934,0.506705432635457,0.00605066187009031,0.899979660598468,0,0.009542587685279
4.01,1.10144093722701e-19,0.999953450195352,4.6254265574316e-05,2.95538972777382e-07,0.0136372947065892,3.61376351932923e-06,0.0136017811256158,0.500001724278153,0.506800742793271,0.506800892572738,0.00613692529121139,0.899979076505654,0,0.00962754593256329
4.02,1.10144093722701e-19,0.999952120232231,4.75735774022165e-05,3.0619026625327e-07,0.0138306792139302,3.73080810825868e-06,0.0137943901047315,0.500001779728872,0.506897041957182,0.506897197164221,0.00622395447589796,0.899978478848623,0,0.00971277372952809
4.03,1.10144093722701e-19,0.999950759544098,4.89232964654737e-05,3.17159335914412e-07,0.0140257702757018,3.85093859936487e-06,0.0139886936430893,0.500001836626398,0.506994188241826,0.506994349039868,0.00631175184134692,0.899977867388245,0,0.00979826966510743
4.04,1.10144093722701e-19,0.999949367592279,5.03039540566814e-05,3.28453563050276e-07,0.0142225732186933,3.97421643384786e-06,0.0141846969719299,0.500001894999028,0.507092184259133,0.507092350815474,0.00640031979200023,0.899977241882571,0,0.00988403233000249
4.05,1.10144093722701e-19,0.999947943831801,5.17160876529279e-05,3.40080445471786e-07,0.014421093340952,4.10070381606929e-06,0.0143824052941878,0.500001954875395,0.507191032606821,0.507191205092683,0.00648966071955956,0.899976602086824,0,0.00997006031668157
4.06,1.10144093722701e-19,0.999946487711354,5.31602409469014e-05,3.52047598221145e-07,0.0146213359118064,4.23046371454504e-06,0.0145818237845262,0.500002016284467,0.507290735868414,0.507290914459013,0.00657977700300089,0.899975947753378,0,0.0100563522193801
4.07,1.10144093722701e-19,0.999944998673267,5.46369638777971e-05,3.64362754268567e-07,0.0148233061718904,4.36355986279851e-06,0.0147829575893723,0.500002079255552,0.507391296613259,0.507391481487867,0.00667067100858901,0.89997527863175,0,0.0101429066341008
4.08,1.10144093722701e-19,0.999943476153472,5.61468126620286e-05,3.77033765195823e-07,0.0150270093331663,4.50005676007369e-06,0.0149858118269524,0.500002143818291,0.507492717396543,0.507492908738557,0.00676234508989221,0.89997459446858,0,0.0102297221586133
4.09,1.10144093722701e-19,0.999941919581474,5.7690349823738e-05,3.90068601866459e-07,0.0152324505789477,4.640019671907e-06,0.0151903915873259,0.50000221000266,0.507595000759312,0.507595198756312,0.00685480158779668,0.899973895007623,0,0.0103167973924546
4.1,1.10144093722701e-19,0.999940328380319,5.92681442251046e-05,4.03475355082614e-07,0.0154396350639233,4.78351463055711e-06,0.0153967019324196,0.500002277838974,0.507698149228482,0.507698354072307,0.00694804283052114,0.899973179989729,0,0.0104041309369286
4.11,1.10144093722701e-19,0.999938701966566,6.08807710964497e-05,4.1726223622833e-07,0.0156485679141792,4.93060843529191e-06,0.0156047478960613,0.500002347357879,0.507802165316862,0.507802377203669,0.00704207113363126,0.899972449152833,0,0.0104917213951066
4.12,1.10144093722701e-19,0.999937039750255,6.25288120661365e-05,4.31437577899274e-07,0.0158592542272219,5.08136865253196e-06,0.0158145344840134,0.500002418590359,0.507907051523167,0.507907270653501,0.00713688880005422,0.89997170223194,0,0.010579567371827
4.13,1.10144093722701e-19,0.999935341134874,6.42128551902617e-05,4.46009834518798e-07,0.0160716990720004,5.23586361584945e-06,0.0160260666740056,0.50000249156773,0.508012810332035,0.508013036910897,0.00723249812009307,0.899970938959111,0,0.0106676674736952
4.14,1.10144093722701e-19,0.999933605517334,6.59334949821385e-05,4.60987582940275e-07,0.0162859074889293,5.39416242582239e-06,0.0162393494157677,0.500002566321642,0.508119444214042,0.508119678450956,0.00732890137144132,0.899970159063448,0,0.0107560203090838
4.15,1.10144093722701e-19,0.999931832287934,6.7691332441568e-05,4.76379523035632e-07,0.0165018844899103,5.55633494974295e-06,0.0164543876310617,0.500002642884079,0.508226955625719,0.5082271977348,0.00742610081919719,0.899969362271085,0,0.0108446244881326
4.16,1.10144093722701e-19,0.999930020830337,6.94869750838986e-05,4.92194478270074e-07,0.0167196350583548,5.72245182117974e-06,0.0166711862137137,0.500002721287356,0.508335347009567,0.508335597209593,0.0075240987158782,0.899968548305169,0,0.0109334786227486
4.17,1.10144093722701e-19,0.999928170521534,7.13210369688693e-05,5.08441396262904e-07,0.0169391641492053,5.8925844393932e-06,0.0168897500296458,0.50000280156412,0.508444620794074,0.50844487930855,0.0076228973014354,0.899967716885851,0,0.0110225813266057
4.18,1.10144093722701e-19,0.99992628073182,7.31941387292376e-05,5.2512934933446e-07,0.0171604766889573,6.06680496860384e-06,0.0171100839169065,0.500002883747347,0.508554779393728,0.50855504645096,0.00772249880326785,0.89996686773027,0,0.0111119312151453
4.19,1.10144093722701e-19,0.999924350824764,7.51069075991886e-05,5.42267535039111e-07,0.0173835775756811,6.24518633711272e-06,0.0173321926857019,0.500002967870346,0.508665825209033,0.508666101042197,0.0078229054362369,0.899966000552541,0,0.0112015269055756
4.2,1.10144093722701e-19,0.999922380157179,7.70599774425243e-05,5.59865276684317e-07,0.0176084716790426,6.42780223627379e-06,0.0175560811184259,0.50000305396675,0.508777760626524,0.508778045473737,0.00792411940268058,0.899965115063741,0,0.0112913670168722
4.21,1.10144093722701e-19,0.999920368079094,7.905398878063e-05,5.77932023835744e-07,0.0178351638403247,6.61472711931773e-06,0.0177817539696902,0.500003142070522,0.508890588018783,0.508890882123172,0.00802614289242781,0.899964210971898,0,0.0113814501697777
4.22,1.10144093722701e-19,0.999918313933726,8.10895888202189e-05,5.96477352808441e-07,0.0180636588724485,6.80603620002718e-06,0.0180092159663537,0.500003232215951,0.50900430974445,0.509004613354226,0.00812897808281282,0.899963287981976,0,0.011471774986802
4.23,1.10144093722701e-19,0.999916217057451,8.31674314808494e-05,6.15510967144089e-07,0.0182939615599939,7.00180545126263e-06,0.0182384718075518,0.500003324437651,0.509118928148242,0.50911924151677,0.0082326271386893,0.899962345795865,0,0.0115623400922219
4.24,1.10144093722701e-19,0.999914076779779,8.5288177422217e-05,6.35042698074354e-07,0.0185260766592202,7.20211160333928e-06,0.0184695261647251,0.50000341877056,0.509234445560963,0.509234768946836,0.00833709221244473,0.899961384112364,0,0.0116531441120816
4.25,1.10144093722701e-19,0.999911892423323,8.74524940712161e-05,6.55082504970365e-07,0.0187600088980867,7.40703214225433e-06,0.0187023836816475,0.500003515249937,0.509350864299521,0.509351197966631,0.0084423754440146,0.899960402627172,0,0.0117441856741922
4.26,1.10144093722701e-19,0.999909663303774,8.96610556487713e-05,6.75640475778368e-07,0.0189957629762731,7.61664530776467e-06,0.0189370489744547,0.500003613911361,0.509468186666939,0.509468530884551,0.00854847896089656,0.899959401032877,0,0.0118354634081323
4.27,1.10144093722701e-19,0.999907388729875,9.19145431964376e-05,6.96726827441598e-07,0.0192333435651993,7.83103009131503e-06,0.019173526631671,0.500003714790734,0.509586414952371,0.509586769995196,0.00865540487816468,0.899958379018938,0,0.0119269759452472
4.28,1.10144093722701e-19,0.99990506800339,9.42136446027651e-05,7.18351906308443e-07,0.0194727553080453,8.05026623381631e-06,0.019411821214237,0.500003817924272,0.509705551431115,0.509705917579384,0.00876315529848359,0.899957336271678,0,0.0120187219186496
4.29,1.10144093722701e-19,0.999902700419081,9.65590546294294e-05,7.40526188526944e-07,0.0197140028197714,8.27443422327436e-06,0.0196519372555359,0.500003923348508,0.509825598364623,0.509825975904161,0.00887173231212262,0.89995627247427,0,0.0121106999632195
4.3,1.10144093722701e-19,0.999900285264682,9.89514749371233e-05,7.63260280425734e-07,0.0199570906871373,8.50361529226902e-06,0.0198938792614201,0.500004031100289,0.509946558000519,0.509946947222821,0.00898113799696994,0.899955187306723,0,0.0122029087156037
4.31,1.10144093722701e-19,0.999897821820869,0.000101391614111211,7.8656491888149e-07,0.0202020234687218,8.73789141528383e-06,0.0201376517102369,0.500004141216776,0.510068432572609,0.510068833774911,0.00909137441854666,0.899954080445876,0,0.0122953468142163
4.32,1.10144093722701e-19,0.99989530936124,0.000103880187687141,8.10450971672984e-07,0.0204488056949416,8.97734530588621e-06,0.0203832590528539,0.500004253735437,0.510191224300891,0.510191637786251,0.00920244363002093,0.899952951565378,0,0.0123880128992387
4.33,1.10144093722701e-19,0.999892747152286,0.000106417918175615,8.34929437821863e-07,0.0206974418680708,9.22206041375871e-06,0.020630705712684,0.500004368694052,0.510314935391573,0.510315361468942,0.00931434767222199,0.899951800335685,0,0.0124809056126192
4.34,1.10144093722701e-19,0.999890134453364,0.000109005535087517,8.60011447920237e-07,0.0209479364622594,9.47212092158118e-06,0.0208799960857102,0.500004486130704,0.510439568037081,0.510440007021382,0.00942708857365424,0.899950626424041,0,0.0125740235980733
4.35,1.10144093722701e-19,0.999887470516676,0.000111643774958593,8.85708264445223e-07,0.021200293923552,9.72761174176453e-06,0.0211311345405097,0.500004606083783,0.510565124416072,0.510565576628274,0.00954066835051123,0.899949429494472,0,0.0126673655010837
4.36,1.10144093722701e-19,0.999884754587243,0.000114333381373884,9.12031282060559e-07,0.0214545186699062,9.98861851303614e-06,0.0213841254182775,0.500004728591979,0.510691606693447,0.510692072460644,0.0096550890066897,0.89994820920777,0,0.0127609299689004
4.37,1.10144093722701e-19,0.999881985902879,0.000117075104991912,9.3899202790544e-07,0.0217106150912113,1.02552275968775e-05,0.0216389730328499,0.500004853694283,0.510819017020361,0.510819496675847,0.00977035253380354,0.899946965221488,0,0.0128547156505402
4.38,1.10144093722701e-19,0.999879163694169,0.000119869703568616,9.66602161870699e-07,0.0219685875493055,1.05275260738145e-05,0.0218956816707273,0.500004981429982,0.510947357534232,0.510947851417582,0.00988646091119773,0.89994569718992,0,0.0129487211967873
4.39,1.10144093722701e-19,0.999876287184441,0.000122717941981031,9.94873476862526e-07,0.0222284403779948,1.08056017395606e-05,0.0221542555910966,0.500005111838659,0.51107663035876,0.511077138815901,0.0100034161059623,0.8999444047641,0,0.013042945260193
4.4,1.10144093722701e-19,0.999873355589749,0.000125620592250721,1.02381789905383e-06,0.02249017788307,1.10895431010139e-05,0.0224146990258535,0.500005244960189,0.511206837603927,0.511207360987225,0.0101212200729464,0.899943087591785,0,0.0131373864950757
4.41,1.10144093722701e-19,0.999870368118844,0.00012857843356695,1.0534474881235e-06,0.0227538043423244,1.13794393721084e-05,0.0226770161796239,0.500005380834737,0.511337981366018,0.511338520034349,0.0102398747547718,0.899941745317444,0,0.0132320435575209
4.42,1.10144093722701e-19,0.999867323973152,0.000131592252309604,1.08377443748363e-06,0.0230193240055713,1.167538046952e-05,0.022941211229785,0.500005519502754,0.511470063727623,0.511470618046456,0.0103593820818472,0.89994037758225,0,0.0133269151053814
4.43,1.10144093722701e-19,0.999864222346753,0.000134662842071842,1.11481107449501e-06,0.0232867410946611,1.19774570082281e-05,0.0232072883264862,0.500005661004977,0.511603086757656,0.51160365709913,0.0104797439723819,0.899938984024069,0,0.0134219997982771
4.44,1.10144093722701e-19,0.999861062426356,0.000137791003682505,1.14656986067102e-06,0.0235560598034979,1.22857602969332e-05,0.0234752515926695,0.500005805382425,0.511737052511354,0.511737639254359,0.0106009623323996,0.899937564277449,0,0.0135172962975949
4.45,1.10144093722701e-19,0.999857843391279,0.000140977545228245,1.17906339187008e-06,0.0238272842980567,1.26003823333322e-05,0.023745105124089,0.500005952676393,0.511871963030298,0.511872566560554,0.0107230390557521,0.899936117973609,0,0.013612803266489
4.46,1.10144093722701e-19,0.999854564413426,0.000144223282075407,1.21230439847701e-06,0.0241004187163997,1.29214157992507e-05,0.0240168529893307,0.500006102928454,0.512007820342416,0.512008441052552,0.0108459760241336,0.89993464474043,0,0.0137085193698807
4.47,1.10144093722701e-19,0.999851224657262,0.000147529036891637,1.24630574557336e-06,0.0243754671686929,1.32489540556347e-05,0.0242904992298314,0.500006256180455,0.512144626461993,0.51214526475163,0.0109697751070938,0.899933144202446,0,0.0138044432744584
4.48,1.10144093722701e-19,0.999847823279799,0.000150895639667225,1.281080433097e-06,0.0246524337372218,1.35830911374016e-05,0.0245660478598971,0.50000641247451,0.512282383389682,0.512283039665512,0.011094438162052,0.89993161598083,0,0.0139005736486777
4.49,1.10144093722701e-19,0.999844359430567,0.000154323927736188,1.31664159599124e-06,0.024931322476408,1.39239217481518e-05,0.0248435028667214,0.500006571853002,0.512421093112512,0.512421767788378,0.0112199670343109,0.89993005969339,0,0.0139969091627614
4.5,1.10144093722701e-19,0.999840832251598,0.000157814745797074,1.35300250434368e-06,0.0252121374128247,1.42715412547417e-05,0.0251228682104031,0.500006734358575,0.512560757603899,0.512561451100878,0.01134636355707,0.899928474954555,0,0.0140934484886993
4.51,1.10144093722701e-19,0.999837240877402,0.000161368945933502,1.39017656351497e-06,0.025494882545212,1.46260456817202e-05,0.0254041478239635,0.500006900034136,0.51270137882365,0.512702091570133,0.0114736295514398,0.899926861375366,0,0.0141901903002485
4.52,1.10144093722701e-19,0.999833584434951,0.00016498738763443,1.42817731425788e-06,0.0257795618444931,1.49875317056272e-05,0.025687345613363,0.500007068922847,0.512842958717974,0.512843691149751,0.0116017668264548,0.899925218563467,0,0.0142871332729331
4.53,1.10144093722701e-19,0.999829862043653,0.000168670937814146,1.46701843282678e-06,0.0260661792537885,1.53560966491591e-05,0.025972465457518,0.500007241068124,0.512985499219492,0.512986251779831,0.0117307771790875,0.8999235461231,0,0.0143842760840445
4.54,1.10144093722701e-19,0.999826072815337,0.000172420470831992,1.50671373107792e-06,0.0263547386884319,1.57318384751985e-05,0.0262595112083163,0.500007416513633,0.513129002247242,0.513129775386972,0.0118606623942621,0.899921843655086,0,0.0144816174126411
4.55,1.10144093722701e-19,0.999822215854231,0.000176236868511801,1.54727715656066e-06,0.0266452440359844,1.61148557807119e-05,0.026548486690633,0.500007595303287,0.513273469706688,0.513274263884283,0.011991424244868,0.899920110756827,0,0.0145791559395486
4.56,1.10144093722701e-19,0.999818290256946,0.000180121020161064,1.58872279260007e-06,0.0269376991562496,1.65052477905163e-05,0.0268393957023456,0.500007777481239,0.513418903489726,0.513419719171388,0.0121230644917732,0.899918347022289,0,0.0146768903473596
4.57,1.10144093722701e-19,0.999814295112451,0.000184073822589818,1.63106485837105e-06,0.0272321078812876,1.69031143509149e-05,0.0271322420143484,0.500007963091886,0.513565305474695,0.513566143134435,0.012255584883838,0.899916552041996,0,0.0147748193204341
4.58,1.10144093722701e-19,0.999810229502061,0.000188096180129254,1.67431770896428e-06,0.0275284740154295,1.73085559232043e-05,0.0274270293705673,0.500008152179856,0.513712677526379,0.513713537646104,0.0123889871579286,0.899914725403024,0,0.0148729415448991
4.59,1.10144093722701e-19,0.999806092499414,0.000192189004650034,1.71849583544439e-06,0.0278268013352913,1.77216735770544e-05,0.0277237614879729,0.500008344790011,0.513861021496019,0.513861904565613,0.0125232730389306,0.899912866688988,0,0.0149712557086488
4.6,1.10144093722701e-19,0.999801883170454,0.000196353215580341,1.76361386490048e-06,0.0281270935897879,1.81425689837618e-05,0.0280224420565945,0.500008540967441,0.514010339221315,0.514011245738726,0.0126584442397623,0.899910975480035,0,0.0150697605013446
4.61,1.10144093722701e-19,0.999797600573416,0.000200589739923629,1.80968656048949e-06,0.0284293545001467,1.85713444093794e-05,0.0283230747395328,0.500008740757459,0.514160632526436,0.514161562997758,0.0127945024613882,0.899909051352838,0,0.015168454614415
4.62,1.10144093722701e-19,0.999793243758802,0.000204899512276098,1.8567288214725e-06,0.0287335877599207,1.90081027077225e-05,0.0286256631729724,0.500008944205597,0.514311903222025,0.514312858161584,0.0129314493928326,0.899907093880585,0,0.0152673367410556
4.63,1.10144093722701e-19,0.999788811769372,0.000209283474843875,1.90475568324449e-06,0.0290397970350021,1.94529473132533e-05,0.028930210966194,0.500009151357605,0.514464153105205,0.514465133035643,0.013069286711193,0.899905102632972,0,0.0153664055762291
4.64,1.10144093722701e-19,0.999784303640122,0.000213742577459912,1.95378231735769e-06,0.0293479859636356,1.9905982233846e-05,0.0292367217015864,0.500009362259444,0.514617383959584,0.514618389411945,0.0132080160816532,0.899903077176196,0,0.0154656598166654
4.65,1.10144093722701e-19,0.999779718398267,0.000218277777600587,2.00382403153896e-06,0.0296581581564305,2.03673120434335e-05,0.029545198934657,0.500009576957282,0.514771597555262,0.514772629069079,0.0133476391574971,0.899901017072945,0,0.0155650981608618
4.66,1.10144093722701e-19,0.999775055063228,0.000222890040402023,2.05489626970149e-06,0.0299703171963739,2.08370418745373e-05,0.0298556461940436,0.50000979549749,0.514926795648837,0.514927853772214,0.0134881575801218,0.899898921882393,0,0.0156647193090823
4.67,1.10144093722701e-19,0.999770312646611,0.000227580338676106,2.10701461195105e-06,0.030284466638843,2.13152774106829e-05,0.0301680669815242,0.500010017926642,0.515082979983406,0.515084065273109,0.0136295729790508,0.899896791160191,0,0.0157645219633583
4.68,1.10144093722701e-19,0.999765490152199,0.000232349652926216,2.16019477458731e-06,0.0306006100116176,2.18021248787021e-05,0.0304824647720273,0.500010244291502,0.515240152288576,0.515241265310117,0.0137718869719476,0.89989462445846,0,0.0158645048274883
4.69,1.10144093722701e-19,0.999760586575927,0.000237198971362654,2.21445261010036e-06,0.0309187508148915,2.22976910409235e-05,0.0307988430136415,0.500010474639026,0.515398314280466,0.515399455608187,0.0139151011646289,0.899892421325782,0,0.015964666607038
4.7,1.10144093722701e-19,0.999755600905875,0.000242129289917785,2.26980410716289e-06,0.0312388925212852,2.28020831872542e-05,0.0311172051276247,0.500010709016358,0.515557467661709,0.515558637878874,0.0140592171510776,0.899890181307196,0,0.0160650060093402
4.71,1.10144093722701e-19,0.999750532122248,0.000247141612260871,2.32626539061828e-06,0.0315610385758568,2.33154091271531e-05,0.0314375545084128,0.500010947470822,0.515717614121461,0.515718813820341,0.0142042365134566,0.899887903944191,0,0.0161655217434948
4.72,1.10144093722701e-19,0.999745379197366,0.000252236949812615,2.38385272146506e-06,0.0318851923961141,2.38377771814995e-05,0.0317598945236284,0.50001119004992,0.515878755335403,0.515879985117361,0.0143501608221213,0.899885588774695,0,0.016266212520369
4.73,1.10144093722701e-19,0.999740141095643,0.000257416321759397,2.4425824968379e-06,0.0322113573720252,2.43692961743569e-05,0.0320842285140884,0.500011436801324,0.516040892965746,0.516042153441329,0.0144969916356333,0.899883235333072,0,0.0163670770525969
4.74,1.10144093722701e-19,0.999734816773582,0.000262680755067213,2.50247124998566e-06,0.0325395368660302,2.49100754246351e-05,0.0324105597938121,0.500011687772878,0.516204028661231,0.516205320450256,0.0146447305007735,0.899880843150114,0,0.0164681140545799
4.75,1.10144093722701e-19,0.999729405179754,0.000268031284495314,2.56353565024667e-06,0.0328697342130518,2.54602247376533e-05,0.0327388916500279,0.500011943012586,0.516368164057139,0.516369487788781,0.014793378952555,0.899878411753036,0,0.0165693222424865
4.76,1.10144093722701e-19,0.999723905254787,0.000273468952609532,2.62579250302169e-06,0.0332019527205056,2.60198543966042e-05,0.0330692273431804,0.500012202568612,0.516533300775288,0.51653465708817,0.0149429385142365,0.899875940665467,0,0.0166707003342525
4.77,1.10144093722701e-19,0.999718315931355,0.000278994809795311,2.6892587497449e-06,0.0335361956683114,2.6589075153923e-05,0.033401570106937,0.500012466489272,0.516699440424043,0.516700829966323,0.0150934106973352,0.899873429407448,0,0.0167722470495806
4.78,1.10144093722701e-19,0.999712636134161,0.000284609914270423,2.75395146785314e-06,0.0338724663089025,2.71679982225627e-05,0.0337359231481934,0.500012734823034,0.516866584598312,0.516868008027774,0.0152447970016402,0.899870877495421,0,0.0168739611099409
4.79,1.10144093722701e-19,0.999706864779932,0.000290315332097389,2.81988787075394e-06,0.0342107678672367,2.77567352671776e-05,0.0340722896470798,0.500013007618508,0.517034734879554,0.517036192863695,0.0153970989152251,0.899868284442226,0,0.0169758412385704
4.8,1.10144093722701e-19,0.999701000777396,0.000296112137195572,2.88708530779244e-06,0.0345511035408052,2.83553983952172e-05,0.0344106727569658,0.500013284924443,0.517203892835779,0.517205386051902,0.0155503179144613,0.899865649757095,0,0.0170778861604733
4.81,1.10144093722701e-19,0.999695043027283,0.000302001411352984,2.9555612642178e-06,0.0348934764996431,2.89641001479337e-05,0.0347510756044656,0.500013566789724,0.517374060021551,0.517375589156853,0.015704455464031,0.899862972945647,0,0.0171800946024212
4.82,1.10144093722701e-19,0.999688990422301,0.000307984244237759,3.02533336114921e-06,0.0352378898863386,2.95829534913032e-05,0.0350935012894422,0.500013853263361,0.51754523797799,0.517546803729654,0.0158595130169403,0.89986025350988,0,0.0172824652929524
4.83,1.10144093722701e-19,0.999682841847135,0.000314061733409333,3.09641935554206e-06,0.0355843468160421,3.02120718068656e-05,0.0354379528850118,0.500014144394495,0.517717428232778,0.517719031308059,0.0160154920145319,0.899857490948168,0,0.0173849969623728
4.84,1.10144093722701e-19,0.99967659617843,0.000320234984329298,3.16883714015436e-06,0.0359328503764754,3.08515688824824e-05,0.0357844334375474,0.50001444023238,0.517890632300153,0.517892273416476,0.0161723938864981,0.899854684755255,0,0.0174876883427552
4.85,1.10144093722701e-19,0.999670252284784,0.00032650511037195,3.24260474351399e-06,0.0362834036279406,3.15015589030173e-05,0.0361329459666825,0.500014740826387,0.518064851680919,0.518066531565964,0.0163302200508939,0.899851834422251,0,0.0175905381679395
4.86,1.10144093722701e-19,0.999663809026735,0.000332873232834515,3.31774032988695e-06,0.0366360096033287,3.21621564409405e-05,0.0364834934653136,0.500015046225996,0.518240087862442,0.518241807254238,0.01648897191415,0.899848939436622,0,0.0176935451735328
4.87,1.10144093722701e-19,0.999657265256753,0.000339340480947067,3.39426219924708e-06,0.0369906713081284,3.28334764468595e-05,0.0368360788996036,0.50001535648079,0.518416342318652,0.518418101965671,0.0166486508710851,0.899845999282195,0,0.0177967080969096
4.88,1.10144093722701e-19,0.99965061981923,0.000345907991882115,3.47218878724736e-06,0.0373473917204338,3.35156342399782e-05,0.0371907052089837,0.500015671640451,0.518593616510048,0.518595417171293,0.0168092583049195,0.899843013439144,0,0.0179000256772111
4.89,1.10144093722701e-19,0.999643871550471,0.000352576910763891,3.55153866519346e-06,0.0377061737909531,3.4208745498488e-05,0.0375473753061553,0.500015991754754,0.518771911883695,0.518773754328794,0.0169707955872872,0.899839981383987,0,0.018003496655346
4.9,1.10144093722701e-19,0.999637019278682,0.000359348390677298,3.63233054001946e-06,0.038067020443016,3.49129262498914e-05,0.0379060920770921,0.500016316873563,0.518951229873226,0.518953114882526,0.0171332640782495,0.899836902589589,0,0.0181071197739899
4.91,1.10144093722701e-19,0.999630061823969,0.000366223592676554,3.71458325426645e-06,0.0384299345725817,3.56282928612623e-05,0.0382668583810409,0.500016647046822,0.519131571898843,0.519133500263502,0.017296665126307,0.899833776525147,0,0.0182108937775858
4.92,1.10144093722701e-19,0.99962299799832,0.000373203685793503,3.79831578606407e-06,0.0387949190482465,3.63549620294445e-05,0.0386296770505229,0.500016982324557,0.519312939367318,0.519314911889398,0.0174610000684129,0.899830602656195,0,0.0183148174123436
4.93,1.10144093722701e-19,0.999615826605605,0.000380289847045612,3.88354724911535e-06,0.0391619767112506,3.70930507711907e-05,0.0389945508913345,0.500017322756862,0.519495333671993,0.519497351164554,0.0176262702299856,0.899827380444594,0,0.0184188894262405
4.94,1.10144093722701e-19,0.999608546441563,0.000387483261443636,3.97029689268531e-06,0.0395311103754858,3.78426764132455e-05,0.0393614826825468,0.5000176683939,0.519678756192777,0.519680819479972,0.0177924769249215,0.899824109348531,0,0.0185231085690208
4.95,1.10144093722701e-19,0.999601156293799,0.000394785121998967,4.05858410159339e-06,0.0399023228275021,3.86039565823737e-05,0.0397304751765068,0.500018019285895,0.519863208296153,0.51986531821332,0.0179596214556073,0.899820788822514,0,0.0186274735921959
4.96,1.10144093722701e-19,0.999593654941773,0.00040219662973065,4.14842839621019e-06,0.0402756168265143,3.93770091953369e-05,0.0401015310988358,0.500018375483126,0.52004869133517,0.52005084872893,0.0181277051129334,0.899817418317371,0,0.0187319832490444
4.97,1.10144093722701e-19,0.999586041156795,0.000409718993672081,4.23984943245884e-06,0.040650995104409,4.01619524488217e-05,0.0404746531484296,0.500018737035923,0.520235206649448,0.520237412377798,0.0182967291763057,0.899813997280243,0,0.0188366362946121
4.98,1.10144093722701e-19,0.999578313702021,0.000417353430877367,4.33286700182105e-06,0.0410284603657505,4.09589048093202e-05,0.0408498439974574,0.500019103994662,0.520422755565178,0.520425010497585,0.018466694913659,0.899810525154583,0,0.0189414314857118
4.99,1.10144093722701e-19,0.999570471332441,0.000425101166427369,4.42750103134844e-06,0.0414080152877871,4.17679850029679e-05,0.0412271062913601,0.500019476409756,0.520611339395114,0.520613644412614,0.0186376035814692,0.899807001380152,0,0.0190463675809236
5,1.10144093722701e-19,0.999562512794881,0.000432963433435409,4.52377158367924e-06,0.0417896625204569,4.25893120053389e-05,0.0416064426488493,0.500019854331654,0.520800959438583,0.520803315433874,0.0188094564247659,0.899803425393016,0,0.0191514433405947
5.01,1.10144093722701e-19,0.99955443682799,0.000440941473052644,4.62169885706059e-06,0.0421734046863941,4.34230050312026e-05,0.0419878556619049,0.500020237810833,0.520991616981474,0.520994024859015,0.0189822546771453,0.899799796625545,0,0.0192566575268392
5.02,1.10144093722701e-19,0.999546242162241,0.000449036534473124,4.72130318537695e-06,0.0425592443809337,4.42691835242449e-05,0.0423713478957735,0.500020626897793,0.521183313296244,0.521185773972351,0.0191559995607821,0.899796114506407,0,0.0193620089035389
5.03,1.10144093722701e-19,0.999537927519923,0.000457249874938495,4.8226050381846e-06,0.0429471841721176,4.51279671467547e-05,0.0427569218889652,0.500021021643051,0.521376049641913,0.521378564044855,0.0193306922864427,0.899792378460568,0,0.0194674962363421
5.04,1.10144093722701e-19,0.999529491615136,0.000465582759742396,4.92562502075267e-06,0.0433372266006997,4.59994757692802e-05,0.0431445801532516,0.500021422097136,0.521569827264065,0.521572396334163,0.0195063340534975,0.89978858790929,0,0.0195731182926648
5.05,1.10144093722701e-19,0.999520933153791,0.000474036462234496,5.03038387411085e-06,0.0437293741801503,4.68838294602558e-05,0.0435343251736625,0.500021828310582,0.521764647394844,0.521767272084568,0.019682926049933,0.899784742270124,0,0.0196788738416897
5.06,1.10144093722701e-19,0.9995122508336,0.000482612263824223,5.13690247510412e-06,0.0441236293966618,4.77811484756049e-05,0.0439261594084823,0.500022240333926,0.521960511252953,0.521963192527021,0.0198604694523649,0.899780840956914,0,0.019784761654367
5.07,1.10144093722701e-19,0.999503443344079,0.000491311453984134,5.24520183645464e-06,0.0445199947091525,4.86915532483177e-05,0.0443200852892468,0.500022658217698,0.522157420043655,0.522160158879132,0.0200389654260501,0.899776883379793,0,0.0198907805034139
5.08,1.10144093722701e-19,0.99949450936654,0.000500135330252966,5.35530310683099e-06,0.0449184725492717,4.961516437801e-05,0.0447161052207395,0.500023082012417,0.522355374958766,0.522358172345162,0.0202184151248991,0.899772868945178,0,0.0199969291633146
5.09,1.10144093722701e-19,0.99948544757409,0.000509085198238346,5.46722757092519e-06,0.0453190653214034,5.05521026204633e-05,0.045114221580987,0.500023511768588,0.522554377176658,0.522557234116028,0.0203988196914886,0.899768797055774,0,0.0201032064103207
5.1,1.10144093722701e-19,0.999476256631631,0.000518162371619158,5.58099664953743e-06,0.0457217754026707,5.15024888771502e-05,0.0455144367212551,0.500023947536692,0.522754427862253,0.522757345369298,0.020580180257074,0.899764667110565,0,0.0202096110224508
5.11,1.10144093722701e-19,0.999466935195853,0.000527368172147582,5.69663189966888e-06,0.0461266051429398,5.24664441847471e-05,0.0459167529660442,0.500024389367184,0.522955528167022,0.522958507269189,0.0207624979416014,0.899760478504821,0,0.0203161417794907
5.12,1.10144093722701e-19,0.999457481915234,0.000536703929650784,5.81415501462279e-06,0.0465335568648232,5.34440897046373e-05,0.0463211726130841,0.500024837310484,0.523157679228985,0.523160720966566,0.02094577385372,0.899756230630091,0,0.0204227974629933
5.13,1.10144093722701e-19,0.999447895430043,0.000546170982032275,5.93358782411387e-06,0.0469426328636835,5.4435546712406e-05,0.0467276979333293,0.500025291416975,0.523360882172702,0.523363987598939,0.0211300090907946,0.899751922874201,0,0.0205295768562786
5.14,1.10144093722701e-19,0.999438174372332,0.000555770675272926,6.05495229438647e-06,0.0473538354076369,5.54409365873329e-05,0.0471363311709536,0.500025751736994,0.523565138109279,0.523568308290461,0.021315204738918,0.89974755462126,0,0.020636478744434
5.15,1.10144093722701e-19,0.99942831736594,0.000565504363431643,6.17827052834122e-06,0.0477671667375561,5.64603808018804e-05,0.0475470745433443,0.50002621832083,0.523770448136358,0.523773684151927,0.0215013618729227,0.899743125251652,0,0.0207435019143137
5.16,1.10144093722701e-19,0.999418323026488,0.000575373408645701,6.30356476567087e-06,0.0481826290670731,5.74940009111842e-05,0.0479599302410969,0.500026691218714,0.523976813338115,0.523980116280767,0.0216884815563939,0.899738634142037,0,0.0208506451545393
5.17,1.10144093722701e-19,0.999408189961386,0.000585379181130735,6.430857383005e-06,0.0486002245825825,5.85419185425473e-05,0.048374900428009,0.500027170480818,0.524184234785263,0.52418760576105,0.0218765648416811,0.899734080665353,0,0.0209579072554993
5.18,1.10144093722701e-19,0.999397916769825,0.000595523059180391,6.56017089406389e-06,0.0490199554432436,5.96042553849397e-05,0.0487919872410738,0.500027656157244,0.52439271353504,0.524396153663476,0.0220656127699106,0.899729464190814,0,0.0210652870093497
5.19,1.10144093722701e-19,0.999387502042784,0.00060580642916563,6.69152794982184e-06,0.0494418237809831,6.06811331785067e-05,0.0492111927904739,0.500028148298024,0.524602250631212,0.524605761045377,0.0222556263709978,0.899724784083908,0,0.0211727832100134
5.2,1.10144093722701e-19,0.999376944363027,0.000616230685533694,6.82495133867973e-06,0.0498658317004973,6.17726737040894e-05,0.0496325191595751,0.500028646953112,0.524812847104068,0.52481642895071,0.0224466066636592,0.899720039706401,0,0.0212803946531804
5.21,1.10144093722701e-19,0.999366242305106,0.000626797230806717,6.96046398664724e-06,0.050291981279254,6.28789987727585e-05,0.0500559684049187,0.500029152172375,0.525024503970416,0.525028158410057,0.0226385546554244,0.899715230416332,0,0.021388120136308
5.22,1.10144093722701e-19,0.999355394435362,0.000637507475580008,7.0980889575346e-06,0.0507202745674948,6.40002302153657e-05,0.0504815425562156,0.500029664005595,0.525237222233579,0.525240950440622,0.0228314713426486,0.899710355568018,0,0.0214959584586206
5.23,1.10144093722701e-19,0.999344399311926,0.000648362838519972,7.23784945315401e-06,0.051150713588236,6.51364898721132e-05,0.0509092436163381,0.500030182502456,0.525451002883392,0.525454806046226,0.0230253577105244,0.899705414512051,0,0.0216039084211096
5.24,1.10144093722701e-19,0.999333255484724,0.000659364746361695,7.37976881353088e-06,0.0515833003372713,6.62878995821465e-05,0.0513390735613136,0.500030707712542,0.5256658468962,0.525669726217304,0.023220214733094,0.8997004065953,0,0.0217119688265338
5.25,1.10144093722701e-19,0.999321961495476,0.000670514633906182,7.52387051712488e-06,0.0520180367831722,6.74545811731708e-05,0.0517710343403161,0.500031239685331,0.525881755234849,0.525885711930905,0.0234160433732615,0.899695331160911,0,0.0218201384794191
5.26,1.10144093722701e-19,0.999310515877701,0.00068181394401724,7.6701781810607e-06,0.0524549248672897,6.8636656451095e-05,0.052205127875659,0.500031778470192,0.526098728848689,0.526102764150684,0.0236128445828044,0.899690187548307,0,0.0219284161860583
5.27,1.10144093722701e-19,0.99929891715672,0.000693264127618028,7.81871556136892e-06,0.0528939665037551,6.98342471897054e-05,0.0526413560627875,0.500032324116372,0.526316768673563,0.5263208838269,0.0238106193023862,0.899684975093192,0,0.0220368007545115
5.28,1.10144093722701e-19,0.999287163849659,0.000704866643687245,7.96950655323664e-06,0.053335163579481,7.10474751203713e-05,0.0530797207702699,0.500032876672999,0.526535875631808,0.526540071896414,0.0240093684615681,0.899679693127547,0,0.0221452909946061
5.29,1.10144093722701e-19,0.999275254465453,0.000716622959254982,8.1225751912681e-06,0.0537785179541618,7.22764619217868e-05,0.0535202238397901,0.500033436189072,0.526756050632249,0.526760329282684,0.024209092978821,0.899674340979636,0,0.0222538857179365
5.3,1.10144093722701e-19,0.999263187504852,0.000728534549398211,8.2779456497551e-06,0.0542240314602744,7.35213292097476e-05,0.0539628670861387,0.500034002713457,0.526977294570194,0.526981656895761,0.0244097937615376,0.899668917974006,0,0.0223625837378641
5.31,1.10144093722701e-19,0.999250961460421,0.000740602897235947,8.43564224295756e-06,0.0546717059030788,7.47821985269709e-05,0.0544076522972052,0.500034576294879,0.527199608327431,0.527204055632286,0.0246114717060442,0.899663423431487,0,0.0224713838695177
5.32,1.10144093722701e-19,0.99923857481655,0.000752829493924036,8.59568942539367e-06,0.0551215430606175,7.60591913329546e-05,0.0548545812339687,0.500035156981921,0.527422992772221,0.527427526375485,0.0248141276976129,0.899657856669193,0,0.0225802849297931
5.33,1.10144093722701e-19,0.999226026049458,0.000765215838649613,8.75811179214012e-06,0.0555735446837164,7.73524289938842e-05,0.05530365563049,0.500035744823016,0.527647448759299,0.527652069995168,0.0250177626104732,0.899652217000528,0,0.0226892857373533
5.34,1.10144093722701e-19,0.999213313627195,0.000777763438625198,8.92293407914197e-06,0.056027712495984,7.86620327725853e-05,0.0557548771939017,0.500036339866439,0.527872977129861,0.52787768734772,0.025222377307824,0.899646503735185,0,0.0227983851126285
5.35,1.10144093722701e-19,0.999200436009654,0.000790473809082452,9.09018116353227e-06,0.0564840481938118,7.99881238185268e-05,0.0562082476044005,0.500036942160308,0.528099578711568,0.528104379276102,0.0254279726418457,0.899640716179145,0,0.0229075818778159
5.36,1.10144093722701e-19,0.99918739164857,0.00080334847326557,9.25987806396135e-06,0.056942553446373,8.13308231578762e-05,0.0566637685152368,0.500037551752574,0.528327254318536,0.528332146609844,0.0256345494537117,0.899634853634687,0,0.0230168748568799
5.37,1.10144093722701e-19,0.999174178987535,0.000816388962424338,9.43204994093566e-06,0.0574032298956226,8.26902516836104e-05,0.0571214415527068,0.500038168691016,0.528556004751333,0.528560990165042,0.0258421085736005,0.899628915400383,0,0.0231262628755522
5.38,1.10144093722701e-19,0.999160796461996,0.000829596815806823,9.60672209716592e-06,0.0578660791562962,8.40665301456817e-05,0.0575812683161419,0.500038793023239,0.528785830796972,0.528790910744352,0.0260506508207074,0.899622900771105,0,0.0232357447613314
5.39,1.10144093722701e-19,0.99914724249927,0.000842973580651728,9.78391997792493e-06,0.0583311028159093,8.54597791412465e-05,0.0580432503779005,0.500039424796664,0.529016733228911,0.52902190913699,0.0262601770032564,0.899616809038025,0,0.0233453193434834
5.4,1.10144093722701e-19,0.999133515518548,0.000856520812180384,9.96366917141416e-06,0.058798302434756,8.68701191049524e-05,0.0585073892833577,0.500040064058526,0.529248712807043,0.529253986118721,0.026470687918512,0.899610639488618,0,0.0234549854530412
5.41,1.10144093722701e-19,0.999119613930902,0.000870240073588396,1.01459954091397e-05,0.0592676795459081,8.82976702992929e-05,0.0589736865508962,0.50004071085587,0.529481770277694,0.529487142451863,0.0266821843527906,0.899604391406669,0,0.0235647419228049
5.42,1.10144093722701e-19,0.999105536139297,0.000884132936036935,1.03309245662972e-05,0.0597392356552133,8.97425528050255e-05,0.0594421436718964,0.500041365235542,0.529715906373615,0.529721378885274,0.0268946670814731,0.89959806407227,0,0.0236745875873419
5.43,1.10144093722701e-19,0.999091280538594,0.00089820097864368,1.05184826621648e-05,0.0602129722412939,9.12048865116615e-05,0.0599127621107267,0.500042027244187,0.529951121813982,0.529956696154356,0.0271081368690155,0.899591656761828,0,0.0237845212829867
5.44,1.10144093722701e-19,0.999076845515566,0.000912445788473405,1.07086958605058e-05,0.0606888907555453,9.26847911080245e-05,0.0603855433047339,0.500042696928242,0.530187417304387,0.530193094981041,0.0273225944689617,0.899585168748065,0,0.0238945418478407
5.45,1.10144093722701e-19,0.999062229448902,0.00092686896052822,1.09015904699788e-05,0.0611669926221335,9.41823860728842e-05,0.060860488664233,0.500043374333934,0.530424793536831,0.530430576073798,0.0275380406239544,0.899578599300024,0,0.0240046481217728
5.46,1.10144093722701e-19,0.999047430709218,0.000941472097737447,1.10971929445563e-05,0.0616472792379939,9.56977906656637e-05,0.0613375995724976,0.500044059507271,0.530663251189727,0.530669140127617,0.0277544760657473,0.899571947683072,0,0.0241148389464188
5.47,1.10144093722701e-19,0.999032447659069,0.000956256810947165,1.12955298839508e-05,0.0621297519728288,9.72311239172267e-05,0.0618168773857496,0.500044752494041,0.530902790927883,0.530908787824015,0.0279719015152166,0.899565213158903,0,0.0242251131651817
5.48,1.10144093722701e-19,0.999017278652957,0.000971224718909376,1.14966280340495e-05,0.0626144121691048,9.87825046207424e-05,0.0622983234331496,0.500045453339803,0.531143413402508,0.531149519831021,0.0281903176823723,0.899558394985543,0,0.0243354696232318
5.49,1.10144093722701e-19,0.999001922037342,0.000986377448270847,1.17005142873556e-05,0.063101261142051,0.000100352051322635,0.0627819390167862,0.500046162089887,0.531385119251199,0.531391336803181,0.0284097252663706,0.899551492417354,0,0.0244459071675063
5.5,1.10144093722701e-19,0.998986376150655,0.00100171663356157,1.19072156834371e-05,0.0635903001796562,0.000101939882313612,0.0632677254116666,0.500046878789386,0.531627909097942,0.531634239381548,0.0286301249555247,0.899544504705037,0,0.0245564246467097
5.51,1.10144093722701e-19,0.998970639323308,0.00101724391718291,1.21167594093826e-05,0.0640815305426662,0.000103546115619788,0.0637556838657059,0.50004760348315,0.531871783553098,0.531878228193677,0.028851517427317,0.899537431095639,0,0.0246670209113137
5.52,1.10144093722701e-19,0.998954709877705,0.00103296094939534,1.23291728002633e-05,0.0645749534645807,0.000105170868993886,0.0642458155997173,0.500048336215786,0.532116743213409,0.532123303853626,0.0290739033484105,0.899530270832554,0,0.0247776948135569
5.53,1.10144093722701e-19,0.998938586128255,0.00104886938830589,1.25444833396021e-05,0.0650705701516507,0.000106814259906535,0.0647381218074016,0.500049077031649,0.532362788661981,0.532369466961943,0.0292972833746601,0.89952302315553,0,0.0248884452074453
5.54,1.10144093722701e-19,0.998922266381385,0.00106497089985519,1.27627186598475e-05,0.0655683817828754,0.000108476405537658,0.065232603655337,0.500049825974841,0.532609920468289,0.532616718105669,0.0295216581511247,0.899515687300676,0,0.024999270948752
5.55,1.10144093722701e-19,0.998905748935553,0.00108126715780422,1.29839065428548e-05,0.0660683895099986,0.000110157422767956,0.0657292622829692,0.500050583089202,0.532858139188163,0.532865057858328,0.0297470283120781,0.899508262500462,0,0.0251101708950171
5.56,1.10144093722701e-19,0.99888903208126,0.00109775984372062,1.32080749203708e-05,0.0665705944575059,0.000111857428170483,0.0662280988026009,0.500051348418309,0.533107445363791,0.533114486779926,0.0299733944810212,0.899500747983727,0,0.025221143905548
5.57,1.10144093722701e-19,0.998872114101061,0.00111445064696474,1.34352518745251e-05,0.0670749977226206,0.000113576538002326,0.0667291142993812,0.500052122005472,0.533357839523704,0.533365005416946,0.0302007572706929,0.899493142975685,0,0.0253321888414192
5.58,1.10144093722701e-19,0.998854993269587,0.0011313412646753,1.3665465638325e-05,0.0675816003753004,0.000115314868196376,0.0672323098312962,0.500052903893728,0.533609322182779,0.533616614302339,0.030429117283082,0.899485446697929,0,0.0254433045654723
5.59,1.10144093722701e-19,0.99883766785355,0.00114843340175465,1.3898744596155e-05,0.0680904034582338,0.000117072534353207,0.067737686429158,0.500053694125835,0.533861893842231,0.533869313955527,0.0306584751094385,0.899477658368435,0,0.025554489942316
5.6,1.10144093722701e-19,0.998820136111762,0.00116572877085379,1.41351172842805e-05,0.0686014079868359,0.000118849651733057,0.0682452450965949,0.500054492744272,0.534115554989606,0.534123104882391,0.0308888313302851,0.899469777201574,0,0.0256657438383264
5.61,1.10144093722701e-19,0.998802396295152,0.00118322909235692,1.43746123913538e-05,0.0691146149492446,0.000120646335247909,0.068754986810041,0.500055299791231,0.534370306098775,0.53437798757527,0.0311201865154287,0.899461802408109,0,0.0257770651216464
5.62,1.10144093722701e-19,0.998784446646776,0.00120093609436573,1.46172587589247e-05,0.0696300253063165,0.000122462699453684,0.0692669125187261,0.500056115308616,0.534626147629934,0.534633962512958,0.0313525412239718,0.89945373319521,0,0.0258884526621864
5.63,1.10144093722701e-19,0.998766285401835,0.00121885151268327,1.48630853819525e-05,0.0701476399916224,0.000124298858542541,0.0697810231446652,0.500056939338035,0.534883080029592,0.534891030160696,0.0315858960043239,0.899445568766451,0,0.0259999053316236
5.64,1.10144093722701e-19,0.998747910787694,0.00123697709079753,1.51121214093209e-05,0.0706674599114435,0.000126154926335282,0.070297319582649,0.500057771920801,0.53514110373057,0.535149190970169,0.0318202513942129,0.899437308321825,0,0.0261114220034026
5.65,1.10144093722701e-19,0.998729321023892,0.00125531457986462,1.5364396144354e-05,0.0711894859447664,0.000128031016273875,0.0708158027002331,0.500058613097923,0.535400219151995,0.535408445379502,0.0320556079206965,0.899428951057745,0,0.026223001552735
5.66,1.10144093722701e-19,0.998710514322164,0.00127386573869164,1.56199390453341e-05,0.0717137189432788,0.000129927241414087,0.0713364733377286,0.500059462910107,0.535660426699292,0.535668793813253,0.0322919661001738,0.899420496167052,0,0.0263346428565996
5.67,1.10144093722701e-19,0.998691488886455,0.00129263233371917,1.58787797260202e-05,0.0722401597313647,0.000131843714418226,0.0718593323081914,0.500060321397745,0.535921726764183,0.535930236682413,0.0325293264383962,0.899411942839022,0,0.0264463447937424
5.68,1.10144093722701e-19,0.998672242912941,0.0013116161390034,1.61409479561665e-05,0.0727688091060998,0.000133780547548009,0.0723843803974127,0.50006118860092,0.536184119724679,0.536192774384398,0.0327676894304793,0.899403290259374,0,0.0265581062446765
5.69,1.10144093722701e-19,0.99865277459004,0.00133081893619798,1.64064736620411e-05,0.0732996678372463,0.000135737852657536,0.072911618363909,0.500062064559398,0.536447605945074,0.536456407303044,0.0330070555609139,0.899394537610274,0,0.0266699260916821
5.7,1.10144093722701e-19,0.998633082098438,0.00135024251453544,1.66753869269435e-05,0.0738327366672483,0.000137715741186391,0.0734410469389122,0.500062949312621,0.536712185775943,0.536721135808608,0.0332474253035773,0.899385684070345,0,0.0267818032188066
5.71,1.10144093722701e-19,0.998613163611101,0.00136988867080831,1.69477179917218e-05,0.0743680163112261,0.000139714324152857,0.0739726668263594,0.50006384289971,0.536977859554134,0.536986960257755,0.0334887991217448,0.899376728814674,0,0.0268937365118645
5.72,1.10144093722701e-19,0.998593017293295,0.00138975920934986,1.72234972552872e-05,0.0749055074569716,0.000141733712147254,0.0745064787028839,0.500064745359456,0.537244627602765,0.537253880993563,0.033731177468101,0.899367671014817,0,0.0270057248584375
5.73,1.10144093722701e-19,0.998572641302611,0.00140985594201454,1.75027552751267e-05,0.0754452107649426,0.000143774015325402,0.075042483217805,0.50006565673032,0.537512490231215,0.537521898345511,0.0339745607847511,0.899358509838809,0,0.0271177671478744
5.74,1.10144093722701e-19,0.998552033788975,0.001430180688158,1.77855227678129e-05,0.0759871268682576,0.000145835343402198,0.0755806809931185,0.500066577050429,0.537781447735126,0.537791012629479,0.0342189495032318,0.899349244451173,0,0.0272298622712912
5.75,1.10144093722701e-19,0.998531192894674,0.00145073527461686,1.80718306095107e-05,0.0765312563726904,0.00014791780564533,0.0761210726234872,0.500067506357571,0.538051500396389,0.538061224147743,0.0344643440445233,0.899339874012923,0,0.027342009121571
5.76,1.10144093722701e-19,0.998510116754376,0.00147152153568803,1.83617098364798e-05,0.0770775998566639,0.000150021510869107,0.0766636586762315,0.500068444689194,0.538322648483148,0.538332533188971,0.0347107448190598,0.899330397681579,0,0.0274542065933641
5.77,1.10144093722701e-19,0.998488803495147,0.00149254131310777,1.86551916455724e-05,0.0776261578712452,0.000152146567428416,0.07720843969132,0.500069392082398,0.538594892249788,0.538604940028219,0.0349581522267415,0.899320814611167,0,0.0275664535830878
5.78,1.10144093722701e-19,0.998467251236476,0.00151379645603035,1.89523073947264e-05,0.0781769309401395,0.000154293083212814,0.0777554161813604,0.500070348573941,0.538868231936933,0.538878444926923,0.035206566656945,0.899311123952234,0,0.0276787489889268
5.79,1.10144093722701e-19,0.998445458090291,0.00153528882100639,1.92530886034531e-05,0.0787299195596839,0.00015646116564074,0.0783045886315899,0.500071314200227,0.539142667771444,0.539153048132904,0.0354559884885354,0.899301324851855,0,0.0277910917108327
5.8,1.10144093722701e-19,0.998423422160987,0.00155702027196085,1.95575669533172e-05,0.0792851241988421,0.000158650921653859,0.0788559574998665,0.500072288997306,0.539418199966407,0.539428749880353,0.0357064180898767,0.899291416453638,0,0.0279034806505243
5.81,1.10144093722701e-19,0.998401141545442,0.00157899268017069,1.98657742884122e-05,0.079842545299198,0.000160862457711539,0.0794095232166599,0.500073273000874,0.539694828721136,0.539705550389836,0.0359578558188438,0.899281397897739,0,0.0280159147114877
5.82,1.10144093722701e-19,0.998378614333043,0.00160120792424213,2.01777426158258e-05,0.0804021832749493,0.000163095879785455,0.0799652861850427,0.500074266246265,0.539972554221164,0.539983449868286,0.0362103020228329,0.899271268320864,0,0.028128392798976
5.83,1.10144093722701e-19,0.998355838605707,0.00162366789008766,2.04935041060995e-05,0.0809640385129022,0.000165351293354328,0.0805232467806814,0.500075268768453,0.540251376638238,0.540262448508999,0.0364637570387734,0.899261026856284,0,0.0282409138200094
5.84,1.10144093722701e-19,0.998332812437905,0.00164637447090266,2.08130910936777e-05,0.0815281113724642,0.000167628803398791,0.0810834053518281,0.500076280602047,0.540531296130318,0.540542546491631,0.0367182211931386,0.899250672633839,0,0.0283534766833754
5.85,1.10144093722701e-19,0.998309533896682,0.00166932956714161,2.11365360773483e-05,0.0820944021856383,0.000169928514396397,0.0816457622193117,0.500077301781287,0.540812312841568,0.540823743982197,0.0369736948019572,0.899240204779953,0,0.0284660802996286
5.86,1.10144093722701e-19,0.998286001041686,0.00169253508649413,2.14638717206733e-05,0.0826629112570165,0.000172250530316751,0.0822103176765294,0.500078332340044,0.541094426902355,0.541106041133063,0.0372301781708242,0.899229622417638,0,0.0285787235810907
5.87,1.10144093722701e-19,0.998262211925188,0.00171599294386049,2.17951308524082e-05,0.0832336388637732,0.000174594954616785,0.0827770719894389,0.500079372311818,0.541377638429244,0.541389438082942,0.0374876715949122,0.899218924666509,0,0.0286914054418505
5.88,1.10144093722701e-19,0.998238164592107,0.00173970506132689,2.21303464669104e-05,0.0838065852556589,0.000176961890236157,0.0833460253965492,0.500080421729732,0.541661947524992,0.541673934956898,0.0377461753589824,0.899208110642786,0,0.0288041247977641
5.89,1.10144093722701e-19,0.998213857080036,0.00176367336814043,2.24695517245363e-05,0.0843817506549933,0.0001793514395928,0.083917178108914,0.500081480626533,0.541947354278545,0.541959531866333,0.038005689737396,0.899197179459313,0,0.0289168805664546
5.9,1.10144093722701e-19,0.998189287419266,0.00178789980068362,2.28127799520238e-05,0.0849591352566586,0.000181763704578592,0.0844905303101224,0.500082549034588,0.542233858765036,0.542246228908989,0.0382662149941251,0.899186130225563,0,0.0290296716673123
5.91,1.10144093722701e-19,0.99816445363281,0.00181238630244865,2.31600646428641e-05,0.0855387392280935,0.000184198786555172,0.0850660821562919,0.500083626985883,0.542521461045775,0.542534026168946,0.0385277513827638,0.899174962047647,0,0.0291424970214947
5.92,1.10144093722701e-19,0.998139353736432,0.00183713482401134,2.35114394576574e-05,0.0861205627092854,0.000186656786349886,0.0856438337760605,0.500084714512019,0.542810161168252,0.542822923716613,0.0387902991465397,0.899163674028328,0,0.0292553555519263
5.93,1.10144093722701e-19,0.998113985738672,0.00186214732300462,2.38669382244548e-05,0.0867046058127641,0.000189137804251876,0.0862237852705793,0.500085811644213,0.543099959166128,0.543112921608731,0.0390538585183244,0.89915226526703,0,0.029368246183299
5.94,1.10144093722701e-19,0.99808834764087,0.00188742576409186,2.42265949390851e-05,0.0872908686235951,0.0001916419400083,0.0868059367135049,0.500086918413293,0.543390855059233,0.543404019888365,0.0393184297206451,0.899140734859845,0,0.0294811678420715
5.95,1.10144093722701e-19,0.998062437437196,0.00191297211893973,2.45904437654649e-05,0.0878793511993721,0.000194169292820692,0.0873902881509926,0.500088034849697,0.543682848853564,0.543696218584907,0.0395840129656954,0.899129081899552,0,0.0295941194564699
5.96,1.10144093722701e-19,0.998036253114675,0.00193878836619073,2.49585190358924e-05,0.0884700535702104,0.000196719961341459,0.0879768396016888,0.500089160983474,0.543975940541277,0.543989517714064,0.0398506084553467,0.89911730547562,0,0.0297070999564874
5.97,1.10144093722701e-19,0.998009792653215,0.00196487649143552,2.53308552513241e-05,0.08906297573874,0.000199294043670515,0.0885655910567244,0.500090296844278,0.544270130100687,0.544283917277865,0.0401182163811587,0.899105404674221,0,0.0298201082738843
5.98,1.10144093722701e-19,0.997983054025635,0.00199123848718472,2.57074870816326e-05,0.0896581176800978,0.000201891637352051,0.0891565424797079,0.500091442461367,0.544565417496264,0.544579417264652,0.0403868369243914,0.899093378578245,0,0.0299331433421881
5.99,1.10144093722701e-19,0.997956035197695,0.00201787635284056,2.60884493658463e-05,0.0902554793419216,0.000204512839371446,0.089749693806719,0.500092597863605,0.544861802678627,0.544876017649078,0.0406564702560151,0.899081226267305,0,0.0300462040966934
6,1.10144093722701e-19,0.997928734128121,0.00204479209466809,2.64737771123693e-05,0.0908550606443418,0.000207157746152313,0.0903450449463017,0.500093763079458,0.545159285584545,0.545173718392107,0.0409271165367222,0.899068946817756,0,0.030159289474462
6.01,1.10144093722701e-19,0.997901148768636,0.00207198772576609,2.68635054991814e-05,0.0914568614799751,0.000209826453553679,0.0909425957794584,0.500094938136989,0.54545786613693,0.54547251944101,0.0411987759169383,0.899056539302699,0,0.0302723984143227
6.02,1.10144093722701e-19,0.99787327706399,0.00209946526603765,2.72576698740169e-05,0.0920608817139168,0.000212519056867308,0.0915423461596437,0.500096123063866,0.545757544244836,0.54577242072936,0.0414714485368326,0.899044002791997,0,0.0303855298568717
6.03,1.10144093722701e-19,0.997845116951987,0.00212722674216045,2.76563057545221e-05,0.0926671211837336,0.000215235650815157,0.0921442959127583,0.50009731788735,0.546058319803453,0.546073422177035,0.0417451345263296,0.899031336352287,0,0.030498682744472
6.04,1.10144093722701e-19,0.997816666363516,0.00215527418755667,2.80594488283903e-05,0.0932755796994564,0.000217976329546969,0.0927484448371429,0.500098522634302,0.546360192694108,0.54637552369021,0.0420198340051199,0.899018539046989,0,0.0306118560212542
6.05,1.10144093722701e-19,0.997787923222585,0.0021836096423626,2.84671349534742e-05,0.093886257043573,0.000220741186638006,0.0933547927035735,0.500099737331178,0.546663162784261,0.54667872516136,0.042295547082671,0.899005609936322,0,0.0307250486331155
6.06,1.10144093722701e-19,0.997758885446346,0.0022122351533979,2.88794001578745e-05,0.0944991529710209,0.00022353031508691,0.0939633392552546,0.500100962004026,0.546967229927499,0.546983026469254,0.042572273858239,0.898992548077313,0,0.0308382595277208
6.07,1.10144093722701e-19,0.997729550945127,0.0022411527741346,2.9296280640004e-05,0.0951142672091796,0.000226343807313708,0.0945740842078153,0.500102196678493,0.547272393963538,0.547288427478955,0.042850014420879,0.898979352523811,0,0.0309514876545017
6.08,1.10144093722701e-19,0.997699917622467,0.00227036456466565,2.97178127686267e-05,0.0957315994578634,0.000229181755157946,0.095187027249303,0.500103441379814,0.547578654718218,0.547594928041817,0.0431287688494561,0.8989660223265,0,0.0310647319646572
6.09,1.10144093722701e-19,0.997669983375145,0.00229987259167332,3.01440330828719e-05,0.0963511493893143,0.000232044249876964,0.095802168040179,0.500104696132817,0.547886012003499,0.547902527995483,0.0434085372126573,0.898952556532912,0,0.0311779914111534
6.1,1.10144093722701e-19,0.997639746093212,0.00232967892839713,3.05749782922208e-05,0.0969729166481941,0.000234931382144295,0.0964195062133139,0.500105960961923,0.548194465617462,0.548211227163886,0.0436893195690013,0.898938954187434,0,0.0312912649487234
6.11,1.10144093722701e-19,0.997609203660023,0.00235978565460153,3.10106852764667e-05,0.0975969008515776,0.000237843242048211,0.0970390413739826,0.500107235891142,0.548504015344304,0.548521025357243,0.0439711159668505,0.898925214331331,0,0.0314045515338678
6.12,1.10144093722701e-19,0.997578353952272,0.00239019485654323,3.14511910856475e-05,0.0982231015889445,0.000240779919090389,0.0976607730998599,0.500108520944074,0.548814660954338,0.548831922372056,0.0442539264444216,0.898911336002752,0,0.0315178501248538
6.13,1.10144093722701e-19,0.997547194840023,0.00242090862693826,3.18965329399497e-05,0.0988515184221724,0.000243741502184718,0.0982847009410168,0.500109816143909,0.549126402203989,0.549143917991112,0.0445377510297965,0.898897318236743,0,0.0316311596817163
6.14,1.10144093722701e-19,0.997515724186743,0.00245192906492867,3.2346748229583e-05,0.0994821508855296,0.000246728079656233,0.0989108244199156,0.500111121513424,0.549439238835794,0.549457011983477,0.0448225897409338,0.898883160065265,0,0.0317444791662571
6.15,1.10144093722701e-19,0.997483939849338,0.00248325827604889,3.28018745146258e-05,0.100114998485667,0.000249739739240184,0.0995391430314069,0.500112437074987,0.549753170578397,0.5497712041045,0.0451084425856793,0.898868860517203,0,0.031857807542045
6.16,1.10144093722701e-19,0.997451839678185,0.00251489837219186,3.32619495248398e-05,0.100750060701612,0.000252776568081227,0.100169656242725,0.500113762850554,0.550068197146551,0.550086494095806,0.0453953095617773,0.898854418618383,0,0.0319711437744161
6.17,1.10144093722701e-19,0.997419421517167,0.00254685147157476,3.37270111594534e-05,0.101387336984759,0.000255838652732755,0.100802363493486,0.500115098861667,0.550384318241114,0.550402881685301,0.0456831906568816,0.898839833391582,0,0.0320844868304738
6.18,1.10144093722701e-19,0.99738668320371,0.00257911969870445,3.41970974869145e-05,0.102026826758864,0.00025892607915635,0.101437264195683,0.500116445129458,0.550701533549049,0.550720366587167,0.0459720858485664,0.898825103856547,0,0.0321978356790883
6.19,1.10144093722701e-19,0.997353622568814,0.00261170518434267,3.46722467446096e-05,0.102668529420036,0.000262038932721364,0.102074357733682,0.500117801674644,0.551019842743419,0.551038948501862,0.0462619951043375,0.898810229030003,0,0.0323111892908973
6.2,1.10144093722701e-19,0.997320237437092,0.00264461006547077,3.51524973385506e-05,0.10331244433673,0.000265177298204623,0.102713643464222,0.500119168517533,0.551339245483392,0.551358627116119,0.046552918381643,0.898795207925672,0,0.0324245466383054
6.21,1.10144093722701e-19,0.997286525626804,0.0026778364852543,3.56378878430284e-05,0.103958570849741,0.000268341259790267,0.103355120716411,0.500120545678019,0.551659741414234,0.551679402102946,0.0468448556278848,0.898780039554285,0,0.0325379066954844
6.22,1.10144093722701e-19,0.997252484949894,0.00271138659300719,3.61284570002318e-05,0.104606908272194,0.0002715309010697,0.103998788791721,0.500121933175583,0.551981330167311,0.552001273121626,0.0471378067804292,0.898764722923598,0,0.0326512684383733
6.23,1.10144093722701e-19,0.997218113212026,0.00274526254415566,3.66242437198316e-05,0.105257455889539,0.000274746305041677,0.10464464696399,0.500123331029297,0.552304011360086,0.552324239817712,0.0474317717666182,0.898749257038402,0,0.0327646308446782
6.24,1.10144093722701e-19,0.997183408212621,0.00277946650020176,3.71252870785297e-05,0.105910212959541,0.0002779875541125,0.105292694479418,0.500124739257818,0.55262778459612,0.552648301823033,0.0477267505037802,0.898733640900545,0,0.0328779928938724
6.25,1.10144093722701e-19,0.997148367744895,0.00281400062868675,3.76316263195718e-05,0.106565178712278,0.000281254730096345,0.105942930556561,0.500126157879394,0.552952649465072,0.552973458755691,0.0480227428992412,0.898717873508941,0,0.0329913535671962
6.26,1.10144093722701e-19,0.997112989595895,0.00284886710315396,3.81433008522243e-05,0.107222352350127,0.000284547914215704,0.106595354386338,0.500127586911862,0.553278605542694,0.553299710220057,0.0483197488503361,0.898701953859588,0,0.0331047118476574
6.27,1.10144093722701e-19,0.997077271546539,0.00288406810311156,3.86603502512129e-05,0.107881733047763,0.000287867187101948,0.10724996513202,0.500129026372646,0.553605652390835,0.553627055806776,0.0486177682444193,0.898685880945579,0,0.0332180667200304
6.28,1.10144093722701e-19,0.997041211371651,0.00291960581399489,3.91828142561249e-05,0.108543319952146,0.000291212628796001,0.107906761929236,0.500130476278763,0.553933789557441,0.553955495092765,0.0489168009588761,0.898669653757124,0,0.0333314171708572
6.29,1.10144093722701e-19,0.997004806840002,0.00295548242712853,3.97107327707723e-05,0.10920711218252,0.000294584318749141,0.108565743885966,0.50013193664682,0.554263016576549,0.554285027641215,0.0492168468611331,0.898653271281559,0,0.0334447621884468
6.3,1.10144093722701e-19,0.996968055714351,0.00299170013968808,4.02441458625168e-05,0.109873108830402,0.000297982335823902,0.109226910082547,0.500133407493014,0.554593332968293,0.554615653001585,0.0495179058086701,0.898636732503365,0,0.0335581007628752
6.31,1.10144093722701e-19,0.996930955751478,0.00302826115466161,4.07830937615548e-05,0.110541308959574,0.000301406758295099,0.109890259571663,0.500134888833135,0.554924738238902,0.554947370709609,0.0498199776490307,0.89862003640418,0,0.0336714318859859
6.32,1.10144093722701e-19,0.99689350470223,0.00306516768081084,4.1327616860164e-05,0.11121171160608,0.000304857663850962,0.110555791378354,0.500136380682567,0.555257231880698,0.555280180287293,0.0501230622198332,0.898603181962821,0,0.0337847545513892
6.33,1.10144093722701e-19,0.996855700311557,0.00310242193263203,4.18777557119081e-05,0.111884315778218,0.000308335129594377,0.111223504500008,0.500137883056286,0.555590813372099,0.555614081242918,0.0504271593487818,0.898586168155293,0,0.0338980677544627
6.34,1.10144093722701e-19,0.996817540318554,0.00314002613031651,4.24335510308017e-05,0.112559120456529,0.000311839232044238,0.111893397906366,0.500139395968864,0.555925482177618,0.555949073071036,0.0507322688536779,0.898568993954809,0,0.034011370492351
6.35,1.10144093722701e-19,0.9967790224565,0.00317798249971103,4.29950436904348e-05,0.113236124593796,0.000315370047136907,0.112565470539519,0.500140919434468,0.556261237747865,0.556285155252474,0.0510383905424307,0.898551658331806,0,0.0341246617639662
6.36,1.10144093722701e-19,0.9967401444529,0.00321629327227766,4.35622747230536e-05,0.113915327115035,0.000318927650227779,0.113239721313909,0.500142453466861,0.556598079519543,0.556622327254335,0.0513455242130688,0.898534160253958,0,0.0342379405699872
6.37,1.10144093722701e-19,0.996700904029529,0.00325496068505356,4.41352853186007e-05,0.114596726917485,0.000322512116092947,0.11391614911633,0.500143998079405,0.556936006915456,0.556960588529997,0.0516536696537506,0.898516498686196,0,0.03435120591286
6.38,1.10144093722701e-19,0.996661298902467,0.00329398698061034,4.47141168237133e-05,0.115280322870608,0.000326123518930972,0.114594752805928,0.500145553285061,0.557275019344503,0.557299938519115,0.0519628266427761,0.898498672590724,0,0.0344644567967982
6.39,1.10144093722701e-19,0.996621326782147,0.00333337440701317,4.52988107406764e-05,0.115966113816077,0.000329761932364757,0.115275531214202,0.50014711909639,0.557615116201681,0.55764037664762,0.0522729949485975,0.898480680927032,0,0.034577692227782
6.4,1.10144093722701e-19,0.996580985373395,0.00337312521777962,4.58894087263352e-05,0.116654098567772,0.000333427429443515,0.115958483145006,0.500148695525555,0.557956296868091,0.557981902327723,0.0525841743298305,0.898462522651919,0,0.0346909112135591
6.41,1.10144093722701e-19,0.996540272375472,0.00341324167183818,4.64859525909616e-05,0.117344275911773,0.000337120082644832,0.116643607374548,0.50015028258432,0.558298560710929,0.558324514957917,0.052896364535265,0.898444196719503,0,0.0348041127636443
6.42,1.10144093722701e-19,0.996499185482118,0.00345372603348649,4.70884842970785e-05,0.118036644606354,0.000340839963876831,0.117330902651393,0.500151880284056,0.558641907083499,0.558668213922972,0.0532095653038771,0.898425702081242,0,0.0349172958893194
6.43,1.10144093722701e-19,0.996457722381594,0.00349458057234934,4.76970459582381e-05,0.118731203381977,0.000344587144480427,0.118020367696465,0.500153488635738,0.558986335325204,0.559012998593944,0.0535237763648392,0.898407037685952,0,0.0350304596036334
6.44,1.10144093722701e-19,0.996415880756728,0.00353580756333629,4.83116798377574e-05,0.119427950941284,0.000348361695231674,0.118712001203047,0.500155107649949,0.559331844761555,0.559358868328171,0.0538389974375319,0.89838820247982,0,0.0351436029214026
6.45,1.10144093722701e-19,0.996373658284955,0.0035774092865991,4.89324283474062e-05,0.120126885959094,0.000352163686344194,0.119405801836784,0.500156737336881,0.559678434704169,0.559705822469278,0.0541552282315545,0.898369195406425,0,0.0352567248592102
6.46,1.10144093722701e-19,0.996331052638367,0.00361938802748881,4.95593340460523e-05,0.120828007082395,0.000355993187471713,0.120101768235686,0.500158377706336,0.560026104450771,0.560053860347175,0.0544724684467366,0.898350015406756,0,0.0353698244354068
6.47,1.10144093722701e-19,0.996288061483751,0.00366174607651259,5.01924396382598e-05,0.121531312930339,0.000359850267710658,0.120799899010131,0.500160028767729,0.560374853285197,0.560402981278063,0.054790717773149,0.898330661419225,0,0.0354829006701099
6.48,1.10144093722701e-19,0.996244682482639,0.00370448572929026,5.08317879728412e-05,0.122236802094235,0.00036373499560286,0.121500192742863,0.500161690530087,0.560724680477396,0.560753184564434,0.0551099758911153,0.89831113237969,0,0.0355959525852043
6.49,1.10144093722701e-19,0.99620091329135,0.00374760928651054,5.14774220413649e-05,0.122944473137546,0.000367647439138323,0.122202647989001,0.500163363002055,0.561075585283431,0.561104469495072,0.0554302424712221,0.898291427221468,0,0.035708979204342
6.5,1.10144093722701e-19,0.996156751561038,0.00379111905388709,5.21293849766147e-05,0.12365432459588,0.000371587665758083,0.122907263276038,0.500165046191895,0.561427566945482,0.561456835345054,0.0557515171743312,0.898271544875357,0,0.0358219795529418
6.51,1.10144093722701e-19,0.996112194937737,0.00383501734211418,5.27877200510044e-05,0.124366354976988,0.00037555574235714,0.123614037103844,0.500166740107487,0.561780624691847,0.561810281375758,0.0560737996515904,0.898251484269652,0,0.0359349526581902
6.52,1.10144093722701e-19,0.996067241062405,0.0038793064668221,5.34524706749446e-05,0.125080562760755,0.000379551735287467,0.124322967944673,0.500168444756335,0.56213475773695,0.562164806834857,0.0563970895444444,0.898231244330165,0,0.0360478975490404
6.53,1.10144093722701e-19,0.996021887570974,0.00392398874853238,5.41236803951631e-05,0.1257969463992,0.000383575710361096,0.125034054243162,0.500170160145563,0.562489965281334,0.562520410956328,0.0567213864846465,0.898210823980239,0,0.0361608132562129
6.54,1.10144093722701e-19,0.995976132094396,0.00396906651261261,5.48013928929786e-05,0.126515504316463,0.000387627732853267,0.125747294416338,0.500171886281923,0.562846246511673,0.562877092960451,0.0570466900942695,0.898190222140771,0,0.0362736988121953
6.55,1.10144093722701e-19,0.995929972258688,0.0040145420892311,5.54856519825268e-05,0.12723623490881,0.000391707867505658,0.126462686853621,0.500173623171794,0.56320360060077,0.563234852053811,0.0573729999857172,0.898169437730231,0,0.0363865532512425
6.56,1.10144093722701e-19,0.995883405684982,0.00406041781331119,5.61765016089399e-05,0.127959136544619,0.000395816178529674,0.127180229916828,0.500175370821182,0.563562026707561,0.563593687429304,0.0577003157617351,0.898148469664674,0,0.0364993756093763
6.57,1.10144093722701e-19,0.99583642998957,0.00410669602448534,5.68739858464786e-05,0.128684207564382,0.000399952729609807,0.127899921940177,0.50017712923573,0.563921523977116,0.563953598266137,0.0580286370154224,0.898127316857767,0,0.0366121649243859
6.58,1.10144093722701e-19,0.995789042783956,0.0041533790670489,5.75781488966163e-05,0.129411446280695,0.000404117583907054,0.128621761230292,0.500178898420709,0.564282091540649,0.56431458372983,0.0583579633302428,0.898105978220803,0,0.0367249202358274
6.59,1.10144093722701e-19,0.995741241674902,0.00420046928991368,5.82890350860772e-05,0.130140850978258,0.0004083108040624,0.129345746066207,0.500180678381029,0.564643728515511,0.564676642972221,0.0586882942800356,0.898084452662721,0,0.0368376405850242
6.6,1.10144093722701e-19,0.995693024264476,0.00424796904656117,5.90066888648257e-05,0.130872419913869,0.000412532452200359,0.130071874699373,0.50018246912124,0.565006434005205,0.565039775131468,0.0590196294290277,0.898062739090126,0,0.0369503250150668
6.61,1.10144093722701e-19,0.995644388150102,0.00429588069499559,5.97311548040097e-05,0.131606151316418,0.000416782589932574,0.130800145353661,0.500184270645529,0.565370207099379,0.565403979332051,0.0593519683318443,0.898040836407307,0,0.037062972570813
6.62,1.10144093722701e-19,0.995595330924611,0.00434420659769659,6.04624775938551e-05,0.132342043386887,0.000421061278361462,0.131530556225367,0.500186082957729,0.565735046873838,0.565769254684778,0.0596853105335202,0.898018743516257,0,0.0371755822988874
6.63,1.10144093722701e-19,0.995545850176289,0.00439294912157173,6.1200702041515e-05,0.133080094298343,0.000425368578083924,0.132263105483219,0.500187906061317,0.56610095239054,0.566135600286784,0.0600196555695116,0.897996459316693,0,0.0372881532476821
6.64,1.10144093722701e-19,0.995495943488924,0.00444211063790869,6.19458730688701e-05,0.133820302195933,0.000429704549195099,0.132997791268383,0.500189739959418,0.566467922697608,0.566503015221538,0.0603550029657071,0.897973982706075,0,0.0374006844673561
6.65,1.10144093722701e-19,0.995445608441864,0.00449169352232724,6.26980357102827e-05,0.134562665196886,0.000434069251292164,0.133734611694466,0.500191584654807,0.566835956829329,0.566871498558844,0.0606913522384392,0.897951312579624,0,0.0375131750098357
6.66,1.10144093722701e-19,0.995394842610061,0.00454170015473085,6.34572351103036e-05,0.135307181390503,0.000438462743478181,0.134473564847525,0.500193440149914,0.567205053806158,0.567241049354847,0.0610287028944956,0.897928447830347,0,0.0376256239288143
6.67,1.10144093722701e-19,0.995343643564122,0.00459213291925822,6.42235165213326e-05,0.136053848838159,0.00044288508436599,0.135214648786072,0.500195306446821,0.567575212634727,0.567611666652033,0.0613670544311305,0.89790538734905,0,0.0377380302797524
6.68,1.10144093722701e-19,0.995292008870366,0.0046429942042344,6.49969253012315e-05,0.136802665573297,0.000447336332082139,0.135957861541081,0.50019718354727,0.567946432307841,0.567983349479235,0.0617064063360765,0.897882130024363,0,0.0378503931198777
6.69,1.10144093722701e-19,0.995239936090869,0.00469428640212171,6.57775069108922e-05,0.137553629601425,0.000451816544270858,0.136703201115992,0.500199071452662,0.568318711804492,0.568356096851636,0.0620467580875553,0.897858674742759,0,0.037962711508185
6.7,1.10144093722701e-19,0.99518742278352,0.00474601190947036,6.65653069117557e-05,0.138306738900114,0.000456325778098057,0.137450665486722,0.500200970164064,0.568692050089856,0.568729907770772,0.0623881091542897,0.897835020388575,0,0.0380749845054362
6.71,1.10144093722701e-19,0.99513446650207,0.00479817312686893,6.73603709632891e-05,0.139061991418998,0.000460864090255378,0.138200252601669,0.500202879682205,0.569066446115304,0.56910478122454,0.0627304589955149,0.897811165844028,0,0.0381872111741606
6.72,1.10144093722701e-19,0.995081064796187,0.00485077245889446,6.81627448204133e-05,0.139819385079766,0.00046543153696426,0.138951960381719,0.500204800007484,0.5694418988184,0.569480716187194,0.0630738070609899,0.897787109989241,0,0.0382993905786543
6.73,1.10144093722701e-19,0.995027215211509,0.00490381231406239,6.89724743308872e-05,0.140578917776163,0.000470028173980043,0.139705786720256,0.50020673113997,0.569818407122914,0.569857711619356,0.0634181527910092,0.897762851702261,0,0.0384115217849808
6.74,1.10144093722701e-19,0.994972915289693,0.00495729510477617,6.97896054326457e-05,0.141340587373991,0.0004746540565961,0.140461729483165,0.500208673079409,0.570195969938817,0.570235766468019,0.0637634956164142,0.897738389859081,0,0.0385236038609706
6.75,1.10144093722701e-19,0.994918162568474,0.00501122324727667,7.06141841510942e-05,0.142104391711099,0.000479309239647986,0.141219786508845,0.500210625825218,0.570574586162298,0.570614879666546,0.0641098349586044,0.897713723333659,0,0.0386356358762215
6.76,1.10144093722701e-19,0.994862954581715,0.00506559916159134,7.1446256596357e-05,0.14287032859739,0.000483993777517619,0.141979955608211,0.500212589376498,0.570954254675759,0.570995050134682,0.0644571702295497,0.897688850997938,0,0.0387476169020982
6.77,1.10144093722701e-19,0.994807288859459,0.0051204252714831,7.2285868960483e-05,0.143638395814814,0.000488707724137477,0.142742234564708,0.500214563732029,0.571334974347825,0.571376276778551,0.0648055008318013,0.897663771721873,0,0.0388595460117328
6.78,1.10144093722701e-19,0.994751162927989,0.005175704004399,7.31330675146067e-05,0.144408591117369,0.000493451132994809,0.143506621134315,0.500216548890277,0.571716744033351,0.571758558490667,0.0651548261585037,0.897638484373445,0,0.0389714222800244
6.79,1.10144093722701e-19,0.994694574309877,0.0052314377914186,7.39878986060662e-05,0.145180912231099,0.000498224057135868,0.144273113045553,0.500218544849395,0.572099562573425,0.572141894149933,0.065505145593406,0.897612987818685,0,0.0390832447836392
6.8,1.10144093722701e-19,0.994637520524045,0.00528762906720219,7.48504086554794e-05,0.145955356854094,0.000503026549170155,0.145041707999497,0.500220551607227,0.572483428795372,0.572526282621648,0.0658564585108739,0.897587280921697,0,0.0391950126010108
6.81,1.10144093722701e-19,0.99457999908581,0.00534428026993865,7.57206441537759e-05,0.146731922656487,0.000507858661274675,0.145812403669782,0.500222569161308,0.572868341512765,0.572911722757512,0.0662087642759011,0.897561362544678,0,0.0393067248123397
6.82,1.10144093722701e-19,0.99452200750695,0.00540139384129317,7.65986516591886e-05,0.147510607280457,0.000512720445198195,0.146585197702613,0.500224597508871,0.573254299525428,0.573298213395629,0.0665620622441208,0.897535231547937,0,0.0394183804995936
6.83,1.10144093722701e-19,0.994463543295753,0.00545897222635464,7.74844777942035e-05,0.148291408340228,0.000517611952265519,0.147360087716773,0.500226636646848,0.573641301619441,0.573685753360514,0.066916351761818,0.897508886789924,0,0.0395299787465074
6.84,1.10144093722701e-19,0.994404603957077,0.0055170178735829,7.83781692424681e-05,0.149074323422065,0.000522533233381762,0.148137071303632,0.50022868657187,0.574029346567146,0.574074341463095,0.0672716321659407,0.897482327127242,0,0.0396415186385831
6.85,1.10144093722701e-19,0.994345186992401,0.00557553323475568,7.92797727456607e-05,0.149859350084279,0.000527484339036622,0.148916146027158,0.500230747280276,0.574418433127157,0.574463976500721,0.0676279027841116,0.897455551414677,0,0.0397529992630898
6.86,1.10144093722701e-19,0.994285289899886,0.00563452076491527,8.01893351003193e-05,0.150646485857226,0.000532465319308658,0.149697309423927,0.50023281876811,0.574808560044364,0.574854657257165,0.0679851629346404,0.897428558505216,0,0.0398644197090639
6.87,1.10144093722701e-19,0.994224910174432,0.00569398292231509,8.11069031546307e-05,0.151435728243306,0.000537476223869561,0.150480559003128,0.500234901031127,0.575199726049938,0.57524638250263,0.0683434119265349,0.89740134725007,0,0.0399757790673088
6.88,1.10144093722701e-19,0.994164045307731,0.00575392216836584,8.20325238051834e-05,0.152227074716965,0.000542517101988423,0.151265892246579,0.500236994064795,0.575591929861338,0.575639150993752,0.0687026490595134,0.897373916498694,0,0.0400870764303951
6.89,1.10144093722701e-19,0.994102692788327,0.00581434096758159,8.296624399368e-05,0.153020522724698,0.000547588002535998,0.152053306608733,0.500239097864298,0.575985170182321,0.576032961473607,0.0690628736240164,0.897346265098815,0,0.0401983108926606
6.9,1.10144093722701e-19,0.994040850101673,0.00587524178752551,8.39081107036149e-05,0.153816069685045,0.000552688973988949,0.152842799516689,0.500241212424539,0.576379445702944,0.576427812671719,0.0694240849012179,0.897318391896449,0,0.0403094815502101
6.91,1.10144093722701e-19,0.99397851473019,0.00593662709875542,8.48581709569137e-05,0.1546137129886,0.000557820064434092,0.153634368370204,0.500243337740143,0.576774755099575,0.576823703304058,0.0697862821630382,0.897290295735923,0,0.0404205875009157
6.92,1.10144093722701e-19,0.993915684153322,0.00599849937476913,8.58164718105385e-05,0.155413449998006,0.000562981321572617,0.154428010541701,0.500245473805459,0.577171097034896,0.577220632073054,0.070149464672155,0.897261975459904,0,0.0405316278444166
6.93,1.10144093722701e-19,0.993852355847599,0.00606086109194947,8.67830603530567e-05,0.156215278047961,0.000568172792724301,0.155223723376281,0.500247620614566,0.577568470157915,0.577618597667594,0.0705136316820159,0.897233429909415,0,0.040642601682119
6.94,1.10144093722701e-19,0.993788527286691,0.00612371472950921,8.77579837011774e-05,0.157019194445219,0.000573394524831697,0.156021504191733,0.500249778161269,0.577966873103967,0.578017598763035,0.07087878243685,0.89720465792386,0,0.0407535081171965
6.95,1.10144093722701e-19,0.99372419594147,0.00618706276943561,8.87412889962524e-05,0.157825196468592,0.000578646564464302,0.156821350278549,0.500251946439111,0.578366304494727,0.578417634021205,0.07124491617168,0.897175658341047,0,0.0408643462545896
6.96,1.10144093722701e-19,0.993659359280066,0.00625090769643487,8.97330234007464e-05,0.158633281368954,0.000583928957822711,0.157623258899926,0.500254125441369,0.578766762938214,0.57881870209041,0.0716120321123343,0.897146429997212,0,0.0409751152010062
6.97,1.10144093722701e-19,0.993594014767931,0.00631525199787628,9.07332340946747e-05,0.159443446369245,0.000589241750742735,0.15842722729179,0.500256315161058,0.579168247028798,0.57922080160544,0.071980129475459,0.897116971727041,0,0.0410858140649212
6.98,1.10144093722701e-19,0.993528159867894,0.00638009816373616,9.17419682720095e-05,0.16025568866447,0.000594584988699499,0.159233252662794,0.500258515590939,0.579570755347212,0.579623931187573,0.0723492074685297,0.897087282363693,0,0.0411964419565765
6.99,1.10144093722701e-19,0.993461792040223,0.00644544868654158,9.27592731370568e-05,0.161070005421708,0.00059995871681151,0.160041332194342,0.500260726723514,0.579974286460553,0.580028089444586,0.0727192652898639,0.897057360738823,0,0.0413069979879814
7,1.10144093722701e-19,0.993394908742687,0.00651130606131385,9.37851959008044e-05,0.161886393780112,0.000605362979844692,0.16085146304059,0.500262948551033,0.580378838922295,0.580433274970753,0.0730903021286332,0.897027205682607,0,0.0414174812729123
7.01,1.10144093722701e-19,0.993327507430612,0.00657767278551181,9.4819783777241e-05,0.162704850850915,0.000610797822216392,0.161663642328467,0.5002651810655,0.580784411272296,0.580839486346857,0.073462317164875,0.896996816023762,0,0.0415278909269126
7.02,1.10144093722701e-19,0.993259585556947,0.00664455135897489,9.58630839796478e-05,0.163525373717435,0.000616263287999344,0.162477867157681,0.500267424258668,0.581191002036801,0.581246722140196,0.0738353095695052,0.896966190589576,0,0.0416382260672931
7.03,1.10144093722701e-19,0.993191140572319,0.00671194428386589,9.69151437168651e-05,0.164347959435076,0.000621759420925605,0.163294134600733,0.50026967812205,0.581598609728459,0.581654980904584,0.0742092785043298,0.896935328205923,0,0.0417484858131313
7.04,1.10144093722701e-19,0.993122169925098,0.00677985406461365,9.79760101895314e-05,0.165172605031338,0.000627286264390444,0.164112441702932,0.500271942646916,0.582007232846322,0.582064261180364,0.0745842231220578,0.896904227697294,0,0.0418586692852724
7.05,1.10144093722701e-19,0.99305267106146,0.0068482832078554,9.90457305863003e-05,0.165999307505819,0.000632843861456193,0.164932785482404,0.500274217824299,0.582416869875859,0.582474561494408,0.074960142566313,0.896872887886817,0,0.0419687756063284
7.06,1.10144093722701e-19,0.992982641425443,0.00691723422237898,0.000100124352080032,0.166828063830221,0.000638432254856057,0.165755162930104,0.500276503644994,0.582827519288963,0.582885880360128,0.0753370359716464,0.896841307596281,0,0.0420788039006784
7.07,1.10144093722701e-19,0.992912078459013,0.00698670961906476,0.000101211921823965,0.167658870948356,0.000644051486997875,0.166579571009835,0.500278800099567,0.583239179543956,0.58329821627748,0.0757149024635484,0.896809485646163,0,0.042188753294469
7.08,1.10144093722701e-19,0.992840979602126,0.0070567119108274,0.000102308486947862,0.168491725776155,0.000649701599967839,0.167406006658254,0.500281107178351,0.583651849085604,0.58371156773297,0.0760937411584617,0.896777420855649,0,0.0422986229156135
7.09,1.10144093722701e-19,0.99276934229279,0.00712724361255739,0.000103414094554141,0.169326625201667,0.000655382635534157,0.16823446678489,0.500283424871454,0.584065526345119,0.584125933199664,0.0764735511637928,0.896745112042658,0,0.0424084118937926
7.1,1.10144093722701e-19,0.992697163967125,0.00719830724106235,0.000104528791713983,0.170163566085076,0.000661094635150677,0.169064948272155,0.500285753168759,0.584480209740171,0.584541311137189,0.0768543315779252,0.896712558023869,0,0.0425181193604542
7.11,1.10144093722701e-19,0.99262444205943,0.00726990531500816,0.000105652625463422,0.171002545258699,0.000666837639960447,0.169897447975358,0.500288092059927,0.584895897674898,0.584957699991745,0.0772360814902313,0.896679757614743,0,0.0426277444488132
7.12,1.10144093722701e-19,0.992551174002242,0.0073420403548598,0.000106785642799423,0.171843559526998,0.000672611690799224,0.170731962722719,0.5002904415344,0.58531258853991,0.585375098196107,0.0776187999810852,0.896646709629549,0,0.0427372862938517
7.13,1.10144093722701e-19,0.992477357226404,0.00741471488282212,0.000107927890675935,0.172686605666586,0.000678416828198936,0.171568489315382,0.500292801581402,0.585730280712304,0.585793504169638,0.0780024861218752,0.896613412881386,0,0.0428467440323189
7.14,1.10144093722701e-19,0.992402989161121,0.00748793142278022,0.000109079415999938,0.173531680426238,0.000684253092391072,0.172407024527431,0.500295172189946,0.586148972555666,0.586212916318288,0.078387138975016,0.896579866182211,0,0.0429561168027312
7.15,1.10144093722701e-19,0.992328067234034,0.0075616925002398,0.00011024026562747,0.174378780526893,0.000690120523310028,0.173247565105903,0.500297553348832,0.586568662420089,0.586633333034606,0.0787727575939617,0.896546068342862,0,0.0430654037453723
7.16,1.10144093722701e-19,0.992252588871275,0.00763600064226715,0.000111410486359647,0.17522790266167,0.000696019160596374,0.174090107770801,0.500299945046651,0.586989348642172,0.587054752697747,0.0791593410232181,0.896512018173081,0,0.0431746040022926
7.17,1.10144093722701e-19,0.992176551497534,0.00771085837742905,0.000112590124938665,0.176079043495872,0.00070194904360008,0.17493464921511,0.500302347271789,0.587411029545036,0.587477173673477,0.0795468882983555,0.896477714481542,0,0.0432837167173102
7.18,1.10144093722701e-19,0.992099952536125,0.0077862682357324,0.000113779228043802,0.176932199666997,0.00070791021138366,0.175781186104812,0.500304760012426,0.587833703438335,0.587900594314181,0.0799353984460213,0.896443156075875,0,0.0433927410360099
7.19,1.10144093722701e-19,0.992022789409051,0.00786223274856367,0.000114977842287396,0.177787367784748,0.000713902702725256,0.1766297150789,0.500307183256545,0.588257368618257,0.588325012958868,0.0803248704839529,0.89640834176269,0,0.0435016761057438
7.2,1.10144093722701e-19,0.991945059537063,0.00793875444862811,0.000116186014210833,0.178644544431042,0.000719926556121662,0.177480232749391,0.500309616991925,0.588682023367541,0.588750427933185,0.0807153034209899,0.896373270347603,0,0.0436105210756313
7.21,1.10144093722701e-19,0.991866760339732,0.00801583586988884,0.000117403790280515,0.179503726160019,0.000725981809791267,0.178332735701347,0.500312061206153,0.589107665955484,0.589176837549416,0.0811066962570876,0.896337940635261,0,0.0437192750965587
7.22,1.10144093722701e-19,0.991787889235512,0.00809347954750565,0.000118631216883828,0.180364909498056,0.000732068501676936,0.179187220492885,0.500314515886619,0.589534294637951,0.589604240106493,0.0814990479833293,0.896302351429366,0,0.0438279373211796
7.23,1.10144093722701e-19,0.991708443641803,0.00817168801777366,0.000119868340325107,0.181228090943778,0.000738186669448822,0.180043683655192,0.500316981020523,0.589961907657384,0.590032633890004,0.0818923575819393,0.896266501532704,0,0.0439365069039148
7.24,1.10144093722701e-19,0.991628420975018,0.00825046381806171,0.000121115206821594,0.182093266968063,0.000744336350507092,0.180902121692545,0.500319456594875,0.590390503242812,0.5904620171722,0.0822866240262958,0.896230389747165,0,0.0440449830009519
7.25,1.10144093722701e-19,0.991547818650652,0.00832980948675069,0.000122371862499402,0.182960434014062,0.000750517581984593,0.181762531082324,0.500321942596498,0.590820079609863,0.590892388212003,0.0826818462809438,0.896194014873774,0,0.0441533647702461
7.26,1.10144093722701e-19,0.991466634083341,0.00840972756317149,0.000123638353389469,0.183829588497207,0.000756730400749438,0.182624908275027,0.500324439012031,0.59125063496077,0.591323745255011,0.083078023301608,0.896157375712713,0,0.0442616513715195
7.27,1.10144093722701e-19,0.991384864686936,0.0084902205875429,0.000124914725423522,0.184700726805221,0.000762974843407506,0.183489249694291,0.500326945827929,0.591682167484385,0.59175608653351,0.0834751540352059,0.896120471063349,0,0.0443698419662614
7.28,1.10144093722701e-19,0.991302507874563,0.00857129110090926,0.00012620102443004,0.185573845298136,0.000769250946304882,0.184355551736901,0.500329463030468,0.592114675356186,0.592189410266477,0.0838732374198609,0.896083299724256,0,0.0444779357177281
7.29,1.10144093722701e-19,0.991219561058694,0.00865294164507788,0.000127497296130216,0.186448940308302,0.000775558745530198,0.185223810772812,0.500331990605744,0.592548156738292,0.592623714659592,0.084272272384915,0.896045860493247,0,0.0445859317909434
7.3,1.10144093722701e-19,0.991136021651212,0.00873517476255636,0.000128803586133934,0.187326008140405,0.000781898276916908,0.186094023145164,0.500334528539678,0.592982609779466,0.593058997905243,0.0846722578509424,0.896008152167392,0,0.0446938293526978
7.31,1.10144093722701e-19,0.991051887063477,0.00881799299648962,0.000130119939935745,0.188205045071473,0.000788269576045476,0.186966185170298,0.500337076818016,0.593418032615132,0.593495258182537,0.0850731927297621,0.895970173543051,0,0.0448016275715493
7.32,1.10144093722701e-19,0.990967154706394,0.00890139889059682,0.000131446402910848,0.189086047350899,0.00079467267824548,0.187840293137776,0.500339635426333,0.593854423367383,0.593932493657305,0.0854750759244518,0.895931923415897,0,0.0449093256178229
7.33,1.10144093722701e-19,0.990881821990483,0.00898539498910801,0.000132783020311091,0.18996901120045,0.000801107618597633,0.188716343310393,0.500342204350033,0.594291780144992,0.59437070248211,0.0858779063293601,0.895893400580943,0,0.0450169226636107
7.34,1.10144093722701e-19,0.99079588632594,0.00906998383670068,0.000134129837260973,0.190853932814284,0.000807574431935723,0.189594331924199,0.500344783574351,0.59473010104342,0.594809882796259,0.086281682830121,0.895854603832565,0,0.0451244178827721
7.35,1.10144093722701e-19,0.990709345122712,0.00915516797843604,0.000135486898753658,0.191740808358966,0.000814073152848463,0.190474255188514,0.500347373084358,0.595169384144831,0.595250032725807,0.0866864043036659,0.895815531964534,0,0.0452318104509335
7.36,1.10144093722701e-19,0.99062219579056,0.00924094995969519,0.000136854249647009,0.192629633973481,0.000820603815681255,0.191356109285948,0.500349972864957,0.595609627518102,0.595691150383567,0.0870920696182383,0.895776183770038,0,0.0453390995454885
7.37,1.10144093722701e-19,0.990534435739127,0.00932733232611502,0.000138231934659625,0.193520405769254,0.000827166454537869,0.192239890372416,0.500352582900892,0.596050829218829,0.596133233869121,0.0874986776334059,0.895736558041708,0,0.0454462843455979
7.38,1.10144093722701e-19,0.990446062378011,0.009414317623524,0.000139619998366907,0.194413119830163,0.000833761103282029,0.193125594577159,0.500355203176742,0.596492987289347,0.596576281268822,0.087906227200075,0.895696653571648,0,0.0455533640321894
7.39,1.10144093722701e-19,0.990357073116827,0.00950190839787775,0.000141018485197129,0.195307772212558,0.000840387795538918,0.194013218002758,0.500357833676931,0.596936099758731,0.59702029065581,0.0883147171605031,0.89565646915146,0,0.0456603377879583
7.4,1.10144093722701e-19,0.99026746536528,0.00959010719519446,0.000142427439427536,0.196204358945278,0.000847046564696584,0.194902756725158,0.500360474385721,0.597380164642816,0.597465260090016,0.0887241463483134,0.895616003572269,0,0.0457672047973666
7.41,1.10144093722701e-19,0.990177236533231,0.00967891656149006,0.000143846905180453,0.197102876029668,0.000853737443907261,0.195794206793684,0.500363125287222,0.597825179944202,0.597911187618173,0.0891345135885073,0.895575255624752,0,0.0458739642466437
7.42,1.10144093722701e-19,0.990086384030769,0.00976833904271327,0.000145276926419425,0.198003319439597,0.000860460466088596,0.196687564231057,0.500365786365387,0.59827114365227,0.598358071273822,0.0895458176974789,0.895534224099163,0,0.045980615323786
7.43,1.10144093722701e-19,0.989994905268276,0.0098583771846805,0.000146717546945373,0.19890568512148,0.000867215663924788,0.197582825033419,0.500368457604017,0.598718053743188,0.598805909077323,0.089958057483028,0.895492907785361,0,0.0460871572185573
7.44,1.10144093722701e-19,0.989902797656499,0.00994903353301047,0.00014816881039277,0.199809968994291,0.000874003069867631,0.198479985170348,0.500371138986762,0.599165908179929,0.599254699035866,0.0903712317443742,0.895451305472835,0,0.0461935891224882
7.45,1.10144093722701e-19,0.989810058606618,0.0100403106330587,0.000149630760225855,0.200716166949588,0.000880822716137462,0.199379040584877,0.50037383049712,0.599614704912277,0.599704439143475,0.09078533927217,0.895409415950735,0,0.0462999102288766
7.46,1.10144093722701e-19,0.989716685530315,0.010132211029852,0.000151103439734858,0.201624274851529,0.000887674634724025,0.200279987193517,0.500376532118443,0.600064441876842,0.600155127381023,0.0912003788485155,0.895367238007895,0,0.0464061197327877
7.47,1.10144093722701e-19,0.989622675839847,0.0102247372680223,0.000152586892032261,0.202534288536892,0.000894558857387228,0.201182820886274,0.500379243833935,0.600515116997072,0.600606761716235,0.0916163492469713,0.895324770432862,0,0.0465122168310535
7.48,1.10144093722701e-19,0.989528026948112,0.010317891891741,0.00015408116004909,0.203446203815103,0.000901475415657817,0.202087537526671,0.500381965626652,0.600966728183262,0.601059340103702,0.0920332492325729,0.895282012013921,0,0.0466182007222736
7.49,1.10144093722701e-19,0.989432736268718,0.0104116774446526,0.000155586286531228,0.204360016468244,0.000908424340837947,0.202994132951767,0.500384697479507,0.601419273332569,0.601512860484891,0.0924510775618443,0.895238961539127,0,0.0467240706068142
7.5,1.10144093722701e-19,0.989336801216058,0.0105060964698081,0.000157102314035772,0.205275722251087,0.000915405664001666,0.203902602972177,0.500387439375271,0.601872750329021,0.60196732078815,0.0928698329828121,0.895195617796325,0,0.0468298256868092
7.51,1.10144093722701e-19,0.989240219205375,0.010601151509599,0.000158629284927407,0.206193316891108,0.000922419415995297,0.204812943372094,0.500390191296568,0.602327157043534,0.602422718928721,0.0932895142350194,0.895151979573186,0,0.0469354651661593
7.52,1.10144093722701e-19,0.989142987652837,0.0106968451056902,0.000160167241374833,0.207112796088513,0.000929465627437724,0.20572514990931,0.500392953225886,0.602782491333918,0.602879052808749,0.09371012004954,0.895108045657227,0,0.0470409882505324
7.53,1.10144093722701e-19,0.989045103975601,0.0107931797989532,0.000161716225347208,0.208034155516262,0.000936544328720594,0.206639218315237,0.500395725145569,0.603238751044896,0.603336320317292,0.0941316491489921,0.895063814835842,0,0.0471463941473636
7.54,1.10144093722701e-19,0.988946565591892,0.0108901581293992,0.000163276278610643,0.208957390820086,0.000943655550008402,0.207555144294926,0.500398507037822,0.603695934008109,0.60379451933033,0.0945541002475528,0.89501928589633,0,0.0472516820658551
7.55,1.10144093722701e-19,0.988847369921065,0.0109877826361116,0.000164847442724728,0.209882497618517,0.000950799321238503,0.208472923527094,0.500401298884713,0.604154038042135,0.604253647710777,0.0949774720509719,0.894974457625918,0,0.0473568512169763
7.56,1.10144093722701e-19,0.988747514383683,0.0110860558571792,0.000166429759039094,0.210809471502912,0.000957975672121015,0.209392551664138,0.500404100668172,0.6046130609525,0.604713703308489,0.0954017632565867,0.894929328811797,0,0.0474619008134637
7.57,1.10144093722701e-19,0.988646996401584,0.011184980329628,0.000168023268690025,0.211738308037471,0.000965184632138623,0.210314024332164,0.500406912369991,0.605073000531688,0.605174683960275,0.0958269725533356,0.894883898241142,0,0.047566830069821
7.58,1.10144093722701e-19,0.988545813397951,0.0112845585893541,0.000169628012597101,0.212669002759272,0.0009724262305463,0.211237337131009,0.500409733971829,0.605533854559157,0.605636587489908,0.0962530986217727,0.894838164701142,0,0.047671638202319
7.59,1.10144093722701e-19,0.988443962797386,0.0113847931710553,0.000171244031459892,0.213601551178286,0.000979700496370921,0.212162485634257,0.500412565455206,0.605995620801349,0.606099411708135,0.0966801401340819,0.894792126979029,0,0.0477763244289956
7.6,1.10144093722701e-19,0.988341442025983,0.0114856866081637,0.000172871365754689,0.214535948777412,0.000987007458410783,0.213089465389269,0.500415406801511,0.606458297011708,0.606563154412687,0.0971080957540922,0.894745783862106,0,0.0478808879696559
7.61,1.10144093722701e-19,0.988238248511393,0.0115872414327772,0.000174510055731289,0.215472191012497,0.000994347145235038,0.214018271917202,0.500418257991996,0.606921880930686,0.607027813388291,0.0975369641372909,0.894699134137773,0,0.0479853280458722
7.62,1.10144093722701e-19,0.988134379682901,0.0116894601755909,0.000176160141409814,0.216410273312367,0.00100171958518301,0.214948900713035,0.500421119007782,0.607386370285763,0.607493386406678,0.0979667439308387,0.894652176593557,0,0.0480896438809839
7.63,1.10144093722701e-19,0.988029832971495,0.0117923453658294,0.000177821662577593,0.217350191078852,0.00100912480636346,0.215881347245589,0.500423989829857,0.607851762791457,0.607959871226598,0.0983974337735845,0.894604910017139,0,0.0481938347000974
7.64,1.10144093722701e-19,0.987924605809938,0.0118958995311776,0.000179494658786076,0.218291939686814,0.00101656283665369,0.216815606957555,0.500426870439075,0.608318056149336,0.608427265593829,0.0988290322960795,0.894557333196381,0,0.0482978997300866
7.65,1.10144093722701e-19,0.987818695632842,0.0120001251977119,0.000181179169347812,0.219235514484179,0.00102403370369861,0.217751675265515,0.500429760816159,0.608785248048035,0.608895567241187,0.0992615381205923,0.894509444919356,0,0.0484018381995922
7.66,1.10144093722701e-19,0.987712099876737,0.0121050248898317,0.000182875233333468,0.220180910791958,0.00103153743490969,0.218689547559968,0.5004326609417,0.609253336163268,0.609364773888538,0.099694949861123,0.894461243974376,0,0.0485056493390222
7.67,1.10144093722701e-19,0.987604815980143,0.0122106011301899,0.000184582889568907,0.221128123904285,0.00103907405746382,0.219629219205352,0.50043557079616,0.609722318157843,0.609834883242811,0.100129266123418,0.894412729150019,0,0.0486093323805516
7.68,1.10144093722701e-19,0.987496841383646,0.012316856439624,0.000186302176632311,0.222077149088439,0.00104664359830206,0.220570685540074,0.500438490359867,0.610192191681672,0.610305892998009,0.100564485504987,0.894363899235159,0,0.0487128865581229
7.69,1.10144093722701e-19,0.987388173529964,0.0124237933370865,0.000188033132851368,0.223027981584882,0.00105424608412835,0.221513941876529,0.50044141961302,0.61066295437179,0.610777800835217,0.101000606595113,0.894314753018991,0,0.0488163111074453
7.7,1.10144093722701e-19,0.987278809864026,0.0125314143395756,0.000189775796300506,0.223980616607281,0.00106188154140804,0.222458983501132,0.500444358535686,0.611134603852367,0.61125060442262,0.101437627974873,0.894265289291065,0,0.0489196052659955
7.71,1.10144093722701e-19,0.987168747833038,0.0126397219620654,0.000191530204798184,0.224935049342548,0.00106954999636641,0.223405805674337,0.500447307107802,0.61160713773472,0.61172430141551,0.101875548217147,0.894215506841307,0,0.0490227682730172
7.72,1.10144093722701e-19,0.987057984886562,0.0127487187174361,0.000193296395904246,0.225891274950866,0.00107725147498708,0.224354403630667,0.500450265309176,0.612080553617332,0.612198889456301,0.102314365886639,0.894165404460056,0,0.0491257993695211
7.73,1.10144093722701e-19,0.98694651847658,0.0128584071164043,0.000195074406917327,0.226849288565721,0.00108498600301028,0.225304772578743,0.500453233119483,0.612554849085864,0.612674366174539,0.102754079539888,0.894114980938084,0,0.0492286977982854
7.74,1.10144093722701e-19,0.986834346057577,0.0129687896674527,0.000196864274872319,0.227809085293938,0.00109275360593111,0.226256907701302,0.50045621051827,0.613030021713166,0.613150729186915,0.103194687725283,0.894064235066632,0,0.0493314628038551
7.75,1.10144093722701e-19,0.986721465086604,0.0130798688767598,0.000198666036537898,0.228770660215713,0.00110055430899763,0.227210804155235,0.50045919748495,0.613506069059299,0.613627976097279,0.103636188983081,0.894013165637432,0,0.0494340936325424
7.76,1.10144093722701e-19,0.986607873023358,0.01319164724813,0.000200479728414113,0.229734008384644,0.00110838813720894,0.228166457071603,0.500462193998809,0.613982988671546,0.614106104496653,0.104078581845421,0.893961771442742,0,0.049536589532427
7.77,1.10144093722701e-19,0.986493567330249,0.0133041272829227,0.000202305386730033,0.230699124827771,0.00111625511531311,0.229123861555676,0.500465200038999,0.614460778084424,0.614585111963238,0.104521864836337,0.89391005127537,0,0.0496389497533553
7.78,1.10144093722701e-19,0.986378545472478,0.0134173114799819,0.000204143047441461,0.231666004545602,0.00112415526780506,0.23008301268695,0.500468215584543,0.614939434819705,0.615064996062436,0.104966036471776,0.893858003928703,0,0.0497411735469411
7.79,1.10144093722701e-19,0.986262804918108,0.0135312023355655,0.000205992746228706,0.232634642512159,0.00113208861892433,0.231043905519183,0.500471240614331,0.615418956386428,0.615545754346856,0.105411095259613,0.89380562819674,0,0.0498432601665652
7.8,1.10144093722701e-19,0.986146343138133,0.0136458023432742,0.000207854518494424,0.233605033675004,0.0011400551926528,0.23200653508042,0.500474275107122,0.615899340280914,0.616027384356329,0.105857039699665,0.893752922874115,0,0.0499452088673757
7.81,1.10144093722701e-19,0.98602915760656,0.0137611139939807,0.000209728399361522,0.23457717295528,0.00114805501271229,0.232970896373025,0.500477319041541,0.616380583986783,0.616509883617925,0.106303868283708,0.89369988675613,0,0.0500470189062876
7.82,1.10144093722701e-19,0.985911245800472,0.0138771397757588,0.000211614423671125,0.235551055247749,0.00115608810256209,0.233936984373704,0.500480372396082,0.616862684974967,0.616993249645961,0.106751579495493,0.893646518638784,0,0.0501486895419834
7.83,1.10144093722701e-19,0.985792605200109,0.0139938821738116,0.000213512625980613,0.236526675420824,0.00116415448539644,0.234904794033541,0.500483435149107,0.617345640703731,0.617477479942018,0.107200171810757,0.893592817318797,0,0.0502502200349125
7.84,1.10144093722701e-19,0.985673233288939,0.0141113436704008,0.000215423040561728,0.237504028316614,0.00117225418414186,0.235874320278027,0.50048650727884,0.617829448618683,0.617962571994957,0.107649643697247,0.893538781593645,0,0.0503516096472915
7.85,1.10144093722701e-19,0.985553127553728,0.0142295267447745,0.000217345701398735,0.238483108750954,0.00118038722145449,0.236845558007086,0.500489588763374,0.618314106152794,0.618448523280927,0.108099993614728,0.893484410261587,0,0.050452857643104
7.86,1.10144093722701e-19,0.985432285484618,0.0143484338730965,0.000219280642186669,0.239463911513453,0.00118855361971725,0.23781850209511,0.500492679580667,0.618799610726412,0.618935331263385,0.108551220015001,0.893429702121692,0,0.0505539632881011
7.87,1.10144093722701e-19,0.985310704575198,0.0144680675283738,0.00022122789632964,0.240446431367525,0.00119675340103704,0.238793147390988,0.50049577970854,0.61928595974728,0.619422993393107,0.109003321341921,0.89337465597387,0,0.0506549258498008
7.88,1.10144093722701e-19,0.985188382322578,0.0145884301803849,0.000223187496939207,0.241430663050435,0.00120498658724177,0.239769488718138,0.500498889124677,0.61977315061055,0.619911507108206,0.10945629603141,0.8933192706189,0,0.0507557445974881
7.89,1.10144093722701e-19,0.98506531622746,0.0147095242956085,0.000225159476832828,0.242416601273334,0.00121325319987733,0.240747520874538,0.500502007806627,0.620261180698804,0.620400869834143,0.109910142511476,0.893263544858463,0,0.0508564188022156
7.9,1.10144093722701e-19,0.984941503794219,0.0148313523371506,0.000227143868532378,0.243404240721307,0.00122155326020455,0.241727238632761,0.5005051357318,0.620750047382065,0.620891078983744,0.110364859202226,0.893207477495163,0,0.0509569477368026
7.91,1.10144093722701e-19,0.984816942530966,0.0149539167646729,0.000229140704262734,0.244393576053406,0.00122988678919603,0.242708636740003,0.500508272877467,0.621239748017821,0.621382131957215,0.110820444515882,0.893151067332566,0,0.0510573306758357
7.92,1.10144093722701e-19,0.984691629949631,0.0150772200343204,0.000231150015950437,0.245384601902701,0.0012382538075329,0.243691709918119,0.50051141922076,0.621730279951035,0.621874026142158,0.1112768968568,0.893094313175222,0,0.0511575668956688
7.93,1.10144093722701e-19,0.984565563566031,0.0152012645986489,0.000233171835222423,0.246377312876316,0.00124665433560155,0.244676452863655,0.500514574738668,0.622221640514167,0.622366758913586,0.111734214621484,0.893037213828696,0,0.0512576556744227
7.94,1.10144093722701e-19,0.984438740899944,0.0153260529065527,0.000235206193404829,0.247371703555474,0.00125508839349025,0.245662860247883,0.500517739408041,0.62271382702719,0.622860327633937,0.112192396198603,0.8929797680996,0,0.0513575962919856
7.95,1.10144093722701e-19,0.984311159475188,0.0154515874031921,0.000237253121521864,0.248367768495542,0.00126355600098572,0.246650926716833,0.500520913205586,0.623206836797607,0.623354729653093,0.112651439969005,0.89292197479562,0,0.0514573880300125
7.96,1.10144093722701e-19,0.984182816819687,0.0155778705299203,0.000239312650294762,0.249365502226074,0.00127205717756969,0.247640646891332,0.500524096107864,0.623700667120469,0.623849962308397,0.113111344305738,0.892863832725544,0,0.0515570301719259
7.97,1.10144093722701e-19,0.98405371046555,0.0157049047242112,0.000241384810140804,0.250364899250856,0.00128059194241528,0.248632015367032,0.500527288091294,0.624195315278396,0.624346022924663,0.113572107574061,0.892805340699296,0,0.0516565220029153
7.98,1.10144093722701e-19,0.983923837949143,0.0158326924195862,0.000243469631172413,0.251365954047952,0.00128916031438344,0.249625026714451,0.500530489132148,0.62469077854159,0.624842908814201,0.114033728131464,0.89274649752796,0,0.0517558628099372
7.99,1.10144093722701e-19,0.983793196811164,0.0159612360455414,0.000245567143196322,0.252368661069748,0.00129776231201923,0.250619675479007,0.50053369920655,0.625187054167856,0.625340617276827,0.114496204327685,0.892687302023812,0,0.0518550518817156
8,1.10144093722701e-19,0.983661784596715,0.0160905380274743,0.000247677375712819,0.253373014743003,0.00130639795354815,0.251615956181055,0.500536918290477,0.625684139402622,0.625839145599884,0.114959534504722,0.892627753000352,0,0.0519540885087412
8.01,1.10144093722701e-19,0.983529598855376,0.0162206007866111,0.000249800357915064,0.254379009468889,0.00131506725687228,0.252613863315922,0.500540146359754,0.626182031478954,0.626338491058258,0.115423716996854,0.892567849272329,0,0.0520529719832723
8.02,1.10144093722701e-19,0.98339663714128,0.0163514267399331,0.000251936118688476,0.255386639623046,0.0013237702395665,0.253613391353944,0.500543383390058,0.626680727617579,0.626838650914396,0.115888750130658,0.892507589655771,0,0.0521517015993339
8.03,1.10144093722701e-19,0.983262897013188,0.0164830183001036,0.000254084686610202,0.256395899555624,0.00133250691887459,0.254614534740507,0.500546629356912,0.627180225026899,0.627339622418321,0.116354632225022,0.892446972968019,0,0.0522502766527186
8.04,1.10144093722701e-19,0.983128376034559,0.0166153778753943,0.000256246089948656,0.257406783591336,0.00134127731170524,0.255617287896081,0.500549884235686,0.627680520903017,0.627841402807656,0.116821361591163,0.892385998027752,0,0.0523486964409858
8.05,1.10144093722701e-19,0.982993071773626,0.0167485078696124,0.00025842035666313,0.258419286029506,0.0013500814346281,0.25662164521626,0.500553148001594,0.62818161242975,0.628343989307635,0.117288936532648,0.892324663655018,0,0.0524469602634622
8.06,1.10144093722701e-19,0.982856981803472,0.0168824106820262,0.000260607514403482,0.259433401144118,0.00135891930386972,0.257627601071803,0.500556420629696,0.628683496778651,0.628847379131127,0.117757355345405,0.892262968671264,0,0.0525450674212415
8.07,1.10144093722701e-19,0.9827201037021,0.0170170887072924,0.000262807590509898,0.260449123183867,0.00136779093530948,0.25863514980867,0.500559702094891,0.629186171109031,0.629351569478651,0.118226616317743,0.892200911899364,0,0.0526430172171848
8.08,1.10144093722701e-19,0.982582435052508,0.0171525443353817,0.000265020612012726,0.261466446372211,0.00137669634447545,0.259644285748063,0.500562992371922,0.629689632567976,0.629856557538397,0.118696717730368,0.892138492163654,0,0.0527408089559202
8.09,1.10144093722701e-19,0.982443973442764,0.0172887799515055,0.000267246605632388,0.262485364907419,0.00138563554654019,0.26065500318647,0.500566291435367,0.63019387829037,0.630362340486245,0.119167657856402,0.892075708289952,0,0.0528384419438428
8.1,1.10144093722701e-19,0.982304716466081,0.0174257979360417,0.000269485597779358,0.263505872962631,0.00139460855631659,0.261667296395699,0.500569599259645,0.630698905398911,0.630868915485783,0.119639434961399,0.892012559105598,0,0.0529359154891151
8.11,1.10144093722701e-19,0.982164661720887,0.0175636006644611,0.000271737614554222,0.2645279646859,0.00140361538825357,0.262681159622925,0.500572915819011,0.631204711004137,0.631376279688327,0.120112047303361,0.891949043439475,0,0.0530332289016667
8.12,1.10144093722701e-19,0.982023806810901,0.0177021905072537,0.000274002681747806,0.265551634200255,0.00141265605643183,0.263696587090732,0.500576241087552,0.631711292204443,0.631884430232944,0.120585493132755,0.891885160122048,0,0.0531303814931941
8.13,1.10144093722701e-19,0.981882149345207,0.0178415698298538,0.000276280824841375,0.26657687560375,0.00142173057455949,0.264713572997151,0.500579575039189,0.632218646086106,0.632393364246466,0.121059770692535,0.891820907985382,0,0.0532273725771613
8.14,1.10144093722701e-19,0.981739686938328,0.017981740992567,0.000278572069006912,0.267603682969518,0.0014308389559678,0.265732111515706,0.500582917647676,0.6327267697233,0.632903078843517,0.121534878218154,0.891756285863183,0,0.0533242014687992
8.15,1.10144093722701e-19,0.981596417210299,0.0181227063504954,0.000280876439107462,0.26863205034583,0.00143998121360667,0.266752196795457,0.500586268886594,0.633235660178126,0.633413571126528,0.122010813937583,0.891691292590821,0,0.0534208674851059
8.16,1.10144093722701e-19,0.981452337786741,0.0182644682534634,0.000283193959697551,0.269661971756146,0.00144915736004031,0.267773822961046,0.500589628729353,0.633745314500625,0.633924838185764,0.12248757607133,0.891625927005361,0,0.0535173699448468
8.17,1.10144093722701e-19,0.981307446298934,0.0184070290459441,0.000285524655023674,0.270693441199174,0.00145836740744279,0.268796984112737,0.500592997149188,0.634255729728808,0.634436877099338,0.122965162832456,0.891560187945597,0,0.0536137081685541
8.18,1.10144093722701e-19,0.981161740383893,0.0185503910669843,0.000287868549024861,0.271726452648929,0.00146761136759355,0.269821674326464,0.50059637411916,0.634766902888671,0.634949684933238,0.123443572426595,0.891494074252073,0,0.0537098814785276
8.19,1.10144093722701e-19,0.981015217684438,0.0186945566501306,0.000290225665333301,0.272761000054784,0.00147688925187295,0.270847887653878,0.500599759612151,0.635278830994223,0.635463258741349,0.123922803051968,0.891427584767121,0,0.0538058891988338
8.2,1.10144093722701e-19,0.980867875849272,0.018839528123355,0.000292596027275043,0.273797077341534,0.0014862010712577,0.271875618122389,0.500603153600866,0.635791511047508,0.635977595565469,0.124402852899403,0.891360718334889,0,0.0539017306553067
8.21,1.10144093722701e-19,0.980719712533051,0.0189853078089804,0.000294979657870774,0.274834678409453,0.00149554683631641,0.272904859735218,0.500606556057827,0.636304940038624,0.636492692435339,0.124883720152353,0.891293473801367,0,0.0539974051755471
8.22,1.10144093722701e-19,0.980570725396459,0.0191318980236061,0.000297376579836647,0.275873797134352,0.00150492655720499,0.273935606471437,0.500609966955375,0.636819114945751,0.63700854636866,0.125365402986914,0.891225850014422,0,0.0540929120889234
8.23,1.10144093722701e-19,0.980420912106283,0.0192793010780337,0.000299786815585196,0.276914427367641,0.00151434024366212,0.274967852286026,0.500613386265664,0.637334032735171,0.637525154371118,0.125847899571841,0.891157845823823,0,0.0541882507265707
8.24,1.10144093722701e-19,0.980270270335483,0.0194275192771921,0.000302210387226302,0.277956562936386,0.00152378790500467,0.276001591109913,0.500616813960664,0.637849690361294,0.63804251343641,0.126331208068569,0.891089460081274,0,0.0542834204213915
8.25,1.10144093722701e-19,0.98011879776327,0.0195765549200634,0.000304647316568239,0.279000197643374,0.0015332695501231,0.277036816850029,0.500620250012155,0.638366084766681,0.63856062054626,0.126815326631229,0.891020691640444,0,0.0543784205080554
8.26,1.10144093722701e-19,0.979966492075175,0.019726410299608,0.000307097625118776,0.280045325267173,0.00154278518747694,0.278073523389354,0.50062369439173,0.638883212882069,0.639079472670451,0.127300253406667,0.890951539356995,0,0.0544732503229991
8.27,1.10144093722701e-19,0.979813350963125,0.0198770877026902,0.00030956133408635,0.281091939562194,0.0015523348250901,0.279111704586969,0.500627147070787,0.639401071626392,0.639599066766844,0.12778598653446,0.890882002088613,0,0.0545679092044265
8.28,1.10144093722701e-19,0.979659372125517,0.0200285894100038,0.000312038464381301,0.282140034258753,0.00156191847054635,0.280151354278105,0.50063060802053,0.639919657906813,0.640119399781404,0.12827252414694,0.890812078695037,0,0.0546623964923086
8.29,1.10144093722701e-19,0.979504553267288,0.0201809176959969,0.000314529036617166,0.283189603063138,0.00157153613098466,0.281192466274197,0.500634077211971,0.640438968618741,0.640640468648226,0.128759864369206,0.890741768038091,0,0.0547567115283836
8.3,1.10144093722701e-19,0.979348892099992,0.0203340748287981,0.000317033071112047,0.284240639657669,0.00158118781309467,0.282235034362935,0.500637554615919,0.640959000645862,0.641162270289556,0.129248005319144,0.89067106898171,0,0.0548508536561567
8.31,1.10144093722701e-19,0.979192386341871,0.0204880630701409,0.000319550587890023,0.285293137700764,0.00159087352311201,0.283279052308314,0.500641040202988,0.641479750860163,0.641684801615822,0.12973694510745,0.890599980391975,0,0.0549448222209005
8.32,1.10144093722701e-19,0.979035033717929,0.0206428846752901,0.000322081606682644,0.286347090827006,0.00160059326681377,0.284324513850691,0.50064453394359,0.642001216121955,0.642208059525655,0.130226681837641,0.890528501137138,0,0.0550386165696544
8.33,1.10144093722701e-19,0.978876831960005,0.0207985418929661,0.000324626146930459,0.287402492647209,0.00161034704951385,0.285371412706838,0.500648035807932,0.642523393279905,0.642732040905916,0.130717213606082,0.890456630087655,0,0.0551322360512254
8.34,1.10144093722701e-19,0.978717778806846,0.0209550369652711,0.000327184227784628,0.28845933674848,0.00162013487605846,0.286419742569994,0.500651545766016,0.643046279171056,0.643256742631724,0.131208538501996,0.890384366116213,0,0.0552256800161872
8.35,1.10144093722701e-19,0.97855787200418,0.0211123721276137,0.000329755868108572,0.289517616694292,0.00162995675082148,0.287469497109923,0.500655063787639,0.643569870620858,0.643782161566482,0.13170065460749,0.890311708097764,0,0.055318947816881
8.36,1.10144093722701e-19,0.978397109304787,0.0212705496086351,0.000332341086479689,0.290577326024548,0.00163981267769994,0.288520669972968,0.500658589842388,0.644094164443195,0.644308294561901,0.13219355999757,0.890238654909552,0,0.0554120388074148
8.37,1.10144093722701e-19,0.978235488468577,0.0214295716301337,0.000334939901191122,0.291638458255653,0.00164970266010946,0.28957325478211,0.500662123899637,0.64461915744041,0.644835138458033,0.132687252740161,0.890165205431143,0,0.0555049523436641
8.38,1.10144093722701e-19,0.978073007262658,0.0215894404069906,0.000337552330253579,0.292701006880577,0.00165962670097975,0.290627245137019,0.500665665928551,0.645144846403334,0.645362690083293,0.133181730896125,0.890091358544454,0,0.0555976877832712
8.39,1.10144093722701e-19,0.977909663461409,0.0217501581470956,0.000340178391397215,0.293764965368931,0.00166958480275007,0.291682634614121,0.500669215898078,0.645671228111313,0.645890946254491,0.133676992519281,0.890017113133787,0,0.0556902444856459
8.4,1.10144093722701e-19,0.977745454846557,0.0219117270512717,0.000342818102073546,0.294830327167035,0.00167957696736476,0.292739416766647,0.500672773776949,0.646198299332238,0.646419903776856,0.134173035656424,0.889942468085853,0,0.0557826218119649
8.41,1.10144093722701e-19,0.977580379207243,0.022074149313201,0.000345471479457439,0.295897085697988,0.00168960319626881,0.2937975851247,0.500676339533678,0.646726056822572,0.646949559444071,0.134669858347345,0.889867422289807,0,0.0558748191251721
8.42,1.10144093722701e-19,0.977414434340103,0.0222374271193501,0.000348138540449126,0.296965234361738,0.00169966349040336,0.294857133195308,0.500679913136559,0.64725449732738,0.647479910038295,0.135167458624846,0.889791974637275,0,0.0559668357899786
8.43,1.10144093722701e-19,0.97724761804933,0.0224015626488956,0.000350819301676284,0.298034766535161,0.00170975785020133,0.295918054462489,0.500683494553662,0.647783617580357,0.648010952330196,0.135665834514767,0.889716124022383,0,0.0560586711728626
8.44,1.10144093722701e-19,0.977079928146756,0.0225665580736495,0.000353513779496149,0.299105675572124,0.00171988627558304,0.29698034238731,0.500687083752834,0.648313414303858,0.648542683078981,0.136164984035996,0.88963986934179,0,0.0561503246420694
8.45,1.10144093722701e-19,0.97691136245192,0.0227324155579844,0.000356221989997681,0.300177954803566,0.00173004876595184,0.298043990407951,0.500690680701697,0.648843884208928,0.649075099032427,0.136664905200496,0.889563209494716,0,0.0562417955676115
8.46,1.10144093722701e-19,0.976741918792138,0.0228991372587597,0.000358943949003775,0.301251597537571,0.00174024532018983,0.299108991939765,0.500694285367644,0.649375023995331,0.649608196926905,0.137165596013322,0.88948614338297,0,0.0563330833212686
8.47,1.10144093722701e-19,0.976571595002581,0.0230667253252469,0.0003616796720735,0.302326597059437,0.00175047593665352,0.30017534037534,0.500697897717839,0.649906830351584,0.65014197348742,0.137667054472638,0.889408669910985,0,0.0564241872765874
8.48,1.10144093722701e-19,0.976400388926343,0.0232351818990549,0.000364429174504398,0.303402946631759,0.00176074061316965,0.301243029084568,0.500701517719213,0.650439299954983,0.650676425427635,0.13816927856974,0.889330787985841,0,0.056515106808882
8.49,1.10144093722701e-19,0.976228298414511,0.0234045091140562,0.000367192471334805,0.3044806394945,0.00177103934703094,0.302312051414706,0.500705145338468,0.650972429471636,0.651211549449905,0.138672266289076,0.889252496517301,0,0.0566058412952333
8.5,1.10144093722701e-19,0.976055321326243,0.0235747090963122,0.000369969577346219,0.30555966886507,0.00178137213499195,0.303382400690441,0.500708780542067,0.651506215556498,0.651747342245309,0.139176015608261,0.889173794417834,0,0.0566963901144897
8.51,1.10144093722701e-19,0.975881455528836,0.0237457839639996,0.000372760507065702,0.3066400279384,0.00179173897326494,0.304454070213957,0.500712423296237,0.652040654853396,0.652283800493683,0.139680524498103,0.889094680602654,0,0.0567867526472664
8.52,1.10144093722701e-19,0.975706698897798,0.0239177358273352,0.000375565274768314,0.307721709887024,0.00180213985751583,0.305527053265002,0.500716073566969,0.652575743995067,0.65282092086365,0.140185790922618,0.889015153989739,0,0.056876928275946
8.53,1.10144093722701e-19,0.975531049316919,0.0240905667885029,0.000378383894479577,0.308804707861154,0.00181257478286013,0.306601343100956,0.500719731320012,0.653111479603189,0.653358700012657,0.140691812839053,0.888935213499871,0,0.0569669163846782
8.54,1.10144093722701e-19,0.975354504678345,0.024264278941579,0.00038121637997798,0.309889014988761,0.00182304374385899,0.307676932956898,0.500723396520873,0.653647858288411,0.653897134587001,0.141198588197904,0.888854858056656,0,0.0570567163593797
8.55,1.10144093722701e-19,0.975177062882646,0.0244388743724582,0.000384062744797504,0.310974624375655,0.00183354673451525,0.308753816045676,0.500727069134816,0.65418487665039,0.654436221221872,0.141706114942938,0.888774086586563,0,0.0571463275877347
8.56,1.10144093722701e-19,0.974998721838891,0.02461435515878,0.000386923002230177,0.312061529105562,0.00184408374826959,0.309831985557973,0.500730749126861,0.654722531277822,0.65497595654138,0.142214391011211,0.888692898018945,0,0.057235749459194
8.57,1.10144093722701e-19,0.974819479464718,0.0247907233698549,0.000389797165328657,0.313149722240211,0.00185465477799669,0.310911434662386,0.500734436461779,0.655260818748479,0.655516337158595,0.142723414333091,0.888611291286075,0,0.057324981364976
8.58,1.10144093722701e-19,0.974639333686403,0.0249679810665901,0.000392685246908837,0.314239196819409,0.00186525981600147,0.311992156505487,0.500738131104094,0.65579973562924,0.656057359675575,0.143233182832275,0.888529265323172,0,0.0574140226980661
8.59,1.10144093722701e-19,0.974458282438933,0.0251461303014164,0.000395587259552472,0.315329945861128,0.00187589885401539,0.313074144211903,0.50074183301808,0.656339278476126,0.656599020683408,0.143743694425811,0.888446819068434,0,0.0575028728532168
8.6,1.10144093722701e-19,0.974276323666077,0.0253251731182143,0.000398503215609833,0.316421962361586,0.00188657188319279,0.314157390884383,0.500745542167759,0.656879443834337,0.657141316762242,0.14425494702412,0.888363951463064,0,0.0575915312269478
8.61,1.10144093722701e-19,0.974093455320459,0.0255051115522404,0.000401433127202366,0.31751523929533,0.00189727889410732,0.315241889603876,0.500749258516901,0.657420228238288,0.657684244481326,0.144766938531014,0.888280661451299,0,0.057679997217546
8.62,1.10144093722701e-19,0.973909675363621,0.0256859476300545,0.000404377006225387,0.318609769615323,0.00190801987674842,0.316327633429603,0.500752982029021,0.65796162821164,0.658227800399044,0.145279666843717,0.888196947980446,0,0.0577682702250653
8.63,1.10144093722701e-19,0.973724981766105,0.0258676833694454,0.000407334864350775,0.319705546253024,0.00191879482051783,0.317414615399131,0.500756712667378,0.658503640267341,0.65877198106295,0.145793129852888,0.888112810000902,0,0.0578563496513268
8.64,1.10144093722701e-19,0.973539372507513,0.0260503207793585,0.00041030671302969,0.320802562118478,0.00192960371422627,0.318502828528452,0.500760450394973,0.659046260907662,0.659316783009809,0.146307325442637,0.888028246466193,0,0.0579442348999189
8.65,1.10144093722701e-19,0.973352845576584,0.0262338618598221,0.000413292563495296,0.3219008101004,0.00194044654609005,0.319592265812055,0.500764195174551,0.659589486624231,0.65986220276563,0.146822251490551,0.887943256332996,0,0.0580319253761968
8.66,1.10144093722701e-19,0.973165398971261,0.0264183086018746,0.000416292426765497,0.323000283066262,0.00195132330372785,0.320682920223009,0.500767946968593,0.660133313898072,0.66040823684571,0.147337905867712,0.887857838561173,0,0.0581194204872832
8.67,1.10144093722701e-19,0.972977030698764,0.0266036629874917,0.000419306313645683,0.32410097386238,0.00196223397415757,0.321774784713037,0.500771705739322,0.660677739199646,0.660954881754666,0.147854286438717,0.887771992113796,0,0.0582067196420679
8.68,1.10144093722701e-19,0.972787738775656,0.0267899269895132,0.000422334234731474,0.325202875314002,0.00197317854379315,0.322867852212595,0.500775471448696,0.661222758988882,0.661502133986478,0.148371391061703,0.887685715957182,0,0.0582938222512075
8.69,1.10144093722701e-19,0.972597521227919,0.0269771025715707,0.000425376200411479,0.326305980225398,0.00198415699844164,0.323962115630954,0.500779244058411,0.661768369715222,0.662049990024527,0.148889217588363,0.887599009060919,0,0.0583807277271263
8.7,1.10144093722701e-19,0.972406376091017,0.0271651916880145,0.000428432220870045,0.327410281379947,0.00199516932330016,0.32505756785628,0.500783023529898,0.662314567817656,0.662598446341632,0.14940776386397,0.887511870397894,0,0.0584674354840152
8.71,1.10144093722701e-19,0.972214301409969,0.0273541962838421,0.000431502306090021,0.32851577154023,0.00200621550295307,0.326154201755714,0.500786809824319,0.662861349724762,0.663147499400097,0.149927027727399,0.887424298944326,0,0.0585539449378326
8.72,1.10144093722701e-19,0.972021295239421,0.0275441182946246,0.000434586465855506,0.329622443448116,0.00201729552136916,0.327252010175454,0.500790602902572,0.663408711854749,0.663697145651743,0.150447007011145,0.887336293679791,0,0.0586402555063039
8.73,1.10144093722701e-19,0.971827355643711,0.0277349596464355,0.000437684709754602,0.330730289824859,0.00202840936189897,0.32835098594084,0.500794402725284,0.663956650615493,0.664247381537953,0.150967699541349,0.887247853587256,0,0.0587263666089217
8.74,1.10144093722701e-19,0.971632480696941,0.0279267222557781,0.000440797047182159,0.331839303371183,0.0020395570072721,0.329451121856436,0.500798209252815,0.664505162404577,0.664798203489714,0.151489103137814,0.887158977653104,0,0.0588122776669458
8.75,1.10144093722701e-19,0.971436668483045,0.0281194080295137,0.000443923487342513,0.332949476767381,0.0020507384395947,0.330552410706116,0.500802022445253,0.665054243609337,0.665349607927656,0.152011215614032,0.887069664867165,0,0.0588979881034029
8.76,1.10144093722701e-19,0.971239917095859,0.0283130188647901,0.000447064039252212,0.334060802673405,0.00206195364034702,0.331654845253147,0.500805842262415,0.665603890606898,0.665901591262098,0.152534034777199,0.886979914222745,0,0.0589834973430872
8.77,1.10144093722701e-19,0.971042224639189,0.0285075566489693,0.00045021871174274,0.335173273728958,0.00207320259038098,0.332758418240277,0.500809668663845,0.666154099764218,0.666454149893084,0.153057558428243,0.886889724716656,0,0.0590688048125597
8.78,1.10144093722701e-19,0.970843589226881,0.0287030232595565,0.000453387513463209,0.336286882553592,0.00208448526991795,0.333863122389823,0.500813501608816,0.66670486743813,0.667007280210433,0.153581784361843,0.886799095349241,0,0.0591539099401489
8.79,1.10144093722701e-19,0.970644008982889,0.0288994205641286,0.000456570452883058,0.337401621746801,0.0020958016585465,0.334968950403755,0.500817341056325,0.667256189975387,0.667560978593776,0.15410671036645,0.88670802512441,0,0.0592388121559501
8.8,1.10144093722701e-19,0.970443482041343,0.0290967504202632,0.00045976753829472,0.338517483888118,0.00210715173522032,0.33607589496379,0.500821186965095,0.667808063712698,0.668115241412606,0.15463233422431,0.886616513049662,0,0.059323510891826
8.81,1.10144093722701e-19,0.970242006546618,0.0292950146754668,0.000462978777816268,0.339634461537207,0.00211853547825617,0.337183948731475,0.500825039293574,0.66836048497678,0.668670065026314,0.155158653711485,0.886524558136118,0,0.0594080055814063
8.82,1.10144093722701e-19,0.970039580653402,0.0294942151671051,0.000466204179394057,0.340752547233968,0.00212995286533201,0.338293104348285,0.500828897999933,0.668913450084396,0.669225445784244,0.155685666597875,0.886432159398549,0,0.0594922956600879
8.83,1.10144093722701e-19,0.969836202526765,0.0296943537223314,0.000469443750805319,0.341871733498625,0.0021414038734851,0.339403354435706,0.500832763042068,0.669466955342401,0.669781380025726,0.156213370647242,0.886339315855405,0,0.0595763805650348
8.84,1.10144093722701e-19,0.969631870342224,0.0298954321580161,0.000472697499660754,0.342992012831832,0.00215288847911032,0.340514691595334,0.500836634377597,0.670020997047787,0.670337864080132,0.156741763617229,0.886246026528842,0,0.0596602597351783
8.85,1.10144093722701e-19,0.969426582285817,0.030097452280677,0.00047596543340708,0.344113377714767,0.00216440665795851,0.341627108408962,0.50084051196386,0.670575571487728,0.670894894266915,0.157270843259384,0.886152290444753,0,0.0597439326112167
8.86,1.10144093722701e-19,0.969220336554164,0.0303004158864082,0.00047924755932956,0.345235820609235,0.00217595838513491,0.342740597438679,0.500844395757919,0.671130674939625,0.671452466895657,0.157800607319182,0.886058106632797,0,0.0598273986356154
8.87,1.10144093722701e-19,0.969013131354536,0.0305043247608107,0.000482543884554496,0.346359333957766,0.00218754363509773,0.34385515122696,0.500848285716557,0.671686303671153,0.672010578266118,0.158331053536049,0.885963474126425,0,0.0599106572526071
8.88,1.10144093722701e-19,0.968804964904927,0.0307091806789225,0.000485854416051688,0.347483910183713,0.00219916238165682,0.344970762296764,0.500852181796281,0.672242453940307,0.672569224668279,0.15886217964338,0.885868391962911,0,0.0599937079081914
8.89,1.10144093722701e-19,0.968595835434116,0.0309149854051488,0.00048917916063687,0.348609541691361,0.0022108145979724,0.346087423151628,0.500856083953315,0.672799121995446,0.673128402382391,0.159393983368564,0.885772859183381,0,0.0600765500501355
8.9,1.10144093722701e-19,0.968385741181735,0.0311217406931923,0.000492518124974085,0.349736220866022,0.00222250025655388,0.347205126275767,0.500859992143606,0.673356304075347,0.673688107679025,0.159926462433009,0.885676874832839,0,0.0601591831279733
8.91,1.10144093722701e-19,0.968174680398339,0.0313294482859847,0.000495871315578046,0.350863940074139,0.00223421932925889,0.348323864134168,0.500863906322821,0.673913996409246,0.674248336819117,0.16045961455216,0.885580437960196,0,0.060241606593006
8.92,1.10144093722701e-19,0.967962651345468,0.031538109915617,0.000499238738816443,0.351992691663393,0.00224597178729229,0.349443629172692,0.500867826446348,0.674472195216888,0.674809086054018,0.160993437435525,0.885483547618302,0,0.060323819898302
8.93,1.10144093722701e-19,0.967749652295719,0.0317477273032706,0.00050262040091221,0.353122467962802,0.00225775760120531,0.350564413818171,0.500871752469293,0.67503089670858,0.675370351625545,0.161527928786696,0.885386202863971,0,0.0604058224986968
8.94,1.10144093722701e-19,0.967535681532806,0.0319583021591493,0.000506016307945746,0.354253261282828,0.00226957674089486,0.351686210478511,0.500875684346486,0.675590097085233,0.675932129766026,0.162063086303372,0.885288402758008,0,0.060487613850793
8.95,1.10144093722701e-19,0.967320737351634,0.0321698361824099,0.00050942646585709,0.355385063915483,0.00228142917560286,0.352809011542789,0.500879622032474,0.676149792538417,0.676494416698354,0.162598907677382,0.885190146365244,0,0.0605691934129604
8.96,1.10144093722701e-19,0.967104818058358,0.032382331061095,0.000512850880448059,0.356517868134433,0.00229331487391573,0.353932809381362,0.500883565481526,0.676709979250408,0.677057208636037,0.16313539059471,0.885091432754555,0,0.060650560645336
8.97,1.10144093722701e-19,0.966887921970453,0.0325957884720642,0.000516289557384304,0.357651666195104,0.00230523380376395,0.35505759634596,0.500887514647634,0.677270653394238,0.677620501783245,0.163672532735512,0.884992260998899,0,0.0607317150098238
8.98,1.10144093722701e-19,0.966670047416777,0.0328102100809268,0.00051974250219736,0.358786450334792,0.00231718593242176,0.356183364769799,0.500891469484506,0.677831811133752,0.678184292334868,0.164210331774149,0.884892630175336,0,0.0608126559700951
8.99,1.10144093722701e-19,0.966451192737641,0.0330255975419739,0.000523209720286598,0.359922212772767,0.00232917122650693,0.357310106967681,0.500895429945575,0.678393448623648,0.678748576476558,0.164748785379198,0.884792539365064,0,0.0608933829915883
9,1.10144093722701e-19,0.966231356284869,0.0332419524981111,0.000526691216921149,0.361058945710384,0.00234118965198065,0.3584378152361,0.500899395983995,0.67895556200954,0.679313350384792,0.165287891213487,0.884691987653442,0,0.0609738955415088
9.01,1.10144093722701e-19,0.966010536421868,0.0334592765807918,0.000530186997241763,0.36219664133119,0.00235324117414758,0.359566481853347,0.500903367552641,0.679518147428003,0.679878610226915,0.165827646934109,0.884590974130019,0,0.0610541930888293
9.02,1.10144093722701e-19,0.965788731523689,0.0336775714099497,0.000533697066262605,0.363335291801035,0.00236532575765589,0.36069609907962,0.500907344604112,0.68008120100663,0.6804443521612,0.16636805019245,0.884489497888563,0,0.0611342751042897
9.03,1.10144093722701e-19,0.965565939977096,0.0338968385939327,0.000537221428872992,0.364474889268183,0.00237744336649752,0.361826659157131,0.50091132709073,0.680644718864079,0.681010572336895,0.166909098634213,0.884387558027087,0,0.0612141410603969
9.04,1.10144093722701e-19,0.965342160180626,0.0341170797294363,0.000540760089839069,0.365615425863417,0.0023895939640085,0.362958154310211,0.500915314964539,0.681208697110136,0.681577266894282,0.167450789899438,0.88428515364788,0,0.061293790431425
9.05,1.10144093722701e-19,0.965117390544659,0.0343382964014372,0.000544313053805424,0.366756893700159,0.00240177751286936,0.364090576745426,0.50091930817731,0.681773131845761,0.682144431964727,0.16799312162253,0.88418228385753,0,0.0613732226934152
9.06,1.10144093722701e-19,0.964891629491477,0.034560490183128,0.000547880325296623,0.367899284874576,0.0024139939751057,0.365223918651682,0.500923306680537,0.682338019163143,0.682712063670738,0.168536091432277,0.884078947766958,0,0.061452437324176
9.07,1.10144093722701e-19,0.964664875455332,0.034783662635851,0.000551461908718696,0.369042591465694,0.00242624331208884,0.36635817220034,0.500927310425441,0.682903355145761,0.683280158126018,0.169079696951879,0.883975144491439,0,0.0615314338032829
9.08,1.10144093722701e-19,0.964437126882508,0.035007815309033,0.000555057808360536,0.370186805535513,0.00243852548453655,0.367493329545325,0.500931319362971,0.683469135868433,0.68384871143552,0.16962393579897,0.883870873150636,0,0.0616102116120786
9.09,1.10144093722701e-19,0.964208382231386,0.0352329497401204,0.000558668028395242,0.371331919129118,0.00245084045251394,0.368629382823243,0.500935333443801,0.684035357397375,0.684417719695503,0.170168805585639,0.883766132868621,0,0.0616887702336729
9.1,1.10144093722701e-19,0.963978639972506,0.0354590674545138,0.000562292572881379,0.372477924274794,0.00246318817543442,0.369766324153488,0.500939352618336,0.684602015790254,0.684987178993589,0.17071430391846,0.883660922773909,0,0.0617671091529428
9.11,1.10144093722701e-19,0.963747898588633,0.0356861699655041,0.000565931445764167,0.373624812984145,0.00247556861206082,0.370904145638365,0.500943376836711,0.685169107096251,0.685557085408818,0.171260428398508,0.88355524199948,0,0.0618452278565324
9.12,1.10144093722701e-19,0.963516156574817,0.0359142587742075,0.000569584650876597,0.374772577252203,0.00248798172050654,0.372042839363199,0.50094740604879,0.685736627356112,0.686127435011708,0.171807176621392,0.88344908968281,0,0.061923125832853
9.13,1.10144093722701e-19,0.963283412438459,0.0361433353695019,0.000573252191940462,0.375921209057551,0.00250042745823686,0.373182397396455,0.500951440204173,0.686304572602208,0.686698223864308,0.17235454617727,0.883342464965897,0,0.0620008025720831
9.14,1.10144093722701e-19,0.963049664699371,0.036373401227963,0.000576934072567325,0.377070700362435,0.0025129057820704,0.374322811789853,0.50095547925219,0.686872938858594,0.687269448020259,0.172902534650881,0.883235366995288,0,0.0620782575661681
9.15,1.10144093722701e-19,0.962814911889841,0.0366044578138007,0.000580630296259382,0.378221043112883,0.00252541664818056,0.375464074578487,0.500959523141907,0.687441722141064,0.687841103524851,0.173451139621564,0.883127794922106,0,0.0621554903088208
9.16,1.10144093722701e-19,0.962579152554695,0.0368365065787958,0.000584340866410274,0.379372229238825,0.00253796001209721,0.376606177780943,0.500963571822126,0.688010918457217,0.688413186415083,0.174000358663284,0.883019747902078,0,0.062232500295521
9.17,1.10144093722701e-19,0.962342385251358,0.0370695489622376,0.00058806578630579,0.380524250654209,0.0025505358287084,0.377749113399419,0.500967625241387,0.688580523806507,0.688985692719718,0.174550189344658,0.882911225095561,0,0.0623092870235157
9.18,1.10144093722701e-19,0.962104608549916,0.0373035863908606,0.000591805059124498,0.38167709925712,0.00256314405226218,0.378892873419846,0.500971683347971,0.689150534180312,0.689558618459347,0.175100629228978,0.88280222566757,0,0.0623858499918192
9.19,1.10144093722701e-19,0.96186582103318,0.0375386202787826,0.000595558687938293,0.382830766929906,0.0025757846363686,0.38003744981201,0.500975746089896,0.689720945561986,0.690131959646446,0.175651675874233,0.882692748787806,0,0.0624621887012126
9.2,1.10144093722701e-19,0.961626021296746,0.0377746520274422,0.000599326675712846,0.383985245539287,0.00258845753400173,0.381182834529669,0.500979813414927,0.690291753926929,0.690705712285437,0.176203326833139,0.882582793630679,0,0.0625383026542444
9.21,1.10144093722701e-19,0.961385207949055,0.0380116830255377,0.000603109025307985,0.385140526936489,0.00260116269750181,0.382329019510684,0.500983885270568,0.690862955242638,0.691279872372748,0.176755579653158,0.882472359375338,0,0.0626141913552302
9.22,1.10144093722701e-19,0.961143379611458,0.0382497146489652,0.000606905739477964,0.386296602957357,0.00261390007857755,0.383475996677134,0.500987961604075,0.691434545468778,0.691854435896876,0.177308431876528,0.882361445205697,0,0.0626898543102529
9.23,1.10144093722701e-19,0.960900534918272,0.0384887482607575,0.000610716820871658,0.387453465422479,0.0026266696283085,0.384623757935448,0.500992042362447,0.692006520557239,0.692429398838444,0.177861881040284,0.882250050310462,0,0.062765291027162
9.24,1.10144093722701e-19,0.960656672516846,0.0387287852110233,0.000614542272032661,0.388611106137311,0.00263947129714747,0.385772295176527,0.500996127492435,0.692578876452198,0.693004757170267,0.178415924676283,0.882138173883155,0,0.0628405010155748
9.25,1.10144093722701e-19,0.960411791067615,0.0389698268368869,0.000618382095399291,0.3897695168923,0.00265230503492321,0.386921600275866,0.501000216940542,0.693151609090184,0.693580506857411,0.178970560311232,0.882025815122145,0,0.0629154837868754
9.26,1.10144093722701e-19,0.960165889244169,0.0392118744624276,0.000622236293304504,0.390928689463005,0.002665170790843,0.388071665093691,0.501004310653024,0.693724714400144,0.694156643857259,0.179525785466709,0.88191297323067,0,0.0629902388542151
9.27,1.10144093722701e-19,0.959918965733305,0.0394549293986201,0.000626104867975711,0.392088615610227,0.00267806851349548,0.389222481475076,0.501008408575893,0.694298188303501,0.694733164119569,0.180081597659192,0.881799647416868,0,0.0630647657325124
9.28,1.10144093722701e-19,0.959671019235092,0.0396989929432749,0.000629987821534505,0.393249287080127,0.00269099815085355,0.390374041250078,0.50101251065492,0.694872026714222,0.695310063586541,0.18063799440008,0.881685836893798,0,0.0631390639384528
9.29,1.10144093722701e-19,0.959422048462926,0.0399440663809791,0.000633885155996275,0.394410695604359,0.00270395965027731,0.391526336233863,0.501016616835636,0.695446225538884,0.695887338192879,0.18119497319572,0.88157154087947,0,0.0632131329904892
9.3,1.10144093722701e-19,0.959172052143594,0.0401901509830373,0.000637796873269755,0.395572832900194,0.00271695295851723,0.39267935822684,0.501020727063335,0.696020780676736,0.696464983865856,0.181752531547437,0.881456758596869,0,0.0632869724088414
9.31,1.10144093722701e-19,0.958921029017331,0.0404372480074132,0.000641722975156435,0.396735690670642,0.00272997802171724,0.393833099014787,0.501024841283075,0.696595688019766,0.697042996525377,0.182310666951548,0.881341489273983,0,0.0633605817154964
9.32,1.10144093722701e-19,0.95866897783788,0.0406853586986714,0.000645663463349914,0.397899260604589,0.00274303478541811,0.394987550368985,0.501028959439683,0.697170943452768,0.697621372084044,0.182869376899399,0.881225732143828,0,0.0634339604342085
9.33,1.10144093722701e-19,0.958415897372547,0.0409344842879191,0.000649618339435113,0.399063534376917,0.00275612319456075,0.39614270404635,0.501033081477755,0.697746542853408,0.698200106447221,0.183428658877385,0.881109486444474,0,0.063507108090499
9.34,1.10144093722701e-19,0.958161786402265,0.0411846259927493,0.000653587604887425,0.400228503648634,0.00276924319348978,0.397298551789567,0.501037207341661,0.69832248209229,0.6987791955131,0.183988510366975,0.880992751419069,0,0.0635800242116564
9.35,1.10144093722701e-19,0.957906643721647,0.0414357850171826,0.000657571261071737,0.401394160067009,0.00278239472595704,0.398455085327223,0.501041336975543,0.698898757033026,0.699358635172767,0.184548928844738,0.880875526315869,0,0.0636527083267363
9.36,1.10144093722701e-19,0.957650468139049,0.0416879625516113,0.000661569309241371,0.402560495265694,0.00279557773512527,0.399612296373941,0.501045470323326,0.699475363532301,0.699938421310267,0.185109911782372,0.88075781038826,0,0.0637251599665613
9.37,1.10144093722701e-19,0.957393258476623,0.041941159772742,0.000665581750536902,0.403727500864859,0.00280879216357191,0.400770176630518,0.50104960732871,0.700052297439941,0.700518549802672,0.185671456646725,0.880639602894784,0,0.0637973786637216
9.38,1.10144093722701e-19,0.957135013570376,0.04219537784354,0.000669608585984893,0.404895168471322,0.00282203795329293,0.401928717784056,0.501053747935184,0.700629554598986,0.701099016520143,0.186233560899823,0.880520903099167,0,0.0638693639525742
9.39,1.10144093722701e-19,0.956875732270231,0.0424506179131734,0.000673649816496521,0.406063489678681,0.00283531504570678,0.403087911508106,0.501057892086019,0.701207130845755,0.701679817326005,0.186796221998896,0.88040171027034,0,0.0639411153692433
9.4,1.10144093722701e-19,0.956615413440078,0.0427068811169572,0.00067770544286609,0.407232456067444,0.00284862338165845,0.404247749462798,0.501062039724278,0.701785022009917,0.70226094807681,0.187359437396403,0.880282023682469,0,0.06401263245162
9.41,1.10144093722701e-19,0.956354055957833,0.0429641685762988,0.000681775465769457,0.408402059205164,0.00286196290142355,0.405408223294987,0.501066190792815,0.702363223914559,0.702842404622402,0.187923204540061,0.880161842614979,0,0.0640839147393632
9.42,1.10144093722701e-19,0.956091658715497,0.0432224813986428,0.000685859885762342,0.409572290646571,0.00287533354471259,0.406569324638385,0.501070345234279,0.702941732376262,0.703424182805993,0.188487520872865,0.880041166352575,0,0.0641549617738983
9.43,1.10144093722701e-19,0.955828220619206,0.0434818206774167,0.00068995870327854,0.410743141933705,0.00288873525067521,0.407731045113706,0.501074502991119,0.703520543205164,0.704006278464223,0.189052383833119,0.879919994185275,0,0.0642257730984181
9.44,1.10144093722701e-19,0.955563740589296,0.0437421874919773,0.000694071918628026,0.411914604596052,0.00290216795790465,0.408893376328804,0.501078664005583,0.704099652205039,0.704588687427234,0.189617790854462,0.879798325408428,0,0.0642963482578827
9.45,1.10144093722701e-19,0.955298217560351,0.044003582907556,0.000698199531994953,0.413086670150676,0.00291563160444212,0.410056309878814,0.501082828219727,0.70467905517336,0.705171405518739,0.190183739365891,0.87967615932274,0,0.064366686799019
9.46,1.10144093722701e-19,0.955031650481259,0.0442660079752071,0.000702341543435562,0.41425933010236,0.00292912612778144,0.411219837346296,0.501086995575414,0.705258747901381,0.705754428556089,0.190750226791791,0.879553495234304,0,0.0644367882703213
9.47,1.10144093722701e-19,0.954764038315273,0.0445294637317531,0.000706497952875956,0.415432575943733,0.00294265146487362,0.412383950301377,0.501091166014316,0.705838726174201,0.706337752350345,0.191317250551958,0.879430332454618,0,0.0645066522220511
9.48,1.10144093722701e-19,0.954495380040058,0.0447939511997339,0.000710668760109806,0.416606399155415,0.00295620755213159,0.413548640301892,0.501095339477923,0.706418985770842,0.706921372706348,0.191884808061629,0.879306670300614,0,0.0645762782062367
9.49,1.10144093722701e-19,0.954225674647753,0.0450594713873531,0.000714853964795921,0.417780791206149,0.00296979432543499,0.41471389889353,0.501099515907542,0.706999522464318,0.707505285422786,0.192452896731504,0.879182508094681,0,0.0646456657766739
9.5,1.10144093722701e-19,0.953954921145018,0.0453260252884276,0.000719053566455742,0.418955743552939,0.00298341172013502,0.415879717609979,0.501103695244301,0.707580332021713,0.70808948629227,0.193021513967777,0.879057845164689,0,0.0647148144889255
9.51,1.10144093722701e-19,0.953683118553096,0.0455936138823349,0.000723267564470704,0.420131247641192,0.00299705967105941,0.417046087973072,0.501107877429155,0.708161410204252,0.708673971101404,0.193590657172161,0.878932680844017,0,0.0647837239003214
9.52,1.10144093722701e-19,0.953410265907859,0.0458622381339634,0.000727495958079517,0.421307294904848,0.0030107381125174,0.418213001492931,0.501112062402885,0.708742752767377,0.709258735630851,0.194160323741912,0.878807014471571,0,0.0648523935699588
9.53,1.10144093722701e-19,0.953136362259866,0.0461318989936608,0.000731738746375333,0.422483876766529,0.00302444697830484,0.419380449668114,0.501116250106109,0.70932435546082,0.709843775655411,0.19473051106986,0.878680845391813,0,0.064920823058702
9.54,1.10144093722701e-19,0.952861406674415,0.0464025973971841,0.000735995928302808,0.423660984637671,0.00303818620170934,0.420548423985764,0.501120440479276,0.709906214028681,0.71042908694409,0.195301216544432,0.878554172954784,0,0.0649890119291822
9.55,1.10144093722701e-19,0.952585398231597,0.0466743342656504,0.000740267502655071,0.424838609918669,0.00305195571551551,0.421716915921755,0.501124633462679,0.710488324209501,0.711014665260174,0.195872437549683,0.878426996516128,0,0.0650569597457981
9.56,1.10144093722701e-19,0.952308336026345,0.0469471105054863,0.000744553468070575,0.426016743999014,0.00306575545201022,0.422885916940844,0.501128828996452,0.711070681736338,0.711600506361299,0.196444171465319,0.878299315437115,0,0.0651246660747153
9.57,1.10144093722701e-19,0.952030219168492,0.0472209270083802,0.000748853823029868,0.427195378257435,0.00307958534298798,0.424055418496816,0.501133027020579,0.711653282336844,0.712186605999528,0.197016415666724,0.878171129084666,0,0.0651921304838667
9.58,1.10144093722701e-19,0.951751046782817,0.0474957846512323,0.000753168565852238,0.428374504062042,0.00309344531975633,0.425225412032638,0.501137227474894,0.712236121733344,0.712772959921416,0.197589167524992,0.878042436831376,0,0.0652593525429522
9.59,1.10144093722701e-19,0.951470818009102,0.0477716842961076,0.000757497694692277,0.429554112770468,0.00310733531314135,0.426395888980605,0.501141430299086,0.712819195642907,0.713359563868094,0.198162424406948,0.877913238055538,0,0.0653263318234391
9.6,1.10144093722701e-19,0.951189532002178,0.0480486267901872,0.000761841207536334,0.430734195730011,0.00312125525349317,0.427566840762496,0.501145635432704,0.713402499777431,0.713946413575336,0.198736183675179,0.877783532141168,0,0.0653930678985615
9.61,1.10144093722701e-19,0.950907187931982,0.0483266129657212,0.000766199102198876,0.431914744277773,0.00313520507069157,0.428738258789724,0.50114984281516,0.713986029843714,0.714533504773632,0.199310442688058,0.877653318478025,0,0.0654595603433208
9.62,1.10144093722701e-19,0.950623784983602,0.0486056436399817,0.000770571376318743,0.433095749740814,0.00314918469415166,0.429910134463488,0.501154052385734,0.714569781543535,0.71512083318827,0.199885198799776,0.877522596461638,0,0.0655258087344858
9.63,1.10144093722701e-19,0.950339322357331,0.0488857196152159,0.000774958027355308,0.434277203436284,0.00316319405282954,0.431082459174923,0.501158264083577,0.715153750573735,0.715708394539399,0.200460449360364,0.877391365493325,0,0.0655918126505919
9.64,1.10144093722701e-19,0.950053799268717,0.0491668416786004,0.000779359052584549,0.435459096671576,0.00317723307522808,0.432255224305261,0.501162477847717,0.715737932626289,0.716296184542114,0.201036191715724,0.877259624980221,0,0.0656575716719422
9.65,1.10144093722701e-19,0.949767214948612,0.0494490106021949,0.000783774449095006,0.436641420744467,0.00319130168940274,0.433428421225978,0.501166693617059,0.716322323388393,0.716884198906526,0.201612423207657,0.8771273743353,0,0.0657230853806066
9.66,1.10144093722701e-19,0.949479568643221,0.049732227142897,0.000788204213783665,0.437824166943265,0.0032053998229674,0.434602041298955,0.501170911330394,0.716906918542536,0.717472433337837,0.202189141173885,0.876994612977393,0,0.0657883533604223
9.67,1.10144093722701e-19,0.949190859614153,0.0500164920423973,0.000792648343351731,0.439007326546956,0.00321952740310027,0.435776075876625,0.501175130926402,0.717491713766588,0.718060883536419,0.202766342948085,0.876861340331218,0,0.0658533751969934
9.68,1.10144093722701e-19,0.948901087138467,0.0503018060271348,0.000797106834300314,0.440190890825348,0.00323368435654985,0.436950516302139,0.501179352343654,0.71807670473387,0.718649545197885,0.203344025859914,0.876727555827398,0,0.0659181504776916
9.69,1.10144093722701e-19,0.948610250508723,0.0505881698082527,0.000801579682926029,0.441374851039219,0.00324787060964091,0.438125353909515,0.501183575520618,0.718661887113245,0.719238414013169,0.203922187235037,0.876593258902485,0,0.0659826787916554
9.7,1.10144093722701e-19,0.948318349033031,0.0508755840815545,0.000806066885316498,0.442559198440464,0.0032620860882805,0.439300580023796,0.501187800395663,0.719247256569191,0.7198274856686,0.204500824395151,0.876458448998983,0,0.0660469597297904
9.71,1.10144093722701e-19,0.948025382035095,0.0511640495274614,0.000810568437345764,0.443743924272246,0.00327633071796406,0.440476185961212,0.501192026907066,0.719832808761884,0.720416755845979,0.205079934658022,0.876323125565371,0,0.0661109928847697
9.72,1.10144093722701e-19,0.947731348854264,0.0514535668109684,0.000815084334669619,0.44492901976914,0.00329060442378147,0.441652163029333,0.501196254993011,0.720418539347282,0.721006220222656,0.205659515337501,0.876187288056123,0,0.0661747778510332
9.73,1.10144093722701e-19,0.947436248845578,0.0517441365816029,0.000819614572720849,0.446114476157284,0.00330490713042326,0.442828502527229,0.501200484591598,0.721004443977205,0.721595874471608,0.206239563743562,0.876050935931733,0,0.066238314224788
9.74,1.10144093722701e-19,0.947140081379815,0.0520357594733818,0.000824159146704382,0.447300284654527,0.00331923876218669,0.444005195745632,0.501204715640846,0.721590518299415,0.722185714261514,0.206820077182325,0.875914068658734,0,0.0663016016040086
9.75,1.10144093722701e-19,0.946842845843539,0.0523284361047704,0.000828718051592365,0.448486436470582,0.00333359924298204,0.445182233967092,0.501208948078697,0.7221767579577,0.722775735256832,0.207401052956083,0.875776685709724,0,0.0663646395884363
9.76,1.10144093722701e-19,0.946544541639141,0.052622167078641,0.000833291282119155,0.449672922807171,0.00334798849633878,0.446359608466136,0.501213181843021,0.722763158591959,0.723365933117879,0.207982488363335,0.875638786563384,0,0.0664274277795797
9.77,1.10144093722701e-19,0.946245168184893,0.0529169529822323,0.000837878832776222,0.45085973485818,0.00336240644541184,0.447537310509435,0.501217416871621,0.72334971583828,0.72395630350091,0.20856438069881,0.875500370704503,0,0.0664899657807147
9.78,1.10144093722701e-19,0.945944724914985,0.0532127943871093,0.000842480697806987,0.452046863809809,0.00337685301298792,0.448715331355958,0.501221653102236,0.723936425329026,0.724546842058189,0.209146727253494,0.875361437623998,0,0.0665522531968841
9.79,1.10144093722701e-19,0.945643211279577,0.0535096918491226,0.000847096871201564,0.45323430084072,0.00339132812149173,0.449893662257138,0.501225890472548,0.724523282692919,0.725137544438075,0.209729525314663,0.875221986818936,0,0.066614289634898
9.8,1.10144093722701e-19,0.94534062674484,0.0538076459083701,0.000851727346691452,0.454422037122196,0.0034058316929924,0.451072294457033,0.501230128920185,0.725110283555121,0.725728406285097,0.210312772165909,0.875082017792556,0,0.0666760747033335
9.81,1.10144093722701e-19,0.945036970793001,0.0541066570891568,0.000856372117744117,0.455610063818285,0.00342036364920972,0.452251219192486,0.501234368382724,0.725697423537321,0.726319423240032,0.210896465087166,0.874941530054288,0,0.0667376080125349
9.82,1.10144093722701e-19,0.944732242922387,0.0544067258999574,0.000861031177557544,0.45679837208596,0.00343492391152057,0.453430427693291,0.501238608797701,0.726284698257818,0.726910590939985,0.211480601354743,0.874800523119778,0,0.0667988891746139
9.83,1.10144093722701e-19,0.94442644264747,0.054707852833377,0.000865704519054681,0.457986953075267,0.00344951240096525,0.454609911182357,0.50124285010261,0.726872103331602,0.727501905018469,0.212065178241347,0.874658996510906,0,0.0668599178034489
9.84,1.10144093722701e-19,0.944119569498909,0.0550100383661144,0.000870392134877842,0.459175797929482,0.00346412903825389,0.455789660875867,0.50124709223491,0.727459634370445,0.72809336110548,0.212650193016118,0.874516949755811,0,0.0669206935146859
9.85,1.10144093722701e-19,0.943811623023594,0.0553132829589242,0.000875094017383024,0.460364897785263,0.00347877374377281,0.456969667983447,0.501251335132031,0.728047286982983,0.728684954827581,0.213235642944652,0.874374382388906,0,0.0669812159257376
9.86,1.10144093722701e-19,0.943502602784687,0.05561758705658,0.000879810158634171,0.461554243772804,0.00349344643759093,0.45814992370833,0.501255578731375,0.728635056774799,0.72927668180798,0.213821525289031,0.874231293950904,0,0.0670414846557841
9.87,1.10144093722701e-19,0.943192508361666,0.0559229510878385,0.000884540550397374,0.462743827015993,0.00350814703946618,0.459330419247518,0.501259822970326,0.729222939348511,0.729868537666608,0.214407837307854,0.874087683988837,0,0.0671014993257728
9.88,1.10144093722701e-19,0.942881339350363,0.0562293754654029,0.000889285184135001,0.463933638632564,0.00352287546885189,0.46051114579195,0.501264067786249,0.729810930303858,0.730460518020201,0.214994576256262,0.873943552056075,0,0.0671612595584178
9.89,1.10144093722701e-19,0.942569095363013,0.056536860585888,0.00089404405099979,0.465123669734254,0.00353763164490321,0.461692094526667,0.5012683131165,0.730399025237785,0.731052618482379,0.215581739385971,0.873798897712351,0,0.0672207649782008
9.9,1.10144093722701e-19,0.942255776028288,0.0568454068297845,0.000898817141828856,0.466313911426958,0.0035524154864835,0.46287325663098,0.501272558898426,0.730987219744526,0.731644834663725,0.216169323945298,0.873653720523774,0,0.0672800152113704
9.91,1.10144093722701e-19,0.941941380991339,0.0571550145614249,0.00090360444713767,0.467504354810887,0.00356722691217074,0.464054623278634,0.501276805069375,0.731575509415699,0.732237162171869,0.216757327179188,0.873508020062858,0,0.0673390098859423
9.92,1.10144093722701e-19,0.941625909913838,0.0574656841289491,0.000908405957113975,0.468694990980724,0.00358206584026393,0.465236185637974,0.501281051566695,0.732163889840381,0.732829596611564,0.217345746329248,0.873361795908535,0,0.0673977486316995
9.93,1.10144093722701e-19,0.941309362474019,0.0577774158642707,0.000913221661611647,0.469885811025779,0.00359693218878948,0.466417934872118,0.501285298327743,0.732752356605204,0.733422133584771,0.217934578633774,0.87321504764618,0,0.0674562310801921
9.94,1.10144093722701e-19,0.940991738366713,0.0580902100830436,0.000918051550144529,0.471076806030153,0.00361182587550755,0.467599862139119,0.501289545289888,0.733340905294438,0.734014768690736,0.218523821327776,0.873067774867625,0,0.0675144568647374
9.95,1.10144093722701e-19,0.940673037303392,0.0584040670846291,0.000922895611880183,0.472267967072885,0.00362674681791847,0.468781958592133,0.501293792390516,0.733929531490077,0.734607497526071,0.219113471643013,0.872919977171188,0,0.0675724256204196
9.96,1.10144093722701e-19,0.940353259012204,0.0587189871520641,0.000927753835633652,0.473459285228123,0.00364169493326909,0.469964215379594,0.501298039567035,0.734518230771931,0.735200315684839,0.219703526808019,0.872771654161682,0,0.0676301369840904
9.97,1.10144093722701e-19,0.940032403238012,0.0590349705520282,0.000932626209861127,0.474650751565274,0.00365667013855904,0.471146623645371,0.501302286756881,0.735106998717706,0.735793218758631,0.220293984048132,0.872622805450443,0,0.0676875905943684
9.98,1.10144093722701e-19,0.939710469742435,0.0593520175348129,0.000937512722653618,0.475842357149164,0.00367167235054715,0.472329174528952,0.501306533897519,0.7356958309031,0.73638620233665,0.220884840585524,0.872473430655345,0,0.0677447860916394
9.99,1.10144093722701e-19,0.939387458303881,0.0596701283342901,0.000942413361730565,0.477034093040201,0.00368670148575768,0.473511859165598,0.501310780926451,0.736284722901884,0.736979262005789,0.221476093639231,0.872323529400822,0,0.0678017231180564
10,1.10144093722701e-19,0.939063368717586,0.059989303167882,0.000947328114433433,0.478225950294531,0.00370175746048663,0.474694668686522,0.501315027781222,0.736873670285995,0.737572393350719,0.222067740425181,0.872173101317883,0,0.0678584013175395
10.01,1.10144093722701e-19,0.938738200795652,0.0603095422365301,0.00095225696771926,0.4794179199642,0.00371684019080795,0.475877594219058,0.501319274399419,0.73746266862562,0.738165591953962,0.222659778156223,0.872022146044137,0,0.067914820335776
10.02,1.10144093722701e-19,0.938411954367081,0.0606308457246665,0.000957199908154193,0.480609993097314,0.00373194959257983,0.477060626886828,0.501323520718683,0.738051713489287,0.738758853395979,0.223252204042158,0.871870663223806,0,0.0679709798202201
10.03,1.10144093722701e-19,0.938084629277811,0.0609532138001836,0.00096215692190699,0.481802160738201,0.00374708558145082,0.478243757809912,0.501327766676708,0.738640800443953,0.739352173255251,0.223845015289766,0.871718652507748,0,0.0680268794200936
10.04,1.10144093722701e-19,0.937756225390753,0.0612766466144063,0.000967127994742505,0.482994413927568,0.00376224807286605,0.479426978105024,0.501332012211249,0.739229925055091,0.739945547108358,0.22443820910284,0.871566113553475,0,0.068082518786385
10.05,1.10144093722701e-19,0.937426742585824,0.0616011443020628,0.000972113112015146,0.484186743702667,0.00377743698207335,0.480610278885677,0.501336257260124,0.739819082886782,0.740538970530065,0.225031782682211,0.871413046025171,0,0.0681378975718502
10.06,1.10144093722701e-19,0.937096180759983,0.0619267069812568,0.000977112258662326,0.485379141097453,0.00379265222412934,0.481793651262357,0.501340501761221,0.740408269501798,0.741132439093401,0.225625733225779,0.871259449593707,0,0.0681930154310123
10.07,1.10144093722701e-19,0.936764539827263,0.0622533347534404,0.000982125419197888,0.486571597142751,0.00380789371390548,0.482977086342693,0.501344745652503,0.740997480461698,0.741725948369744,0.226220057928542,0.871105323936668,0,0.0682478720201612
10.08,1.10144093722701e-19,0.936431819718809,0.062581027703387,0.000987152577705535,0.487764102866411,0.00382316136609413,0.484160575231631,0.50134898887201,0.741586711326913,0.742319493928899,0.226814753982628,0.870950668738362,0,0.0683024669973544
10.09,1.10144093722701e-19,0.936098020382905,0.0629097858991641,0.000992193717832231,0.488956649293479,0.00383845509521449,0.485344109031602,0.501353231357867,0.742175957656836,0.742913071339187,0.227409818577322,0.870795483689844,0,0.0683568000224161
10.1,1.10144093722701e-19,0.935763141785012,0.0632396093921081,0.000997248822781613,0.490149227446354,0.00385377481561859,0.486527678842699,0.501357473048284,0.742765215009909,0.743506676167521,0.2280052488991,0.870639768488931,0,0.0684108707569382
10.11,1.10144093722701e-19,0.935427183907796,0.0635704982167979,0.00100231787530739,0.491341828344952,0.00386912044149712,0.487711275762843,0.501361713881565,0.743354478943718,0.744100303979492,0.228601042131651,0.870483522840222,0,0.068464678864279
10.12,1.10144093722701e-19,0.935090146751165,0.0639024523910299,0.00100740085770676,0.492534443006872,0.00388449188688533,0.48889489088796,0.501365953796113,0.743943745015077,0.744693950339451,0.229197195455915,0.870326746455113,0,0.0685182240095647
10.13,1.10144093722701e-19,0.934752030332294,0.0642354719157933,0.00101249775181378,0.493727062447559,0.00389988906566884,0.490078515312152,0.501370192730428,0.74453300878012,0.745287610810594,0.229793706050108,0.870169439051818,0,0.0685715058596881
10.14,1.10144093722701e-19,0.934412834685663,0.0645695567752456,0.00101760853899282,0.494919677680465,0.00391531189158935,0.491262140127871,0.50137443062312,0.74512226579439,0.745881280955038,0.230390571089755,0.870011600355384,0,0.0686245240833093
10.15,1.10144093722701e-19,0.934072559863081,0.0649047069366888,0.00102273320013194,0.496112279717219,0.00393076027825034,0.49244575642609,0.501378667412907,0.74571151161293,0.746474956333913,0.230987787747715,0.869853230097708,0,0.0686772783508559
10.16,1.10144093722701e-19,0.933731205933719,0.0652409223505461,0.00102787171563636,0.497304859567787,0.00394623413912276,0.493629355296476,0.501382903038624,0.74630074179037,0.747068632507438,0.231585353194218,0.869694328017557,0,0.068729768334522
10.17,1.10144093722701e-19,0.933388772984141,0.0655782029503385,0.00103302406542188,0.49849740824064,0.0039617333875506,0.494812927827564,0.501387137439223,0.746889951881022,0.747662305035005,0.232183264596889,0.86953489386058,0,0.0687819937082694
10.18,1.10144093722701e-19,0.93304526111833,0.0659165486526626,0.00103819022890834,0.499689916742917,0.00397725793675641,0.495996465106931,0.501391370553782,0.747479137438962,0.748255969475267,0.232781519120783,0.869374927379333,0,0.0688339541478268
10.19,1.10144093722701e-19,0.93270067045772,0.0662559593571685,0.00104337018501311,0.500882376080591,0.00399280769984677,0.497179958221369,0.501395602321506,0.748068294018129,0.748849621386215,0.233380113928409,0.869214428333287,0,0.06888564933069
10.2,1.10144093722701e-19,0.932355001141219,0.066596434946538,0.00104856391214461,0.502074777258637,0.00400838258981773,0.498363398257057,0.501399832681733,0.748657417172407,0.749443256325264,0.233979046179767,0.86905339648885,0,0.068937078936122
10.21,1.10144093722701e-19,0.932008253325242,0.0669379752864635,0.00105377138819578,0.503267111281194,0.00402398251956015,0.499546776299738,0.501404061573938,0.749246502455722,0.750036869849335,0.234578313032373,0.868891831619383,0,0.0689882426451532
10.22,1.10144093722701e-19,0.931660427183737,0.067280580225627,0.00105899259053774,0.504459369151736,0.00403960740186498,0.500730083434887,0.501408288937736,0.749835545422125,0.75063045751494,0.235177911641293,0.868729733505214,0,0.0690391401405806
10.23,1.10144093722701e-19,0.931311522908208,0.0676242495956802,0.00106422749601327,0.505651541873233,0.00405525714942849,0.501913310747893,0.501412514712889,0.75042454162589,0.751224014878263,0.235777839159169,0.868567101933658,0,0.0690897711069689
10.24,1.10144093722701e-19,0.930961540707747,0.0679689832112242,0.00106947608093054,0.506843620448324,0.00407093167485742,0.503096449324224,0.501416738839306,0.751013486621597,0.751817537495247,0.236378092736254,0.868403936699029,0,0.0691401352306497
10.25,1.10144093722701e-19,0.930610480809054,0.0683147808697908,0.00107473832105669,0.508035595879478,0.00408663089067406,0.504279490249608,0.501420961257052,0.751602375964227,0.752411020921671,0.23697866952044,0.868240237602659,0,0.0691902321997216
10.26,1.10144093722701e-19,0.930258343456467,0.0686616423518225,0.00108001419161157,0.509227459169165,0.00410235470932129,0.505462424610205,0.50142518190635,0.752191205209248,0.753004460713239,0.237579566657286,0.868076004452914,0,0.0692400617040506
10.27,1.10144093722701e-19,0.929905128911985,0.0690095674206548,0.00108530366726152,0.510419201320023,0.00411810304316749,0.506645243492779,0.501429400727583,0.752779969912709,0.753597852425662,0.238180781290055,0.867911237065207,0,0.0692896234352698
10.28,1.10144093722701e-19,0.92955083745529,0.0693585558224978,0.0010906067221131,0.511610813335025,0.00413387580451143,0.507827937984874,0.501433617661301,0.753368665631331,0.754191191614739,0.238782310559738,0.867745935262017,0,0.0693389170867792
10.29,1.10144093722701e-19,0.929195469383776,0.0697086072864186,0.001095923329707,0.512802286217646,0.00414967290558704,0.50901049917499,0.501437832648223,0.753957287922592,0.754784473836444,0.239384151605086,0.867580098872901,0,0.0693879423537463
10.3,1.10144093722701e-19,0.928839025012565,0.0700597215243241,0.00110125346301188,0.513993610972031,0.00416549425856819,0.510192918152751,0.501442045629242,0.75454583234482,0.755377694647007,0.239986301562645,0.867413727734513,0,0.0694366989331056
10.31,1.10144093722701e-19,0.928481504674539,0.0704118982309442,0.00110659709441837,0.515184778603166,0.00418133977557323,0.511375186009089,0.501446256545431,0.755134294457286,0.755970849602996,0.240588757566778,0.867246821690615,0,0.0694851865235587
10.32,1.10144093722701e-19,0.928122908720353,0.0707651370838158,0.00111195419573306,0.516375780117045,0.00419720936866966,0.512557293836408,0.50145046533804,0.755722669820288,0.756563934261405,0.241191516749705,0.867079380592098,0,0.0695334048255743
10.33,1.10144093722701e-19,0.927763237518462,0.0711194377432663,0.00111732473817259,0.517566606520836,0.00421310294987853,0.513739232728767,0.50145467194851,0.756310953995248,0.757156944179734,0.241794576241528,0.86691140429699,0,0.0695813535413884
10.34,1.10144093722701e-19,0.927402491455144,0.0714747998523992,0.00112270869235778,0.518757248823055,0.00422902043117887,0.514920993782047,0.501458876318465,0.756899142544795,0.757749874916071,0.242397933170261,0.866742892670477,0,0.069629032375004
10.35,1.10144093722701e-19,0.927040670934516,0.0718312230370777,0.00112810602830782,0.51994769803373,0.00424496172451201,0.516102568094131,0.501463078389727,0.757487231032862,0.758342722029182,0.243001584661866,0.866573845584911,0,0.0696764410321914
10.36,1.10144093722701e-19,0.926677776378555,0.0721887069059119,0.00113351671543458,0.521137945164574,0.0042609267417858,0.517283946765076,0.50146727810431,0.758075215024771,0.758935481078585,0.243605527840278,0.866404262919833,0,0.0697235792204879
10.37,1.10144093722701e-19,0.926313808227122,0.0725472510502428,0.00113894072253694,0.522327981229153,0.00427691539487877,0.518465120897286,0.501471475404433,0.758663090087325,0.759528147624643,0.244209759827437,0.86623414456198,0,0.0697704466491979
10.38,1.10144093722701e-19,0.925948766937976,0.0729068550441305,0.00114437801779523,0.523517797243052,0.00429292759564415,0.519646081595689,0.501475670232514,0.759250851788898,0.76012071722864,0.244814277743324,0.866063490405302,0,0.0698170430293933
10.39,1.10144093722701e-19,0.925582652986796,0.0732675184443395,0.00114982856876572,0.524707384224053,0.0043089632559139,0.520826819967908,0.501479862531179,0.759838495699522,0.760713185452867,0.245419078705983,0.865892300350977,0,0.0698633680739128
10.4,1.10144093722701e-19,0.9252154668672,0.0736292407903267,0.00115529234237523,0.525896733192296,0.00432502228750256,0.522007327124437,0.501484052243267,0.760426017390981,0.761305547860708,0.246024159831561,0.865720574307423,0,0.0699094214973622
10.41,1.10144093722701e-19,0.924847209090757,0.073992021604229,0.00116076930491579,0.527085835170456,0.00434110460221101,0.523187594178815,0.501488239311827,0.761013412436901,0.761897800016718,0.24662951823433,0.865548312190315,0,0.0699552030161147
10.42,1.10144093722701e-19,0.924477880187011,0.0743558603908512,0.0011662594220394,0.528274681183908,0.00435721011183026,0.524367612247802,0.501492423680129,0.761600676412832,0.762489937486711,0.247235151026726,0.865375513922593,0,0.0700007123483105
10.43,1.10144093722701e-19,0.924107480703494,0.0747207566376544,0.00117176265875289,0.529463262260901,0.00437333872814495,0.525547372451549,0.501496605291661,0.762187804896349,0.763081955837843,0.247841055319374,0.865202179434483,0,0.0700459492138571
10.44,1.10144093722701e-19,0.923736011205743,0.0750867098147455,0.00117727897941287,0.530651569432725,0.00438949036293696,0.526726865913772,0.501500784090134,0.76277479346713,0.76367385063869,0.248447228221123,0.865028308663503,0,0.0700909133344289
10.45,1.10144093722701e-19,0.923363472277315,0.0754537193748662,0.00118280834772075,0.531839593733885,0.00440566492798877,0.52790608376193,0.501504960019487,0.763361637707056,0.764265617459338,0.249053666839074,0.864853901554483,0,0.0701356044334676
10.46,1.10144093722701e-19,0.922989864519801,0.0758217847533827,0.00118835072671792,0.53302732620227,0.00442186233508682,0.529085017127396,0.50150913302389,0.76394833320029,0.764857251871462,0.249660368278612,0.864678958059572,0,0.070180022236182
10.47,1.10144093722701e-19,0.922615188552844,0.0761909053682764,0.00119390607878095,0.534214757879324,0.00443808249602471,0.530263657145629,0.501513303047742,0.764534875533375,0.765448749448412,0.250267329643439,0.864503478138256,0,0.0702241664695482
10.48,1.10144093722701e-19,0.92223944501415,0.0765610806201344,0.00119947436561696,0.535401879810217,0.00445432532260639,0.53144199495635,0.501517470035682,0.765121260295317,0.766040105765293,0.250874548035601,0.864327461757367,0,0.070268036862309
10.49,1.10144093722701e-19,0.921862634559502,0.0769323098921405,0.00120505554825909,0.536588683044014,0.00447059072664914,0.532620021703716,0.501521633932584,0.765707483077679,0.76663131639905,0.251482020555524,0.864150908891098,0,0.070311633144975
10.5,1.10144093722701e-19,0.921484757862772,0.0773045925500669,0.00121064958706204,0.537775158633852,0.00448687861998654,0.533797728536489,0.501525794683566,0.766293539474664,0.767222376928553,0.25208974430204,0.863973819521015,0,0.0703549550498234
10.51,1.10144093722701e-19,0.921105815615937,0.0776779279422665,0.00121625644169772,0.538961297637103,0.0045031889144713,0.534975106608214,0.501529952233989,0.766879425083209,0.767813282934675,0.252697716372424,0.86379619363607,0,0.0703980023108988
10.52,1.10144093722701e-19,0.920725808529086,0.0780523153996646,0.00122187607115113,0.540147091115553,0.00451952152197802,0.536152147077388,0.50153410652946,0.767465135503069,0.768404030000379,0.253305933862418,0.863618031232609,0,0.0704407746640129
10.53,1.10144093722701e-19,0.920344737330433,0.0784277542357524,0.00122750843371618,0.541332530135569,0.00453587635440581,0.537328841107638,0.501538257515838,0.768050666336912,0.7689946137108,0.253914393866269,0.863439332314393,0,0.0704832718467445
10.54,1.10144093722701e-19,0.919962602766329,0.0788042437465802,0.00123315348699175,0.542517605768271,0.00455225332368086,0.538505179867886,0.501542405139231,0.768636013190398,0.769585029653327,0.254523093476757,0.863260096892601,0,0.0705254935984397
10.55,1.10144093722701e-19,0.919579405601273,0.0791817832107508,0.00123881118787787,0.543702309089704,0.00456865234175884,0.53968115453253,0.501546549346004,0.769221171672277,0.770175273417689,0.255132029785225,0.863080324985845,0,0.0705674396602115
10.56,1.10144093722701e-19,0.919195146617916,0.0795603718894139,0.00124448149257194,0.544886631181011,0.00458507332062728,0.540856756281608,0.501550690082778,0.769806137394469,0.770765340596033,0.255741199881613,0.862900016620183,0,0.0706091097749402
10.57,1.10144093722701e-19,0.918809826617076,0.0799400090262606,0.0012501643565652,0.546070563128603,0.0046015161723078,0.542031976300978,0.501554827296432,0.770390905972157,0.771355226783007,0.256350600854488,0.862719171829132,0,0.0706505036872733
10.58,1.10144093722701e-19,0.918423446417744,0.0803206938475184,0.00125585973463919,0.547254096024331,0.00461798080885821,0.543206805782484,0.501558960934108,0.770975473023873,0.771944927575851,0.256960229791076,0.862537790653672,0,0.0706916211436252
10.59,1.10144093722701e-19,0.918036006857092,0.0807024255619468,0.00126156758086248,0.548437220965659,0.0046344671423746,0.544381235924132,0.501563090943213,0.771559834171585,0.772534438574467,0.25757008377729,0.862355873142266,0,0.0707324618921778
10.6,1.10144093722701e-19,0.917647508790481,0.0810852033608327,0.00126728784858744,0.549619929055832,0.00465097508499323,0.545555257930258,0.501567217271416,0.772143985040786,0.773123755381512,0.258180159897768,0.862173419350865,0,0.0707730256828799
10.61,1.10144093722701e-19,0.917257953091467,0.0814690264179871,0.00127302049044716,0.550802211404055,0.00466750454889238,0.546728863011703,0.501571339866659,0.772727921260579,0.773712873602474,0.258790455235898,0.861990429342923,0,0.0708133122674475
10.62,1.10144093722701e-19,0.916867340651807,0.0818538938897416,0.00127876545835258,0.551984059125657,0.00468405544629406,0.547902042385982,0.501575458677148,0.773311638463766,0.774301788845758,0.259400966873852,0.861806903189404,0,0.0708533213993637
10.63,1.10144093722701e-19,0.916475672381466,0.0822398049149456,0.00128452270348963,0.553165463342271,0.00470062768946563,0.549074787277454,0.501579573651367,0.773895132286933,0.774890496722768,0.260011691892617,0.861622840968796,0,0.0708930528338789
10.64,1.10144093722701e-19,0.916082949208621,0.0826267586149638,0.00129029217631665,0.554346415181997,0.00471722119072133,0.550247088917497,0.501583684738069,0.774478398370541,0.775478992847987,0.260622627372028,0.861438242767119,0,0.0709325063280104
10.65,1.10144093722701e-19,0.915689172079666,0.0830147540936739,0.00129607382656186,0.555526905779583,0.0047338358624237,0.551418938544672,0.501587791886284,0.775061432359006,0.776067272839061,0.261233770390796,0.861253108677936,0,0.0709716816405429
10.66,1.10144093722701e-19,0.915294341959215,0.0834037904374656,0.00130186760322102,0.556706926276589,0.00475047161698485,0.552590327404902,0.501591895045321,0.775644229900792,0.77665533231688,0.261845118026543,0.861067438802366,0,0.0710105785320281
10.67,1.10144093722701e-19,0.914898459830108,0.0837938667152386,0.00130767345455525,0.557886467821566,0.00476712836686771,0.553761246751634,0.501595994164765,0.77622678664849,0.777243166905664,0.262456667355832,0.860881233249088,0,0.0710491967647849
10.68,1.10144093722701e-19,0.91450152669341,0.0841849819784026,0.00131349132808893,0.559065521570224,0.00478380602458712,0.554931687846014,0.501600089194483,0.776809098258913,0.777830772233039,0.263068415454198,0.860694492134356,0,0.0710875361028993
10.69,1.10144093722701e-19,0.914103543568417,0.0845771352608764,0.00131932117060786,0.560244078685603,0.00480050450271082,0.556101641957052,0.501604180084623,0.777391160393173,0.778418143930122,0.263680359396179,0.860507215582009,0,0.0711255963122246
10.7,1.10144093722701e-19,0.913704511492656,0.084970325579088,0.00132516292815745,0.56142213033825,0.00481722371386033,0.557271100361799,0.501608266785617,0.777972968716771,0.779005277631605,0.26429249625535,0.860319403723475,0,0.0711633771603808
10.71,1.10144093722701e-19,0.913304431521885,0.0853645519319754,0.00133101654604121,0.562599667706386,0.0048339635707118,0.558440054345507,0.501612349248182,0.778554518899684,0.779592168975832,0.264904823104352,0.860131056697787,0,0.0712008784167557
10.72,1.10144093722701e-19,0.912903304730095,0.085759813300987,0.00133688196881926,0.563776681976081,0.00485072398599662,0.559608495201804,0.501616427423319,0.779135806616443,0.780178813604884,0.265517337014924,0.859942174651589,0,0.0712380998525038
10.73,1.10144093722701e-19,0.912501132209511,0.0861561086500833,0.00134275914030708,0.564953164341423,0.00486750487250208,0.560776414232862,0.501620501262318,0.779716827546228,0.780765207164659,0.266130035057937,0.859752757739143,0,0.0712750412405468
10.74,1.10144093722701e-19,0.912097915070589,0.0865534369257384,0.00134864800357442,0.566129106004694,0.00488430614307179,0.561943802749562,0.501624570716755,0.780297577372944,0.781351345304957,0.266742914303422,0.859562806122343,0,0.0713117023555736
10.75,1.10144093722701e-19,0.911693654442015,0.0869517970569421,0.00135454850094432,0.56730449817654,0.0049011277106061,0.563110652071665,0.501628635738498,0.780878051785311,0.781937223679556,0.267355971820603,0.859372319970722,0,0.0713480829740404
10.76,1.10144093722701e-19,0.911288351470706,0.0873511879552029,0.00136046057399234,0.56847933207614,0.00491796948806237,0.56427695352798,0.501632696279703,0.781458246476945,0.782522837946296,0.26796920467793,0.859181299461457,0,0.0713841828741701
10.77,1.10144093722701e-19,0.910882007321806,0.0877516085145499,0.00136638416354597,0.569653598931383,0.00493483138845515,0.56544269845653,0.501636752292816,0.782038157146442,0.783108183767162,0.268582609943107,0.858989744779383,0,0.0714200018359534
10.78,1.10144093722701e-19,0.91047462317868,0.0881530576115375,0.00137231920968412,0.570827289979036,0.00495171332485625,0.566607878204718,0.501640803730579,0.782617779497467,0.783693256808363,0.26919618468313,0.858797656116996,0,0.0714555396411475
10.79,1.10144093722701e-19,0.910066200242917,0.0885555341052479,0.00137826565173692,0.572000396464917,0.00496861521039469,0.567772484129497,0.501644850546022,0.783197109238831,0.784278052740411,0.269809925964309,0.858605033674468,0,0.0714907960732771
10.8,1.10144093722701e-19,0.90965673973432,0.0889590368372964,0.00138422342828551,0.573172909644067,0.00498553695825664,0.568936507597536,0.50164889269247,0.783776142084576,0.784862567238209,0.270423830852311,0.858411877659647,0,0.0715257709176341
10.81,1.10144093722701e-19,0.909246242890904,0.0893635646318349,0.00139019247716217,0.574344820780919,0.00500247848168512,0.570099939985383,0.501652930123543,0.784354873754061,0.785446795981123,0.271037896412181,0.858218188288072,0,0.0715604639612773
10.82,1.10144093722701e-19,0.908834710968893,0.089769116295558,0.00139617273545053,0.575516121149474,0.00501943969397975,0.571262772679636,0.501656962793152,0.784933299972044,0.78603073465307,0.271652119708382,0.858023965782975,0,0.0715948749930328
10.83,1.10144093722701e-19,0.908422145242708,0.0901756906177074,0.00140216413948597,0.576686802033469,0.00503642050849626,0.572424997077103,0.501660990655508,0.785511416468759,0.786614378942594,0.27226649780482,0.857829210375293,0,0.0716290038034939
10.84,1.10144093722701e-19,0.908008547004967,0.0905832863700786,0.00140816662485616,0.577856854726548,0.00505342083864603,0.573586604584974,0.501665013665111,0.786089218980009,0.787197724542951,0.272881027764881,0.857633922303673,0,0.0716628501850207
10.85,1.10144093722701e-19,0.907593917566473,0.0909919023070263,0.00141418012640187,0.579026270532436,0.00507044059789544,0.574747586620979,0.50166903177676,0.786666703247239,0.787780767152185,0.273495706651459,0.85743810181448,0,0.0716964139317411
10.86,1.10144093722701e-19,0.907178258256212,0.0914015371654718,0.00142020457821783,0.580195040765108,0.00508747969976514,0.575907934613557,0.501673044945549,0.78724386501762,0.78836350247321,0.27411053152699,0.857241749161805,0,0.0717296948395494
10.87,1.10144093722701e-19,0.906761570421338,0.0918121896649095,0.0014262399136539,0.58136315674896,0.0051045380578293,0.577067640002019,0.501677053126867,0.787820700044134,0.788945926213892,0.274725499453482,0.857044864607469,0,0.0717626927061076
10.88,1.10144093722701e-19,0.906343855427171,0.0922238585074144,0.00143228606531627,0.58253060981898,0.00512161558571467,0.578226694236715,0.5016810562764,0.78839720408565,0.789528034087127,0.275340607492548,0.856847448421033,0,0.0717954073308445
10.89,1.10144093722701e-19,0.905925114657182,0.0926365423776503,0.00143834296506897,0.58369739132092,0.00513871219709959,0.579385088779191,0.501685054350127,0.788973372907012,0.790109821810923,0.275955852705436,0.856649500879803,0,0.0718278385149563
10.9,1.10144093722701e-19,0.905505349512988,0.0930502399428775,0.00144441054403546,0.584863492611464,0.00515582780571289,0.580542815102358,0.501689047304327,0.789549202279112,0.790691285108478,0.276571232153063,0.856451022268837,0,0.0718599860614062
10.91,1.10144093722701e-19,0.905084561414339,0.0934649498529621,0.00145048873260047,0.586028905058403,0.00517296232533275,0.581699864690654,0.50169303509557,0.790124687978977,0.79127241970826,0.277186742896045,0.856252012880952,0,0.0718918497749246
10.92,1.10144093722701e-19,0.904662751799104,0.0938806707403845,0.00145657746041199,0.587193620040801,0.00519011566978539,0.582856229040205,0.501697017680724,0.790699825789847,0.79185322134409,0.277802381994728,0.856052473016728,0,0.071923429462009
10.93,1.10144093722701e-19,0.904239922123268,0.0942974012202492,0.00146267665638338,0.588357628949165,0.00520728775294371,0.584011899658987,0.501700995016951,0.791274611501252,0.792433685755217,0.278418146509221,0.855852402984516,0,0.0719547249309242
10.94,1.10144093722701e-19,0.903816073860911,0.0947151398902944,0.0014687862486958,0.589520923185619,0.0052244784887259,0.585166868066991,0.501704967061708,0.791849040909098,0.793013808686401,0.279034033499429,0.855651803100443,0,0.0719857359917018
10.95,1.10144093722701e-19,0.903391208504198,0.0951338853309026,0.00147490616480066,0.590683494164072,0.00524168779109382,0.586321125796381,0.501708933772745,0.792423109815741,0.793593585887992,0.279650040025081,0.855450673688419,0,0.0720164624561409
10.96,1.10144093722701e-19,0.902965327563368,0.0955536361051111,0.00148103633142237,0.591845333310387,0.00525891557405145,0.587474664391657,0.501712895108107,0.792996814030068,0.794173013116006,0.280266163145766,0.855249015080141,0,0.0720469041378075
10.97,1.10144093722701e-19,0.902538432566717,0.0959743907586228,0.00148717667456121,0.593006432062549,0.00527616175164312,0.588627475409815,0.501716851026131,0.793570149367578,0.794752086132211,0.280882399920961,0.855046827615097,0,0.0720770608520351
10.98,1.10144093722701e-19,0.902110525060587,0.0963961478198182,0.00149332711949638,0.59416678187084,0.00529342623795178,0.589779550420508,0.501720801485447,0.794143111650456,0.795330800704197,0.281498747410063,0.854844111640576,0,0.0721069324159238
10.99,1.10144093722701e-19,0.901681606609345,0.0968189057997668,0.00149948759078927,0.595326374198002,0.00531070894709709,0.590930881006206,0.501724746444976,0.794715696707659,0.795909152605465,0.282115202672424,0.854640867511668,0,0.0721365186483413
11,1.10144093722701e-19,0.901251678795375,0.0972426631922398,0.00150565801228686,0.596485200519409,0.00532800979323348,0.592081458762354,0.501728685863931,0.795287900374984,0.796487137615497,0.28273176276738,0.854437095591273,0,0.0721658193699224
11.01,1.10144093722701e-19,0.900820743219054,0.0976674184737224,0.00151183830712533,0.597643252323238,0.00534532869054809,0.593231275297535,0.501732619701813,0.795859718495156,0.797064751519841,0.283348424754282,0.854232796250101,0,0.0721948344030687
11.02,1.10144093722701e-19,0.90038880149874,0.0980931701034271,0.00151802839773384,0.598800521110633,0.0053626655532587,0.594380322233624,0.501736547918414,0.796431146917896,0.797641990110187,0.283965185692529,0.854027969866683,0,0.0722235635719494
11.03,1.10144093722701e-19,0.899955855270756,0.098519916523307,0.0015242282058385,0.599956998395877,0.0053800202956115,0.595528591205951,0.501740470473813,0.797002181500007,0.798218849184445,0.284582042641602,0.853822616827367,0,0.0722520067025006
11.04,1.10144093722701e-19,0.899521906189365,0.0989476561580699,0.00153043765246646,0.601112675706558,0.00539739283187883,0.596676073863455,0.501744387328376,0.797572818105445,0.798795324546825,0.28519899266109,0.853616737526332,0,0.0722801636224254
11.05,1.10144093722701e-19,0.899086955926758,0.0993763874151925,0.00153665665795031,0.602267544583738,0.00541478307635688,0.597822761868846,0.501748298442754,0.798143052605398,0.799371412007914,0.285816032810725,0.853410332365585,0,0.0723080341611944
11.06,1.10144093722701e-19,0.898651006173034,0.0998061086849347,0.00154288514193248,0.603421596582122,0.0054321909433632,0.598968646898756,0.501752203777885,0.798712880878363,0.799947107384757,0.286433160150415,0.853203401754966,0,0.0723356181500451
11.07,1.10144093722701e-19,0.898214058636176,0.100236818340355,0.00154912302336997,0.604574823270223,0.00544961634723428,0.600113720643905,0.501756103294988,0.799282298810218,0.800522406500931,0.287050371740274,0.852995946112155,0,0.0723629154219823
11.08,1.10144093722701e-19,0.897776115042035,0.100668514737327,0.00155537022053916,0.605727216230534,0.00546705920232296,0.601257974809248,0.501759996955565,0.799851302294305,0.801097305186626,0.287667664640651,0.852787965862672,0,0.0723899258117777
11.09,1.10144093722701e-19,0.897337177134307,0.101101196214553,0.00156162665104085,0.606878767059687,0.00548451942299582,0.602401401114137,0.501763884721399,0.800419887231499,0.801671799278719,0.288285035912168,0.852579461439883,0,0.0724166491559704
11.1,1.10144093722701e-19,0.896897246674514,0.101534861093582,0.00156789223180544,0.608029467368629,0.00550199692363049,0.603543991292475,0.501767766554552,0.800988049530285,0.802245884620859,0.288902482615745,0.852370433285,0,0.0724430852928666
11.11,1.10144093722701e-19,0.896456325441978,0.101969507678825,0.0015741668790983,0.609179308782783,0.00551949161861287,0.60468573709287,0.501771642417364,0.801555785106836,0.802819557063537,0.289520001812636,0.852160881847091,0,0.0724692340625395
11.12,1.10144093722701e-19,0.896014415233802,0.102405134257574,0.00158045050852528,0.610328282942216,0.00553700342233435,0.605826630278793,0.501775512272449,0.802123089885084,0.803392812464168,0.290137590564458,0.851950807583073,0,0.0724950953068296
11.13,1.10144093722701e-19,0.895571517864844,0.102841739100019,0.00158674303503848,0.611476381501804,0.00555453224918889,0.606966662628728,0.501779376082699,0.802689959796796,0.803965646687166,0.290755245933225,0.851740210957725,0,0.0725206688693446
11.14,1.10144093722701e-19,0.895127635167696,0.103279320459263,0.00159304437294205,0.6126235961314,0.00557207801357009,0.608105825936331,0.501783233811277,0.803256390781645,0.804538055604022,0.291372964981378,0.851529092443682,0,0.072545954595459
11.15,1.10144093722701e-19,0.894682768992659,0.103717876571344,0.0015993544358983,0.613769918516,0.00558964062986819,0.609244112010577,0.501787085421617,0.80382237878729,0.805110035093382,0.291990744771814,0.851317452521444,0,0.0725709523323149
11.16,1.10144093722701e-19,0.894236921207714,0.104157405655253,0.00160567313693389,0.614915340355903,0.00560722001246702,0.610381512675921,0.501790930877422,0.804387919769444,0.805681581041124,0.292608582367924,0.851105291679375,0,0.0725956619288211
11.17,1.10144093722701e-19,0.893790093698505,0.104597905912949,0.00161200038844618,0.616059853366882,0.00562481607574088,0.611518019772443,0.501794770142664,0.804953009691949,0.806252689340431,0.29322647483362,0.850892610413705,0,0.072620083235654
11.18,1.10144093722701e-19,0.893342288368305,0.105039375529386,0.00161833610220982,0.617203449280346,0.00564242873405137,0.612653625156008,0.50179860318158,0.805517644526849,0.806823355891875,0.293844419233365,0.850679409228533,0,0.0726442161052568
11.19,1.10144093722701e-19,0.892893507137993,0.105481812672525,0.00162468018938344,0.618346119843506,0.00566005790174418,0.613788320698409,0.501802429958669,0.806081820254463,0.807393576603486,0.294462412632209,0.850465688635831,0,0.0726680603918401
11.2,1.10144093722701e-19,0.892443751946026,0.105925215493358,0.0016310325605165,0.619487856819537,0.0056777034931458,0.614922098287528,0.501806250438695,0.806645532863456,0.807963347390834,0.295080452095819,0.850251449155441,0,0.0726916159513813
11.21,1.10144093722701e-19,0.891993024748414,0.106369582125931,0.00163739312555634,0.620628651987743,0.00569536542256024,0.616054949827478,0.501810064586677,0.807208778350911,0.808532664177102,0.295698534690507,0.850036691315079,0,0.0727148826416253
11.22,1.10144093722701e-19,0.891541327518686,0.10681491068736,0.00164376179385534,0.62176849714372,0.00571304360426563,0.617186867238759,0.501813872367896,0.807771552722403,0.809101522893165,0.296316657483267,0.849821415650338,0,0.0727378603220839
11.23,1.10144093722701e-19,0.891088662247868,0.107261199277854,0.00165013847417829,0.622907384099519,0.00573073795251085,0.618317842458408,0.501817673747886,0.808333851992066,0.809669919477661,0.296934817541802,0.849605622704686,0,0.0727605488540363
11.24,1.10144093722701e-19,0.890635030944449,0.107708445980742,0.00165652307470988,0.624045304683813,0.00574844838151207,0.619447867440147,0.501821468692433,0.808895672182669,0.810237849877074,0.297553011934559,0.849389313029468,0,0.0727829481005286
11.25,1.10144093722701e-19,0.890180435634353,0.108156648862485,0.00166291550306232,0.62518225074205,0.00576617480544923,0.62057693415453,0.501825257167578,0.809457009325685,0.810805310045805,0.298171237730755,0.849172487183911,0,0.0728050579263742
11.26,1.10144093722701e-19,0.889724878360908,0.10860580597271,0.00166931566628317,0.626318214136628,0.00578391713846256,0.621705034589097,0.501829039139606,0.810017859461358,0.811372295946249,0.298789492000415,0.848955145735117,0,0.0728268781981534
11.27,1.10144093722701e-19,0.889268361184815,0.109055915344223,0.00167572347086328,0.627453186747044,0.00580167529464898,0.622832160748519,0.50183281457505,0.810578218638779,0.81193880354887,0.2994077718144,0.848737289258069,0,0.0728484087842141
11.28,1.10144093722701e-19,0.888810886184116,0.109506974993041,0.00168213882274486,0.628587160470065,0.00581944918805854,0.623958304654746,0.501836583440688,0.811138082915951,0.812504828832278,0.300026074244438,0.848518918335632,0,0.0728696495546709
11.29,1.10144093722701e-19,0.888352455454163,0.109958982918408,0.00168856162732976,0.629720127219886,0.00583723873269073,0.625083458347156,0.501840345703538,0.811697448359863,0.813070367783302,0.300644396363155,0.848300033558548,0,0.0728906003814057
11.3,1.10144093722701e-19,0.887893071107588,0.110411937102826,0.00169499178948781,0.630852078928288,0.00585504384249089,0.626207613882699,0.501844101330857,0.812256311046556,0.813635416397066,0.301262735244108,0.848080635525442,0,0.0729112611380678
11.31,1.10144093722701e-19,0.887432735274261,0.110865835512074,0.00170142921356535,0.631983007544801,0.00587286443134645,0.627330763336046,0.501847850290141,0.812814667061191,0.814199970677066,0.301881087961817,0.847860724842819,0,0.0729316317000732
11.32,1.10144093722701e-19,0.886971450101268,0.111320676095239,0.0017078738033939,0.633112905036867,0.00589070041308329,0.628452898799736,0.501851592549115,0.813372512498121,0.81476402663524,0.302499451591791,0.847640302125062,0,0.0729517119446053
11.33,1.10144093722701e-19,0.886509217752867,0.111776456784735,0.00171432546229894,0.634241763389995,0.00590855170146191,0.629574012384319,0.501855328075741,0.813929843460961,0.81532758029205,0.303117823210567,0.847419367994435,0,0.0729715017506147
11.34,1.10144093722701e-19,0.886046040410459,0.112233175496333,0.00172078409310882,0.63536957460792,0.00592641821017373,0.630694096218501,0.501859056838206,0.814486656062647,0.81589062767655,0.303736199895736,0.847197923081081,0,0.0729910009988189
11.35,1.10144093722701e-19,0.885581920272551,0.112690830129186,0.00172724959816384,0.636496330712766,0.00594429985283731,0.631813142449293,0.501862778804924,0.815042946425515,0.816453164826462,0.304354578725973,0.846975968023022,0,0.0730102095717029
11.36,1.10144093722701e-19,0.885116859554719,0.113149418565857,0.00173372187932542,0.637622023745203,0.00596219654299448,0.632931143242149,0.501866493944533,0.815598710681362,0.817015187788253,0.304972956781074,0.846753503466156,0,0.0730291273535184
11.37,1.10144093722701e-19,0.884650860489574,0.113608938672341,0.00174020083798538,0.638746645764603,0.00598010819410659,0.634048090781115,0.501870202225892,0.816153944971515,0.817576692617206,0.305591331141982,0.846530530064257,0,0.0730477542302847
11.38,1.10144093722701e-19,0.884183925326724,0.114069388298102,0.00174668637507542,0.639870188849198,0.00599803471955066,0.635163977268969,0.501873903618077,0.816708645446897,0.818137675377496,0.30620969889082,0.846307048478975,0,0.0730660900897879
11.39,1.10144093722701e-19,0.883716056332736,0.114530765276088,0.00175317839107661,0.640992645096242,0.00601597603261549,0.636278794927365,0.50187759809038,0.817262808268095,0.818698132142263,0.306828057110921,0.846083059379833,0,0.0730841348215816
11.4,1.10144093722701e-19,0.8832472557911,0.114993067422773,0.00175967678602909,0.642114006622161,0.00603393204649786,0.637392535996979,0.501881285612305,0.817816429605425,0.819258058993685,0.307446402886861,0.845858563444226,0,0.073101888316986
11.41,1.10144093722701e-19,0.882777526002186,0.115456292538173,0.00176618145954181,0.643234265562715,0.00605190267429863,0.638505192737642,0.501884966153568,0.818369505639,0.819817452023053,0.30806473330449,0.84563356135742,0,0.0731193504690891
11.42,1.10144093722701e-19,0.882306869283214,0.115920438405885,0.00177269231080247,0.64435341407315,0.0060698878290189,0.639616757428491,0.501888639684088,0.818922032558795,0.820376307330846,0.308683045450959,0.845408053812549,0,0.0731365211727455
11.43,1.10144093722701e-19,0.881835287968204,0.11638550279311,0.00177920923858747,0.645471444328357,0.00608788742355609,0.640727222368104,0.50189230617399,0.819474006564709,0.820934621026797,0.309301336414757,0.845182041510612,0,0.0731534003245772
11.44,1.10144093722701e-19,0.881362784407943,0.116851483450686,0.001785732141272,0.646588348523025,0.00610590137070009,0.641836579874645,0.501895965593601,0.820025423866637,0.821492389229976,0.309919603285736,0.844955525160474,0,0.0731699878229734
11.45,1.10144093722701e-19,0.880889360969944,0.117318378113117,0.0017922609168403,0.647704118871795,0.00612392958312939,0.642944822285999,0.501899617913445,0.82057628068453,0.822049608068857,0.310537843155148,0.84472850547886,0,0.0731862835680903
11.46,1.10144093722701e-19,0.880415020038402,0.117786184498603,0.00179879546289588,0.648818747609418,0.00614197197340719,0.644051941959916,0.501903263104241,0.821126573248461,0.82260627368139,0.311156053115671,0.844500983190356,0,0.0732022874618513
11.47,1.10144093722701e-19,0.879939764014155,0.118254900309074,0.00180533567667199,0.649932226990905,0.00616002845397753,0.645157931274146,0.501906901136902,0.821676297798688,0.823162382215076,0.31177423026144,0.844272959027403,0,0.0732179994079469
11.48,1.10144093722701e-19,0.879463595314642,0.118724523230217,0.00181188145504202,0.651044549291681,0.00617809893716142,0.646262782626583,0.501910531982527,0.822225450585721,0.823717929827042,0.312392371688081,0.844044433730296,0,0.0732334193118349
11.49,1.10144093722701e-19,0.878986516373858,0.119195050931513,0.00181843269453018,0.652155706807739,0.006196183335153,0.647366488435399,0.501914155612406,0.822774027870385,0.824272912684107,0.313010474492742,0.84381540804718,0,0.0732485470807402
11.5,1.10144093722701e-19,0.878508529642316,0.119666481066263,0.00182498929132207,0.653265691855793,0.00621428156001568,0.648469041139183,0.50191777199801,0.823322025923881,0.82482732696286,0.313628535774118,0.843585882734048,0,0.0732633826236546
11.51,1.10144093722701e-19,0.878029637586998,0.120138811271628,0.00183155114127544,0.654374496773427,0.00623239352367832,0.649570433197078,0.50192138111099,0.823869441027852,0.825381168849727,0.314246552632488,0.843355858554737,0,0.0732779258513373
11.52,1.10144093722701e-19,0.877549842691316,0.120612039168654,0.00183811813993108,0.65548211391925,0.00625051913793138,0.650670657088919,0.501924982923175,0.824416269474445,0.82593443454105,0.314864522169742,0.843125336280923,0,0.0732921766763146
11.53,1.10144093722701e-19,0.877069147455064,0.121086162362314,0.0018446901825236,0.656588535673044,0.00626865831442315,0.651769705315368,0.501928577406568,0.824962507566373,0.826487120243149,0.315482441489415,0.842894316692121,0,0.07330613501288
11.54,1.10144093722701e-19,0.876587554394374,0.121561178441535,0.0018512671639925,0.657693754435916,0.00628681096465596,0.652867570398049,0.501932164533346,0.825508151616979,0.827039222172402,0.316100307696714,0.842662800575677,0,0.073319800777094
11.55,1.10144093722701e-19,0.876105066041674,0.122037084979234,0.00185784897899317,0.658797762630448,0.00630497699998239,0.653964244879688,0.501935744275851,0.826053197950298,0.827590736555313,0.316718117898549,0.842430788726766,0,0.0733331738867843
11.56,1.10144093722701e-19,0.875621684945638,0.122513879532355,0.00186443552190797,0.659900552700846,0.00632315633160155,0.65505972132424,0.501939316606591,0.826597642901117,0.828141659628582,0.317335869203567,0.842198281948388,0,0.0733462542615458
11.57,1.10144093722701e-19,0.875137413671141,0.122991559641903,0.00187102668685743,0.661002117113088,0.00634134887055537,0.656153992317031,0.501942881498239,0.827141482815038,0.828691987639177,0.317953558722179,0.841965281051364,0,0.0733590418227404
11.58,1.10144093722701e-19,0.874652254799213,0.123470122832977,0.00187762236771146,0.662102448355073,0.0063595545277249,0.65724705046489,0.501946438923625,0.82768471404854,0.829241716844408,0.31857118356659,0.841731786854329,0,0.0733715364934974
11.59,1.10144093722701e-19,0.874166210926991,0.12394956661481,0.00188422245810062,0.663201538936772,0.00637777321382663,0.658338888396277,0.501949988855735,0.828227332969039,0.829790843511992,0.319188740850835,0.841497800183731,0,0.073383738198713
11.6,1.10144093722701e-19,0.873679284667671,0.124429888480803,0.00189082685142742,0.664299381390371,0.00639600483940889,0.659429498761425,0.50195353126771,0.828769335954949,0.830339363920128,0.319806227690802,0.841263321873823,0,0.0733956468650508
11.61,1.10144093722701e-19,0.873191478650464,0.12491108590856,0.00189743544087778,0.665395968270418,0.00641424931484825,0.660518874232464,0.50195706613284,0.829310719395744,0.830887274357566,0.320423641204267,0.841028352766659,0,0.0734072624209412
11.62,1.10144093722701e-19,0.87270279552054,0.125393156359929,0.00190404811943235,0.666491292153973,0.00643250655034591,0.661607007503561,0.501960593424562,0.829851479692015,0.831434571123676,0.321040978510922,0.84079289371209,0,0.073418584796582
11.63,1.10144093722701e-19,0.872213237938986,0.125876097281038,0.00191066477987802,0.66758534564075,0.00645077645592424,0.662693891291045,0.501964113116459,0.830391613255534,0.83198125052852,0.321658236732408,0.840556945567758,0,0.0734296139239381
11.64,1.10144093722701e-19,0.871722808582751,0.126359906102331,0.0019172853148194,0.668678121353265,0.00646905894142324,0.66377951833354,0.501967625182252,0.830931116509311,0.832527308892919,0.322275412992343,0.840320509199088,0,0.0734403497367416
11.65,1.10144093722701e-19,0.871231510144603,0.126844580238609,0.00192390961669034,0.669769611936977,0.0064873539164971,0.664863881392097,0.501971129595804,0.831469985887654,0.833072742548528,0.322892504416352,0.840083585479288,0,0.0734507921704916
11.66,1.10144093722701e-19,0.870739345333069,0.127330117089067,0.00193053757776551,0.670859810060437,0.00650566129061082,0.665946973250324,0.501974626331111,0.83200821783623,0.833617547837898,0.323509508132098,0.839846175289337,0,0.0734609411624544
11.67,1.10144093722701e-19,0.870246316872395,0.127816514037335,0.00193716909017194,0.671948708415428,0.00652398097303681,0.667028786714514,0.501978115362301,0.832545808812122,0.834161721114552,0.324126421269312,0.839608279517984,0,0.0734707966516635
11.68,1.10144093722701e-19,0.869752427502485,0.128303768451515,0.00194380404590066,0.673036299717108,0.00654231287285161,0.668109314613775,0.501981596663632,0.833082755283888,0.83470525874305,0.324743240959824,0.839369899061737,0,0.0734803585789196
11.69,1.10144093722701e-19,0.869257679978858,0.128791877684225,0.00195044233681826,0.674122576704153,0.00656065689893255,0.669188549800159,0.501985070209488,0.833619053731621,0.835248157099059,0.32535996433759,0.839131034824861,0,0.0734896268867902
11.7,1.10144093722701e-19,0.868762077072589,0.129280839072634,0.00195708385467859,0.675207532138901,0.00657901295995466,0.670266485148791,0.501988535974377,0.834154700647007,0.835790412569424,0.325976588538726,0.838891687719371,0,0.0734986015196105
11.71,1.10144093722701e-19,0.868265621570259,0.129770649938508,0.00196372849113435,0.67629115880749,0.00659738096438734,0.671343113557993,0.501991993932926,0.83468969253338,0.836332021552233,0.326593110701535,0.838651858665021,0,0.0735072824234824
11.72,1.10144093722701e-19,0.867768316273905,0.130261307588247,0.00197037613774875,0.677373449519999,0.00661576082049138,0.672418427949415,0.501995444059882,0.835224025905784,0.836872980456885,0.327209527966537,0.838411548589305,0,0.0735156695462751
11.73,1.10144093722701e-19,0.867270164000963,0.130752809312931,0.00197702668600716,0.678454397110589,0.00663415243631583,0.673492421268161,0.501998886330105,0.835757697291028,0.837413285704164,0.327825837476499,0.838170758427441,0,0.073523762837625
11.74,1.10144093722701e-19,0.866771167584214,0.131245152388359,0.00198368002732874,0.679533994437644,0.00665255571969499,0.674565086482915,0.502002320718566,0.836290703227744,0.837952933726301,0.328442036376469,0.837929489122372,0,0.0735315622489355
11.75,1.10144093722701e-19,0.866271329871734,0.13173833407509,0.00199033605307812,0.680612234383905,0.00667097057824551,0.675636416586065,0.502005747200348,0.836823040266444,0.838491920967042,0.329058121813796,0.837687741624752,0,0.0735390677333774
11.76,1.10144093722701e-19,0.865770653726834,0.13223235161849,0.00199699465457696,0.681689109856615,0.00668939691936347,0.67670640459383,0.502009165750636,0.837354704969577,0.83903024388172,0.329674090938172,0.837445516892944,0,0.0735462792458883
11.77,1.10144093722701e-19,0.865269142028011,0.132727202248775,0.00200365572311563,0.68276461378765,0.00670783465022155,0.677775043546384,0.502012576344722,0.837885693911585,0.839567898937318,0.330289940901651,0.837202815893009,0,0.0735531967431732
11.78,1.10144093722701e-19,0.864766797668887,0.13322288318105,0.0020103191499648,0.683838739133658,0.00672628367776631,0.678842326507984,0.502015978957998,0.83841600367896,0.840104882612538,0.330905668858685,0.8369596395987,0,0.0735598201837042
11.79,1.10144093722701e-19,0.864263623558156,0.133719391615359,0.00201698482638695,0.6849114788762,0.00674474390871543,0.679908246567085,0.502019373565951,0.8389456308703,0.840641191397868,0.331521271966149,0.836715988991454,0,0.0735661495277205
11.8,1.10144093722701e-19,0.863759622619529,0.134216724736724,0.00202365264364803,0.685982826021877,0.00676321524955515,0.680972796836474,0.502022760144168,0.839474572096364,0.841176821795649,0.332136747383375,0.836471865060381,0,0.0735721847372284
11.81,1.10144093722701e-19,0.863254797791677,0.134714879715196,0.00203032249302888,0.687052773602473,0.00678169760653764,0.682035970453382,0.502026138668325,0.840002823980128,0.841711770320138,0.332752092272179,0.83622726880226,0,0.0735779257760015
11.82,1.10144093722701e-19,0.86274915202817,0.135213853705895,0.00203699426583678,0.688121314675085,0.00680019088567857,0.683097760579618,0.502029509114188,0.840530383156841,0.842246033497582,0.333367303796889,0.835982201221529,0,0.0735833726095804
11.83,1.10144093722701e-19,0.862242688297426,0.135713643849059,0.00204366785341691,0.689188442322259,0.00681869499275464,0.684158160401679,0.502032871457613,0.841057246274082,0.842779607866276,0.333982379124379,0.835736663330274,0,0.0735885252052729
11.84,1.10144093722701e-19,0.861735409582649,0.136214247270089,0.0020503431471637,0.69025414965212,0.00683720983330126,0.685217163130879,0.502036225674538,0.841583409991809,0.843312489976633,0.334597315424091,0.835490656148225,0,0.073593383532154
11.85,1.10144093722701e-19,0.861227318881774,0.136715661079596,0.00205702003853226,0.691318429798508,0.00685573531261025,0.686274762003469,0.502039571740984,0.84210887098242,0.843844676391248,0.335212109868072,0.835244180702742,0,0.0735979475610658
11.86,1.10144093722701e-19,0.860718419207405,0.137217882373447,0.00206369841904968,0.69238127592111,0.00687427133572767,0.687330950280754,0.502042909633052,0.842633625930803,0.844376163684966,0.335826759630999,0.834997238028811,0,0.0736022172646174
11.87,1.10144093722701e-19,0.86020871358676,0.137720908232816,0.0020703781803263,0.693442681205586,0.00689281780745168,0.688385721249215,0.502046239326921,0.843157671534395,0.844906948444945,0.336441261890206,0.834749829169031,0,0.0736061926171853
11.88,1.10144093722701e-19,0.859698205061609,0.138224735724226,0.0020770592140669,0.694502638863705,0.0069113746323305,0.689439068220629,0.502049560798843,0.843681004503232,0.845437027270721,0.337055613825717,0.834501955173605,0,0.0736098735949131
11.89,1.10144093722701e-19,0.859186896688217,0.138729361899603,0.0020837414120819,0.695561142133474,0.00692994171466041,0.690490984532184,0.502052874025144,0.844203621560002,0.845966396774273,0.337669812620276,0.834253617100332,0,0.0736132601757113
11.9,1.10144093722701e-19,0.858674791537283,0.139234783796321,0.0020904246662984,0.696618184279262,0.00694851895848394,0.691541463546603,0.502056178982219,0.844725519440103,0.84649505358009,0.33828385545937,0.834004816014598,0,0.0736163523392578
11.91,1.10144093722701e-19,0.858161892693877,0.139740998437253,0.00209710886877124,0.697673758591936,0.00696710626758799,0.692590498652257,0.502059475646532,0.845246694891694,0.847022994325229,0.338897739531264,0.833755552989364,0,0.0736191500669977
11.92,1.10144093722701e-19,0.857648203257387,0.140248002830821,0.00210379391169392,0.698727858388983,0.00698570354550215,0.693638083263285,0.502062763994612,0.845767144675746,0.847550215659388,0.339511462027024,0.833505829105155,0,0.0736216533421429
11.93,1.10144093722701e-19,0.857133726341449,0.140755793971044,0.00211047968740953,0.699780477014641,0.00700431069549707,0.694684210819708,0.50206604400305,0.8462868655661,0.848076714244962,0.340125020140553,0.833255645450055,0,0.0736238621496728
11.94,1.10144093722701e-19,0.856618465073892,0.141264368837589,0.00211716608842149,0.700831607840021,0.00702292762058288,0.695728874787549,0.502069315648502,0.846805854349515,0.84860248675711,0.340738411068613,0.833005003119692,0,0.0736257764763337
11.95,1.10144093722701e-19,0.856102422596676,0.141773724395822,0.0021238530074043,0.701881244263235,0.00704155422350775,0.696772068658945,0.502072578907679,0.847324107825722,0.849127529883818,0.341351632010856,0.832753903217226,0,0.0736273963106393
11.96,1.10144093722701e-19,0.855585602065827,0.142283857596861,0.0021305403372142,0.702929379709524,0.0070601904067565,0.697813785952266,0.50207583375735,0.847841622807477,0.849651840325963,0.341964680169854,0.832502346853347,0,0.0736287216428702
11.97,1.10144093722701e-19,0.855068006651377,0.142794765377625,0.00213722797089966,0.703976007631377,0.00707883607254933,0.698854020212224,0.502079080174342,0.848358396120613,0.850175414797372,0.342577552751126,0.832250335146252,0,0.0736297524650742
11.98,1.10144093722701e-19,0.854549639537303,0.143306444660887,0.00214391580171186,0.705021121508655,0.0070974911228406,0.699892765009993,0.502082318135531,0.848874424604091,0.850698250024892,0.343190246963167,0.831997869221647,0,0.0736304887710664
11.99,1.10144093722701e-19,0.85403050392146,0.143818892355327,0.00215060372311509,0.70606471484872,0.00711615545931774,0.700930013943321,0.502085547617846,0.849389705110054,0.851220342748444,0.343802760017475,0.831744950212724,0,0.0736309305564288
12,1.10144093722701e-19,0.853510603015521,0.144332105355584,0.00215729162879693,0.707106781186547,0.00713482898340023,0.701965760636641,0.502088768598267,0.849904234503873,0.851741689721089,0.344415089128581,0.831491579260158,0,0.0736310778185108
12.01,1.10144093722701e-19,0.852989940044912,0.144846080542311,0.00216397941267847,0.708147314084856,0.00715351159623868,0.702999998741185,0.502091981053818,0.850418009664204,0.852262287709093,0.345027231514077,0.831237757512092,0,0.0736309305564287
12.02,1.10144093722701e-19,0.852468518248751,0.145360814782226,0.00217066696892434,0.709186307134223,0.00717220319871399,0.704032721935097,0.50209518496157,0.850931027483038,0.852782133491981,0.345639184394644,0.830983486124126,0,0.0736304887710663
12.03,1.10144093722701e-19,0.851946340879781,0.145876304928168,0.00217735419195266,0.710223753953209,0.00719090369143663,0.705063923923544,0.502098380298641,0.851443284865746,0.853301223862606,0.346250944994079,0.830728766259305,0,0.0736297524650742
12.04,1.10144093722701e-19,0.851423411204305,0.146392547819152,0.00218404097644487,0.711259648188468,0.00720961297474598,0.706093598438824,0.502101567042186,0.85195477873114,0.853819555627204,0.346862510539324,0.830473599088109,0,0.0736287216428702
12.05,1.10144093722701e-19,0.850899732502125,0.146909540280422,0.00219072721735541,0.712293983514877,0.00722833094870983,0.707121739240482,0.502104745169407,0.852465506011514,0.854337125605459,0.347473878260496,0.830217985788438,0,0.0736273963106393
12.06,1.10144093722701e-19,0.850375308066473,0.147427279123508,0.00219741280992139,0.713326753635647,0.00724705751312385,0.708148340115416,0.502107914657539,0.852975463652698,0.854853930630561,0.34808504539091,0.8299619275456,0,0.0736257764763337
12.07,1.10144093722701e-19,0.849850141203949,0.147945761146281,0.002204097649672,0.714357952282441,0.00726579256751134,0.709173394877988,0.502111075483859,0.853484648614109,0.855369967549268,0.348696009167112,0.829705425552304,0,0.0736238621496728
12.08,1.10144093722701e-19,0.849324235234454,0.14846498313301,0.00221078163243789,0.715387573215488,0.0072845360111229,0.710196897370131,0.50211422762568,0.853993057868798,0.855885233221964,0.349306766828903,0.829448481008639,0,0.0736216533421429
12.09,1.10144093722701e-19,0.848797593491123,0.148984941854419,0.00221746465436041,0.716415610223703,0.0073032877429363,0.711218841461461,0.502117371060349,0.854500688403501,0.856399724522718,0.34991731561937,0.829191095122068,0,0.0736191500669977
12.1,1.10144093722701e-19,0.848270219320261,0.149505634067741,0.00222414661190064,0.7174420571248,0.00732204766165645,0.712239221049381,0.502120505765246,0.855007537218691,0.856913438339349,0.350527652784911,0.828933269107412,0,0.0736163523392578
12.11,1.10144093722701e-19,0.847742116081276,0.150027056516778,0.00223082740184842,0.718466907765401,0.00734081566571541,0.713258030059189,0.502123631717787,0.855513601328621,0.857426371573479,0.351137775575262,0.828675004186839,0,0.0736132601757113
12.12,1.10144093722701e-19,0.847213287146611,0.15054920593196,0.00223750692133113,0.719490156021158,0.00735959165327254,0.714275262444187,0.502126748895415,0.856018877761379,0.857938521140592,0.351747681243529,0.828416301589847,0,0.0736098735949131
12.13,1.10144093722701e-19,0.846683735901679,0.151072079030401,0.00224418506782238,0.720511795796854,0.00737837552221476,0.715290912185787,0.502129857275606,0.856523363558933,0.858449883970097,0.35235736704621,0.828157162553257,0,0.0736061926171854
12.14,1.10144093722701e-19,0.846153465744794,0.151595672515957,0.00225086173915056,0.721531821026527,0.00739716717015688,0.716304973293611,0.502132956835865,0.857027055777181,0.858960457005382,0.352966830243226,0.827897588321194,0,0.0736022172646175
12.15,1.10144093722701e-19,0.845622480087107,0.152119983079288,0.00225753683350721,0.722550225673569,0.00741596649444206,0.717317439805603,0.502136047553724,0.857529951486,0.859470237203874,0.353576068097947,0.827637580145075,0,0.0735979475610657
12.16,1.10144093722701e-19,0.845090782352532,0.152645007397915,0.00226421024945529,0.723567003730843,0.00743477339214235,0.718328305788132,0.502139129406744,0.85803204776929,0.859979221537097,0.354185077877219,0.827377139283597,0,0.073593383532154
12.17,1.10144093722701e-19,0.844558375977683,0.153170742136282,0.0022708818859373,0.724582149220789,0.00745358776005933,0.719337565336093,0.502142202372512,0.858533341725029,0.860487406990726,0.354793856851391,0.82711626700272,0,0.073588525205273
12.18,1.10144093722701e-19,0.844025264411806,0.153697183945813,0.00227755164228315,0.725595656195538,0.00747240949472489,0.720345212573012,0.50214526642864,0.859033830465315,0.860994790564647,0.355402402294344,0.826854964575656,0,0.0735833726095804
12.19,1.10144093722701e-19,0.843491451116709,0.154224329464976,0.00228421941821801,0.726607518737006,0.00749123849240205,0.721351241651149,0.502148321552765,0.859533511116417,0.861501369273016,0.356010711483515,0.826593233282853,0,0.0735779257760015
12.2,1.10144093722701e-19,0.842956939566689,0.154752175319343,0.00229088511386996,0.727617730957018,0.00751007464908594,0.722355646751602,0.50215136772255,0.860032380818817,0.862007140144307,0.356618781699927,0.826331074411982,0,0.0735721847372284
12.21,1.10144093722701e-19,0.842421733248473,0.155280718121652,0.00229754862977738,0.7286262869974,0.00752891786050485,0.723358422084404,0.502154404915681,0.860530436727264,0.862512100221379,0.357226610228212,0.826068489257919,0,0.0735661495277205
12.22,1.10144093722701e-19,0.84188583566114,0.155809954471867,0.00230420986689633,0.72963318103009,0.0075477680221214,0.724359561888629,0.502157433109865,0.861027676010818,0.863016246561521,0.357834194356644,0.825805479122736,0,0.0735598201837042
12.23,1.10144093722701e-19,0.841349250316054,0.156339880957241,0.00231086872660767,0.730638407257244,0.00756662502913377,0.725359060432489,0.502160452282835,0.861524095852892,0.863519576236515,0.358441531377158,0.825542045315681,0,0.0735531967431733
12.24,1.10144093722701e-19,0.840811980736796,0.156870494152382,0.00231752511072404,0.731641959911332,0.00758548877647713,0.726356912013438,0.502163462412346,0.862019693451308,0.864022086332689,0.359048618585382,0.825278189153166,0,0.0735462792458883
12.25,1.10144093722701e-19,0.840274030459095,0.157401790619311,0.00232417892149666,0.732643833255251,0.00760435915882505,0.727353110958265,0.502166463476173,0.862514466018335,0.86452377395097,0.359655453280662,0.825013911958751,0,0.0735390677333775
12.26,1.10144093722701e-19,0.839735403030752,0.157933766907528,0.00233083006162201,0.733644021582416,0.0076232360705911,0.728347651623201,0.502169455452116,0.863008410780741,0.86502463620694,0.360262032766089,0.824749215063128,0,0.0735315622489355
12.27,1.10144093722701e-19,0.839196102011577,0.158466419554078,0.00233747843424823,0.734642519216869,0.0076421194059305,0.729340528394009,0.502172438317993,0.863501524979831,0.86552467023089,0.360868354348524,0.824484099804107,0,0.073523762837625
12.28,1.10144093722701e-19,0.838656130973311,0.15899974508361,0.00234412394298146,0.735639320513374,0.00766100905874194,0.730331735686086,0.502175412051647,0.863993805871504,0.866023873167875,0.361474415338625,0.824218567526599,0,0.0735156695462751
12.29,1.10144093722701e-19,0.838115493499563,0.159533740008447,0.00235076649189195,0.736634419857519,0.00767990492266941,0.731321267944562,0.50217837663094,0.864485250726286,0.866522242177762,0.362080213050875,0.823952619582603,0,0.0735072824234824
12.3,1.10144093722701e-19,0.837574193185734,0.160068400828649,0.00235740598551998,0.737627811665812,0.00769880689110422,0.732309119644391,0.502181332033759,0.864975856829387,0.86701977443529,0.362685744803604,0.823686257331185,0,0.0734986015196105
12.31,1.10144093722701e-19,0.837032233638945,0.160603724032076,0.00236404232888162,0.738619490385783,0.00771771485718704,0.733295285290451,0.502184278238008,0.865465621480736,0.867516467130118,0.363291007919021,0.823419482138467,0,0.0734896268867902
12.32,1.10144093722701e-19,0.83648961847797,0.161139706094458,0.00237067542747434,0.739609450496074,0.0077366287138101,0.734279759417637,0.502187215221617,0.865954541995033,0.868012317466881,0.363895999723233,0.82315229537761,0,0.0734803585789195
12.33,1.10144093722701e-19,0.835946351333159,0.161676343479461,0.00237730518728235,0.740597686506539,0.00775554835361949,0.735262536590956,0.502190142962537,0.866442615701788,0.868507322665237,0.364500717546278,0.822884698428795,0,0.0734707966516635
12.34,1.10144093722701e-19,0.835402435846373,0.162213632638748,0.00238393151478186,0.741584192958341,0.00777447366901752,0.736243611405623,0.50219306143874,0.866929839945372,0.869001479959925,0.365105158722145,0.822616692679207,0,0.0734609411624544
12.35,1.10144093722701e-19,0.834857875670903,0.162751570012053,0.00239055431694607,0.74256896442404,0.00779340455216522,0.737222978487152,0.502195970628223,0.867416212085054,0.869494786600809,0.365709320588804,0.822348279523023,0,0.0734507921704916
12.36,1.10144093722701e-19,0.834312674471408,0.163290152027245,0.00239717350125002,0.743551995507691,0.00781234089498489,0.738200632491448,0.502198870509004,0.86790172949505,0.869987239852936,0.366313200488227,0.822079460361389,0,0.0734403497367416
12.37,1.10144093722701e-19,0.833766835923832,0.163829375100395,0.00240378897567524,0.744533280844933,0.00783128258916283,0.739176568104902,0.502201761059126,0.868386389564565,0.870478836996581,0.366916795766419,0.821810236602407,0,0.0734296139239382
12.38,1.10144093722701e-19,0.83322036371534,0.164369235635848,0.00241040064871421,0.745512815103086,0.00785022952615207,0.740150780044482,0.502204642256658,0.868870189697835,0.8709695753273,0.367520103773441,0.821540609661117,0,0.073418584796582
12.39,1.10144093722701e-19,0.832673261544241,0.164909730026286,0.00241700842937462,0.746490592981233,0.00786918159717527,0.741123263057821,0.502207514079691,0.869353127314175,0.871459452155979,0.368123121863434,0.821270580959478,0,0.0734072624209412
12.4,1.10144093722701e-19,0.832125533119917,0.165450854652802,0.00242361222718348,0.747466609210318,0.0078881386932277,0.742094011923311,0.502210376506344,0.869835199848015,0.871948464808884,0.368725847394646,0.821000151926356,0,0.0733956468650507
12.41,1.10144093722701e-19,0.831577182162746,0.165992605884965,0.00243021195219096,0.74844085855323,0.00790710070508029,0.743063021450188,0.502213229514762,0.87031640474895,0.872436610627711,0.369328277729457,0.8207293239975,0,0.0733837381987131
12.42,1.10144093722701e-19,0.831028212404034,0.166534980080894,0.00243680751497414,0.749413335804893,0.00792606752328283,0.744030286478626,0.502216073083116,0.870796739481777,0.87292388696963,0.369930410234405,0.820458098615526,0,0.0733715364934974
12.43,1.10144093722701e-19,0.830478627585938,0.167077973587324,0.00244339882664044,0.750384035792351,0.00794503903816716,0.744995801879823,0.502218907189609,0.871276201526543,0.87341029120734,0.370532242280209,0.820186477229904,0,0.0733590418227405
12.44,1.10144093722701e-19,0.829928431461392,0.167621582739679,0.00244998579883101,0.751352953374856,0.00796401513985062,0.745959562556088,0.502221731812469,0.87175478837858,0.873895820729109,0.371133771241796,0.819914461296935,0,0.0733462542615457
12.45,1.10144093722701e-19,0.829377627794037,0.168165803862142,0.00245656834372378,0.752320083443952,0.00798299571823943,0.746921563440929,0.502224546929958,0.872232497548554,0.874380472938831,0.371734994498323,0.819642052279733,0,0.0733331738867842
12.46,1.10144093722701e-19,0.82882622035814,0.168710633267726,0.00246314637403639,0.753285420923563,0.00800198066303223,0.747881799499138,0.502227352520367,0.872709326562502,0.874864245256064,0.372335909433208,0.819369251648209,0,0.073319800777094
12.47,1.10144093722701e-19,0.828274212938529,0.169256067258344,0.00246971980302893,0.754248960770068,0.00802096986372374,0.748840265726879,0.502230148562022,0.873185272961876,0.875347135116083,0.372936513434146,0.819096060879054,0,0.07330613501288
12.48,1.10144093722701e-19,0.827721609330511,0.169802102124885,0.00247628854450646,0.755210697972395,0.00803996320960849,0.74979695715177,0.502232935033283,0.873660334303583,0.875829139969921,0.373536803893142,0.818822481455716,0,0.0732921766763147
12.49,1.10144093722701e-19,0.8271684133398,0.170348734147281,0.00248285251282133,0.756170627552091,0.00805896058978457,0.750751868832972,0.502235711912543,0.874134508160026,0.876310257284422,0.37413677820653,0.818548514868385,0,0.0732779258513373
12.5,1.10144093722701e-19,0.826614628782443,0.170895959594584,0.00248941162287531,0.757128744563415,0.0080779618931576,0.751704995861265,0.502238479178234,0.874607792119146,0.876790484542278,0.374736433774999,0.818274162613971,0,0.0732633826236546
12.51,1.10144093722701e-19,0.826060259484746,0.171443774725035,0.00249596579012155,0.758085044093404,0.00809696700844468,0.752656333359141,0.502241236808826,0.87508018378446,0.877269819242081,0.375335768003618,0.817999426196091,0,0.0732485470807402
12.52,1.10144093722701e-19,0.825505309283196,0.17199217578614,0.00250251493056631,0.759039521261965,0.00811597582417847,0.753605876480876,0.502243984782828,0.875551680775106,0.877748258898364,0.375934778301861,0.817724307125042,0,0.073233419311835
12.53,1.10144093722701e-19,0.824949782024388,0.172541159014743,0.00250905896077048,0.759992171221943,0.00813498822871134,0.754553620412619,0.502246723078793,0.876022280725876,0.878225801041645,0.376533462083629,0.817448806917789,0,0.073217999407947
12.54,1.10144093722701e-19,0.82439368156495,0.1730907206371,0.00251559779785098,0.760942989159205,0.00815400411021962,0.755499560372472,0.502249451675314,0.876491981287261,0.878702443218474,0.377131816767275,0.81717292709794,0,0.0732022874618513
12.55,1.10144093722701e-19,0.823837011771468,0.173640856868952,0.00252213135948187,0.761891970292713,0.00817302335670795,0.756443691610565,0.50225217055103,0.876960780125493,0.879178182991474,0.37772983977563,0.816896669195729,0,0.0731862835680903
12.56,1.10144093722701e-19,0.823279776520406,0.174191563915601,0.00252865956389534,0.762839109874597,0.00819204585601363,0.757386009409141,0.502254879684627,0.877428674922574,0.879653017939382,0.378327528536022,0.816620034748,0,0.0731699878229734
12.57,1.10144093722701e-19,0.822721979698037,0.174742837971983,0.00253518232988245,0.763784403190236,0.00821107149581115,0.758326509082633,0.50225757905484,0.877895663376326,0.880126945657095,0.378924880480308,0.81634302529818,0,0.0731534003245772
12.58,1.10144093722701e-19,0.822163625200361,0.175294675222747,0.0025416995767937,0.764727845558324,0.00823010016361676,0.759265185977741,0.502260268640454,0.878361743200424,0.880599963755714,0.379521893044886,0.816065642396263,0,0.0731365211727454
12.59,1.10144093722701e-19,0.821604716933036,0.175847071842326,0.00254821122453944,0.765669432330947,0.00824913174679309,0.760202035473512,0.502262948420307,0.878826912124437,0.881072069862575,0.380118563670732,0.815787887598792,0,0.073119350469089
12.6,1.10144093722701e-19,0.821045258811294,0.176400023995018,0.00255471719359,0.766609158893654,0.00826816613255389,0.761137052981413,0.502265618373289,0.879291167893862,0.881543261621306,0.380714889803413,0.815509762468835,0,0.073101888316986
12.61,1.10144093722701e-19,0.82048525475987,0.176953527835056,0.00256121740497574,0.767547020665524,0.00828720320796879,0.762070233945411,0.50226827847835,0.879754508270169,0.882013536691855,0.381310868893114,0.815231268575966,0,0.0730841348215816
12.62,1.10144093722701e-19,0.819924708712924,0.17750757950669,0.00256771178028679,0.768483013099243,0.00830624285996824,0.763001573842045,0.502270928714497,0.88021693103083,0.882482892750534,0.381906498394665,0.814952407496245,0,0.073066090089788
12.63,1.10144093722701e-19,0.819363624613966,0.178062175144263,0.00257420024167271,0.769417131681164,0.00832528497534838,0.7639310681805,0.502273569060797,0.880678433969365,0.882951327490062,0.382501775767559,0.814673180812198,0,0.0730477542302848
12.64,1.10144093722701e-19,0.818802006415776,0.178617310872284,0.00258068271184187,0.77034937193138,0.00834432944077609,0.764858712502685,0.502276199496384,0.881139014895372,0.8834188386196,0.383096698475976,0.814393590112795,0,0.0730291273535184
12.65,1.10144093722701e-19,0.818239858080331,0.17917298280551,0.00258715911406071,0.771279729403791,0.00836337614279407,0.765784502383301,0.502278820000453,0.881598671634571,0.883885423864795,0.383691263988808,0.81411363699343,0,0.0730102095717028
12.66,1.10144093722701e-19,0.817677183578725,0.179729187049024,0.00259362937215278,0.772208199686167,0.00838242496782598,0.766708433429917,0.50228143055227,0.882057402028833,0.884351080967813,0.384285469779684,0.813833323055899,0,0.0729910009988189
12.67,1.10144093722701e-19,0.817113986891096,0.180285919698308,0.00260009341049758,0.773134778400215,0.00840147580218165,0.767630501283039,0.502284031131171,0.882515203936221,0.884815807687381,0.384879313326986,0.81355264990838,0,0.0729715017506147
12.68,1.10144093722701e-19,0.816550272006544,0.180843176839328,0.00260655115402924,0.774059461201644,0.0084205285320624,0.76855070161618,0.502286621716564,0.882972075231026,0.885279601798821,0.385472792113878,0.813271619165412,0,0.0729517119446053
12.69,1.10144093722701e-19,0.815986042923058,0.181400954548608,0.00261300252823505,0.774982243780222,0.00843958304356634,0.769469030135935,0.502289202287933,0.883428013803801,0.885742461094092,0.386065903628325,0.812990232447872,0,0.0729316317000732
12.7,1.10144093722701e-19,0.815421303647437,0.181959248893311,0.00261944745915371,0.775903121859848,0.00845863922269379,0.770385482582043,0.502291772824839,0.883883017561395,0.886204383381823,0.386658645363121,0.812708491382954,0,0.0729112611380678
12.71,1.10144093722701e-19,0.814856058195211,0.182518055931317,0.00262588587337349,0.776822091198603,0.00847769695535277,0.77130005472746,0.502294333306928,0.884337084426994,0.88666536648735,0.387251014815902,0.812426397604148,0,0.0728906003814058
12.72,1.10144093722701e-19,0.814290310590567,0.183077371711304,0.00263231769803019,0.777739147588817,0.00849675612736447,0.772212742378427,0.502296883713923,0.884790212340149,0.887125408252753,0.387843009489179,0.81214395275122,0,0.0728696495546708
12.73,1.10144093722701e-19,0.813724064866267,0.183637192272829,0.00263874286080489,0.778654286857126,0.00851581662446889,0.773123541374533,0.502299424025639,0.885242399256814,0.887584506536887,0.388434626890352,0.811861158470186,0,0.072848408784214
12.74,1.10144093722701e-19,0.813157325063577,0.184197513646403,0.00264516128992157,0.779567504864527,0.00853487833233044,0.774032447588784,0.502301954221977,0.885693643149381,0.888042659215425,0.389025864531737,0.811578016413292,0,0.0728268781981534
12.75,1.10144093722701e-19,0.812590095232179,0.184758331853577,0.00265157291414454,0.780478797506443,0.00855394113654365,0.774939456927668,0.50230447428293,0.886143942006712,0.888499864180883,0.389616719930587,0.811294528238993,0,0.0728050579263741
12.76,1.10144093722701e-19,0.812022379430104,0.185319642907021,0.00265797766277566,0.781388160712772,0.00857300492263889,0.775844565331218,0.502306984188587,0.886593293834172,0.88895611934266,0.390207190609112,0.811010695611928,0,0.0727829481005286
12.77,1.10144093722701e-19,0.811454181723647,0.185881442810603,0.00266437546565147,0.782295590447942,0.00859206957608816,0.776747768773077,0.502309483919133,0.887041696653663,0.889411422627069,0.390797274094504,0.810726520202901,0,0.0727605488540364
12.78,1.10144093722701e-19,0.810885506187289,0.186443727559472,0.00267076625314009,0.783201082710973,0.00861113498231097,0.777649063260561,0.502311973454857,0.887489148503661,0.889865771977371,0.391386967918956,0.810442003688855,0,0.0727378603220839
12.79,1.10144093722701e-19,0.810316356903624,0.187006493140139,0.00267714995613798,0.784104633535523,0.00863020102668016,0.778548444834719,0.502314452776147,0.887935647439241,0.890319165353805,0.391976269619685,0.810157147752852,0,0.0727148826416253
12.8,1.10144093722701e-19,0.809746737963275,0.18756973553056,0.00268352650606653,0.785006238989944,0.00864926759452788,0.779445909570394,0.502316921863502,0.888381191532115,0.890771600733622,0.392565176738956,0.809871954084047,0,0.0726916159513812
12.81,1.10144093722701e-19,0.809176653464818,0.188133450700215,0.00268989583486848,0.78590589517733,0.00866833457115152,0.780341453576288,0.502319380697528,0.88882577887066,0.891223076111118,0.393153686824097,0.80958642437767,0,0.07266806039184
12.82,1.10144093722701e-19,0.808606107514702,0.188697634610195,0.00269625787500422,0.786803598235572,0.00868740184181977,0.781235072995014,0.502321829258947,0.889269407559955,0.89167358949766,0.393741797427527,0.809300560334997,0,0.0726442161052568
12.83,1.10144093722701e-19,0.808035104227176,0.189262283213278,0.00270261255944792,0.787699344337404,0.00870646929177861,0.782126764003161,0.502324267528595,0.889712075721807,0.892123138921719,0.394329506106775,0.809014363663333,0,0.072620083235654
12.84,1.10144093722701e-19,0.8074636477242,0.189827392454018,0.00270895982168343,0.788593129690454,0.00872553680625746,0.78301652281135,0.502326695487428,0.890153781494784,0.892571722428903,0.394916810424499,0.808727836075982,0,0.0725956619288211
12.85,1.10144093722701e-19,0.806891742135377,0.190392958268824,0.00271529959570018,0.789484950537287,0.00874460427047526,0.78390434566429,0.502329113116525,0.890594523034245,0.89301933808198,0.39550370794851,0.80844097929223,0,0.0725709523323149
12.86,1.10144093722701e-19,0.806319391597868,0.190958976586045,0.00272163181598879,0.790374803155459,0.00876367156964663,0.784790228840831,0.502331520397091,0.891034298512372,0.893465983960912,0.396090196251791,0.808153795037317,0,0.072545954595459
12.87,1.10144093722701e-19,0.805746600256313,0.191525443326052,0.00272795641753664,0.791262683857554,0.00878273858898808,0.785674168654028,0.50233391731046,0.891473106118196,0.893911658162881,0.396676272912522,0.807866285042414,0,0.0725206688693446
12.88,1.10144093722701e-19,0.805173372262754,0.192092354401324,0.00273427333582319,0.792148588991237,0.00880180521372419,0.786556161451186,0.5023363038381,0.891910944057632,0.894356358802317,0.397261935514092,0.807578451044601,0,0.0724950953068296
12.89,1.10144093722701e-19,0.804599711776558,0.192659705716528,0.0027405825068153,0.793032514939287,0.00882087132909388,0.787436203613918,0.502338679961614,0.892347810553502,0.894800084010928,0.39784718164513,0.807290294786843,0,0.0724692340625395
12.9,1.10144093722701e-19,0.80402562296433,0.193227493168608,0.00274688386696227,0.793914458119652,0.00883993682035667,0.788314291558199,0.502341045662745,0.892783703845569,0.895242831937721,0.398432008899517,0.807001818017961,0,0.0724430852928666
12.91,1.10144093722701e-19,0.803451109999844,0.193795712646866,0.00275317735319086,0.794794414985482,0.00885900157279897,0.789190421734413,0.502343400923378,0.893218622190562,0.895684600749034,0.399016414876414,0.806713022492617,0,0.0724166491559704
12.92,1.10144093722701e-19,0.802876177063956,0.194364360033045,0.0027594629029001,0.79567238202517,0.0088780654717404,0.790064590627409,0.502345745725546,0.893652563862205,0.896125388628561,0.399600397180275,0.806423909971279,0,0.0723899258117776
12.93,1.10144093722701e-19,0.802300828344525,0.19493343120142,0.00276574045395604,0.796548355762397,0.00889712840254009,0.790936794756546,0.502348080051432,0.894085527151245,0.896565193777373,0.400183953420873,0.806134482220207,0,0.0723629154219822
12.94,1.10144093722701e-19,0.80172506803634,0.195502922018874,0.00277200994468629,0.797422332756164,0.00891619025060307,0.791807030675746,0.50235040388337,0.89451751036548,0.897004014413948,0.400767081213316,0.805844741011418,0,0.0723356181500451
12.95,1.10144093722701e-19,0.801148900341034,0.196072828344992,0.00277827131387455,0.798294309600836,0.00893525090138665,0.792675294973539,0.502352717203854,0.894948511829783,0.897441848774192,0.40134977817807,0.805554688122671,0,0.0723080341611944
12.96,1.10144093722701e-19,0.800572329467006,0.19664314603214,0.00278452450075493,0.799164282926172,0.00895431024040672,0.793541584273115,0.502355019995537,0.89537852988613,0.897878695111463,0.401932041940978,0.805264325337436,0,0.0722801636224255
12.97,1.10144093722701e-19,0.799995359629341,0.197213870925554,0.00279076944500617,0.800032249397366,0.00897336815324421,0.794405895232362,0.502357312241237,0.895807562893628,0.898314551696597,0.402513870133278,0.804973654444871,0,0.0722520067025006
12.98,1.10144093722701e-19,0.799417995049733,0.197784998863421,0.00279700608674582,0.80089820571508,0.00899242452555148,0.795268224543921,0.50235959392394,0.896235609228538,0.898749416817926,0.403095260391627,0.804682677239796,0,0.0722235635719494
12.99,1.10144093722701e-19,0.798840239956403,0.198356525676973,0.00280323436652419,0.801762148615474,0.0090114792430587,0.796128568935224,0.502361865026801,0.8966626672843,0.899183288781305,0.403676210358114,0.804391395522672,0,0.0721948344030688
13,1.10144093722701e-19,0.798262098584017,0.198928447190565,0.00280945422531835,0.802624074870247,0.00903053219158026,0.796986925168538,0.502364125533153,0.89708873547156,0.89961616591013,0.404256717680287,0.804099811099568,0,0.0721658193699224
13.01,1.10144093722701e-19,0.797683575173611,0.199500759221764,0.00281566560452586,0.80348398128666,0.00904958325702125,0.797843290041011,0.502366375426507,0.897513812218193,0.900048046545361,0.404836780011166,0.803807925782143,0,0.0721365186483413
13.02,1.10144093722701e-19,0.797104673972506,0.200073457581437,0.00282186844595853,0.80434186470757,0.00906863232538378,0.798697660384711,0.502368614690554,0.897937895969327,0.90047892904554,0.405416395009267,0.803515741387616,0,0.0721069324159239
13.03,1.10144093722701e-19,0.79652539923423,0.200646538073834,0.00282806269183604,0.805197722011461,0.00908767928277347,0.799550033066667,0.502370843309175,0.898360985187366,0.900908811786816,0.405995560338617,0.803223259738743,0,0.0720770608520351
13.04,1.10144093722701e-19,0.795945755218441,0.20121999649668,0.00283424828477947,0.806051550112471,0.00910672401540585,0.800400404988908,0.502373061266437,0.898783078352015,0.901337693162958,0.406574273668777,0.80293048266379,0,0.0720469041378076
13.05,1.10144093722701e-19,0.795365746190841,0.201793828641255,0.00284042516780473,0.806903345960421,0.00912576640961273,0.801248773088505,0.502375268546602,0.8992041739603,0.901765571585381,0.407152532674857,0.802637411996506,0,0.0720164624561409
13.06,1.10144093722701e-19,0.794785376423098,0.202368030292486,0.00284659328431594,0.807753106540838,0.00914480635184865,0.802095134337604,0.502377465134131,0.899624270526594,0.902192445483157,0.407730335037539,0.8023440495761,0,0.0719857359917019
13.07,1.10144093722701e-19,0.794204650192769,0.202942597229033,0.00285275257809872,0.808600828874987,0.00916384372869726,0.802939485743468,0.502379651013681,0.900043366582635,0.902618313303039,0.408307678443093,0.802050397247213,0,0.0719547249309242
13.08,1.10144093722701e-19,0.793623571783215,0.203517525223373,0.00285890299331336,0.80944651001989,0.00918287842687768,0.803781824348508,0.502381826170117,0.900461460677548,0.903043173509474,0.408884560583395,0.80175645685989,0,0.0719234294620091
13.09,1.10144093722701e-19,0.79304214548352,0.204092810041893,0.002865044474488,0.81029014706835,0.0092019103332509,0.804622147230321,0.502383990588512,0.900878551377867,0.903467024584625,0.409460979155946,0.801462230269558,0,0.0718918497749247
13.1,1.10144093722701e-19,0.792460375588417,0.204668447444972,0.00287117696651167,0.811131737148978,0.00922093933482614,0.805460451501725,0.502386144254149,0.901294637267557,0.90388986502838,0.410036931863896,0.801167719336996,0,0.0718599860614062
13.11,1.10144093722701e-19,0.791878266398201,0.205244433187072,0.00287730041462731,0.811971277426211,0.00923996531876714,0.806296734310787,0.502388287152529,0.90170971694803,0.904311693358372,0.41061241641605,0.80087292592831,0,0.0718278385149563
13.12,1.10144093722701e-19,0.791295822218651,0.205820763016825,0.0028834147644247,0.812808765100333,0.00925898817239854,0.807130992840861,0.50239041926937,0.902123789038169,0.904732508109998,0.411187430526899,0.800577851914907,0,0.0717954073308445
13.13,1.10144093722701e-19,0.790713047360948,0.206397432677119,0.00288951996183334,0.813644197407494,0.00927800778321215,0.807963224310614,0.502392540590614,0.902536852174341,0.905152307836424,0.41176197191663,0.800282499173466,0,0.0717626927061075
13.14,1.10144093722701e-19,0.790129946141598,0.206974437905188,0.00289561595311533,0.814477571619731,0.00929702403887324,0.808793425974058,0.50239465110243,0.902948905010422,0.905571091108606,0.412336038311146,0.799986869585913,0,0.0717296948395494
13.15,1.10144093722701e-19,0.789546522882344,0.207551774432699,0.00290170268485809,0.815308885044986,0.00931603682722677,0.80962159512058,0.502396750791216,0.903359946217811,0.905988856515303,0.412909627442087,0.799690965039394,0,0.0716964139317411
13.16,1.10144093722701e-19,0.788962781910093,0.208129437985841,0.00290778010396714,0.816138135027117,0.00933504603630365,0.810447729074968,0.502398839643605,0.903769974485451,0.906405602663089,0.413482737046842,0.799394787426245,0,0.0716628501850208
13.17,1.10144093722701e-19,0.788378727556831,0.208707424285412,0.00291384815765881,0.816965318945921,0.00935405155432692,0.81127182519744,0.502400917646468,0.904178988519841,0.906821328176363,0.414055364868571,0.799098338643971,0,0.0716290038034938
13.18,1.10144093722701e-19,0.787794364159541,0.209285729046907,0.00291990679345287,0.817790434217143,0.0093730532697179,0.812093880883667,0.502402984786915,0.904586987045058,0.907236031697366,0.414627508656219,0.798801620595212,0,0.0715948749930328
13.19,1.10144093722701e-19,0.787209696060128,0.209864347980608,0.0029259559591652,0.818613478292493,0.00939205107110237,0.812913893564801,0.502405041052304,0.904993968802768,0.907649711886186,0.415199166164538,0.798504635187719,0,0.0715604639612773
13.2,1.10144093722701e-19,0.78662472760533,0.210443276791671,0.00293199560290033,0.819434448659656,0.00941104484731663,0.813731860707497,0.50240708643024,0.905399932552249,0.908062367420776,0.415770335154101,0.798207384334326,0,0.0715257709176341
13.21,1.10144093722701e-19,0.786039463146641,0.211022511180216,0.00293802567304412,0.820253342842306,0.00943003448741362,0.814547779813936,0.502409120908579,0.905804877070396,0.908473996996956,0.416341013391317,0.797909869952924,0,0.0714907960732772
13.22,1.10144093722701e-19,0.785453907040232,0.211602046841413,0.00294404611825619,0.821070158400115,0.00944901988066887,0.815361648421847,0.502411144475435,0.906208801151746,0.908884599328431,0.416911198648454,0.797612093966428,0,0.0714555396411475
13.23,1.10144093722701e-19,0.784868063646866,0.212181879465572,0.00295005688746259,0.821884892928762,0.00946800091658656,0.816173464104529,0.502413157119179,0.906611703608484,0.909294173146795,0.417480888703651,0.797314058302756,0,0.0714200018359533
13.24,1.10144093722701e-19,0.784281937331818,0.212762004738235,0.00295605792984822,0.822697544059945,0.00948697748490542,0.816983224470868,0.502415158828447,0.907013583270461,0.909702717201538,0.418050081340936,0.797015764894796,0,0.0713841828741702
13.25,1.10144093722701e-19,0.783695532464796,0.213342418340256,0.00296204919484941,0.823508109461385,0.00950594947560467,0.817790927165359,0.50241714959214,0.907414438985206,0.910110230260061,0.418618774350245,0.796717215680381,0,0.0713480829740404
13.26,1.10144093722701e-19,0.783108853419854,0.213923115947901,0.00296803063214643,0.824316586836832,0.00952491677890986,0.81859656986812,0.502419129399429,0.907814269617938,0.910516711107677,0.419186965527435,0.796418412602259,0,0.0713117023555737
13.27,1.10144093722701e-19,0.782521904575319,0.214504093232926,0.00297400219165597,0.825122973926077,0.00954387928529867,0.819400150294913,0.502421098239757,0.908213074051579,0.910922158547617,0.419754652674302,0.796119357608064,0,0.0712750412405468
13.28,1.10144093722701e-19,0.781934690313702,0.215085345862675,0.00297996382352373,0.825927268504946,0.00956283688550671,0.820201666197153,0.502423056102847,0.908610851186765,0.911326571401046,0.420321833598598,0.795820052650292,0,0.0712380998525039
13.29,1.10144093722701e-19,0.781347215021622,0.215666869500162,0.00298591547811684,0.826729468385314,0.00958178947053319,0.82100111536193,0.502425002978699,0.909007599941857,0.911729948507057,0.420888506114046,0.795520499686266,0,0.0712008784167557
13.3,1.10144093722701e-19,0.780759483089721,0.216248659804164,0.00299185710601651,0.827529571415101,0.00960073693164662,0.821798495612017,0.502426938857598,0.909403319252951,0.912132288722683,0.421454668040358,0.795220700678115,0,0.0711633771603809
13.31,1.10144093722701e-19,0.780171498912584,0.216830712429307,0.00299778865801049,0.828327575478277,0.00961967916039039,0.822593804805885,0.502428863730116,0.909798008073888,0.9125335909229,0.422020317203249,0.794920657592737,0,0.0711255963122246
13.32,1.10144093722701e-19,0.779583266888658,0.217413023026158,0.00300371008508573,0.829123478494858,0.00963861604858833,0.823387040837712,0.502430777587115,0.910191665376264,0.912933854000632,0.422585451434452,0.794620372401778,0,0.0710875361028994
13.33,1.10144093722701e-19,0.778994791420168,0.217995587241312,0.0030096213384209,0.829917278420914,0.00965754748835021,0.824178201637396,0.502432680419749,0.910584290149438,0.913333076866752,0.423150068571737,0.794319847081599,0,0.071049196764785
13.34,1.10144093722701e-19,0.778406076913041,0.218578400717481,0.00301552236937907,0.830708973248557,0.00967647337207716,0.824967285170561,0.502434572219472,0.910975881400542,0.913731258450089,0.423714166458925,0.794019083613246,0,0.0710105785320282
13.35,1.10144093722701e-19,0.777817127776817,0.219161459093584,0.00302141312950034,0.831498561005948,0.00969539359246709,0.825754289438567,0.502436452978035,0.911366438154484,0.914128397697426,0.424277742945902,0.793718083982425,0,0.0709716816405429
13.36,1.10144093722701e-19,0.777227948424573,0.219744758004834,0.00302729357049455,0.832286039757287,0.00971430804251993,0.826539212478516,0.502438322687493,0.911755959453961,0.914524493573506,0.424840795888638,0.793416850179468,0,0.0709325063280104
13.37,1.10144093722701e-19,0.776638543272838,0.220328293082829,0.00303316364423399,0.833071407602812,0.00973321661554294,0.82732205236326,0.502440181340207,0.912144444359464,0.914919545061032,0.425403323149197,0.79311538419931,0,0.0708930528338789
13.38,1.10144093722701e-19,0.776048916741516,0.220912059955639,0.0030390233027462,0.833854662678793,0.00975211920515589,0.828102807201402,0.50244202892885,0.912531891949279,0.915313551160666,0.425965322595759,0.792813688041453,0,0.0708533213993637
13.39,1.10144093722701e-19,0.775459073253797,0.221496054247898,0.00304487249820681,0.834635803157523,0.00977101570529613,0.828881475137302,0.502443865446403,0.912918301319498,0.91570651089103,0.426526792102627,0.792511763709941,0,0.0708133122674475
13.4,1.10144093722701e-19,0.774869017236081,0.222080271580888,0.00305071118293237,0.835414827247316,0.00978990601022369,0.82965805435108,0.502445690886165,0.913303671584024,0.916098423288708,0.427087729550251,0.792209613213329,0,0.0707730256828799
13.41,1.10144093722701e-19,0.774278753117895,0.222664707572633,0.00305653930937332,0.836191733192493,0.00980879001452626,0.830432543058613,0.502447505241755,0.913688001874571,0.916489287408244,0.427648132825233,0.791907238564651,0,0.0707324618921778
13.42,1.10144093722701e-19,0.77368828533181,0.223249357837984,0.00306235683010696,0.836966519273377,0.00982766761312407,0.831204939511544,0.502449308507109,0.914071291340669,0.916879102322138,0.428207999820351,0.791604641781397,0,0.0706916211436253
13.43,1.10144093722701e-19,0.773097618313361,0.22383421798871,0.00306816369783054,0.837739183806279,0.00984653870127472,0.831975241997273,0.502451100676492,0.914453539149672,0.917267867120849,0.428767328434567,0.791301824885476,0,0.0706505036872732
13.44,1.10144093722701e-19,0.772506756500962,0.224419283633585,0.00307395986535433,0.838509725143488,0.00986540317457802,0.832743448838957,0.502452881744491,0.914834744486752,0.917655580912787,0.429326116573043,0.790998789903189,0,0.0706091097749402
13.45,1.10144093722701e-19,0.771915704335828,0.225004550378479,0.00307974528559486,0.839278141673262,0.00988426092898056,0.83350955839551,0.502454651706028,0.915214906554908,0.918042242824314,0.429884362147159,0.790695538865201,0,0.0705674396602115
13.46,1.10144093722701e-19,0.77132446626189,0.225590013826444,0.00308551991156816,0.840044431819808,0.00990311186078043,0.834273569061597,0.502456410556354,0.915594024574966,0.91842785199974,0.430442063074522,0.790392073806506,0,0.0705254935984398
13.47,1.10144093722701e-19,0.770733046725715,0.226175669577804,0.00309128369638312,0.840808594043272,0.0099219558666317,0.835035479267628,0.502458158291055,0.915972097785573,0.918812407601316,0.430999217278981,0.790088396766403,0,0.0704832718467446
13.48,1.10144093722701e-19,0.770141450176423,0.226761513230243,0.00309703659323493,0.841570626839724,0.00994079284354886,0.83579528747975,0.502459894906058,0.916349125443208,0.919195908809233,0.431555822690647,0.789784509788461,0,0.070440774664013
13.49,1.10144093722701e-19,0.769549681065608,0.227347540378895,0.00310277855539854,0.842330528741141,0.00995962268891125,0.836552992199847,0.502461620397628,0.916725106822175,0.919578354821615,0.432111877245897,0.789480414920489,0,0.0703980023108988
13.5,1.10144093722701e-19,0.768957743847248,0.227933746616431,0.00310850953622234,0.843088298315388,0.0099784453004673,0.837308591965521,0.502463334762372,0.9171000412146,0.919959744854512,0.432667378887397,0.789176114214508,0,0.0703549550498234
13.51,1.10144093722701e-19,0.768365642977635,0.228520127533145,0.0031142294891218,0.8438439341662,0.00999726057633879,0.838062085350091,0.502465037997244,0.917473927930435,0.920340078141896,0.433222325564108,0.78887160972672,0,0.070311633144975
13.52,1.10144093722701e-19,0.767773382915281,0.229106678717047,0.00311993836757327,0.844597434933167,0.0100160684150249,0.838813470962577,0.502466730099546,0.917846766297453,0.920719353935655,0.433776715231307,0.788566903517474,0,0.0702680368623091
13.53,1.10144093722701e-19,0.767180968120846,0.229693395753948,0.00312563612510788,0.84534879929171,0.0100348687154064,0.839562747447689,0.502468411066928,0.918218555661241,0.921097571505579,0.434330545850593,0.788261997651242,0,0.0702241664695482
13.54,1.10144093722701e-19,0.766588403057048,0.230280274227548,0.00313132271530557,0.846098025953056,0.0100536613767494,0.840309913485816,0.502470080897395,0.918589295385206,0.921474730139362,0.434883815389904,0.787956894196579,0,0.0701800222361821
13.55,1.10144093722701e-19,0.765995692188587,0.230867309719526,0.00313699809178911,0.846845113664226,0.0100724462987094,0.841054967793009,0.502471739589305,0.918958984850561,0.921850829142586,0.435436521823534,0.787651595226102,0,0.0701356044334676
13.56,1.10144093722701e-19,0.765402839982058,0.231454497809625,0.00314266220821838,0.847590061208003,0.0100912233813349,0.841797909120967,0.502473387141373,0.919327623456325,0.922225867838714,0.435988663132135,0.787346102816451,0,0.070090913334429
13.57,1.10144093722701e-19,0.764809850905874,0.232041834075743,0.00314831501828466,0.848332867402911,0.0101099925250714,0.842538736257021,0.502475023552671,0.919695210619319,0.922599845569082,0.436540237302743,0.787040419048263,0,0.0700459492138571
13.58,1.10144093722701e-19,0.764216729430179,0.232629314094017,0.00315395647570511,0.84907353110319,0.0101287536307645,0.843277448024114,0.502476648822636,0.920061745774155,0.922972761692887,0.437091242328781,0.786734546006137,0,0.0700007123483106
13.59,1.10144093722701e-19,0.76362348002677,0.233216933438914,0.00315958653421726,0.849812051198771,0.010147506599664,0.844014043280786,0.502478262951063,0.920427228373235,0.923344615587178,0.437641676210076,0.786428485778608,0,0.0699552030161147
13.6,1.10144093722701e-19,0.763030107169012,0.233804687683316,0.00316520514757377,0.850548426615246,0.0101662513334268,0.84474852092115,0.502479865938115,0.920791657886739,0.923715406646842,0.438191536952872,0.786122240458111,0,0.0699094214973622
13.61,1.10144093722701e-19,0.762436615331757,0.234392572398607,0.00317081226953719,0.851282656313843,0.0101849877341206,0.845480879874874,0.502481457784319,0.921155033802619,0.924085134284597,0.438740822569839,0.78581581214095,0,0.0698633680739128
13.62,1.10144093722701e-19,0.761843008991263,0.234980583154763,0.00317640785387491,0.852014739291394,0.0102037157042269,0.846211119107157,0.502483038490573,0.921517355626592,0.924453797930975,0.439289531080088,0.785509202927271,0,0.0698170430293933
13.63,1.10144093722701e-19,0.76124929262511,0.235568715520437,0.00318199185435422,0.852744674580309,0.0102224351466443,0.846939237618706,0.502484608058143,0.921878622882127,0.924821397034313,0.439837660509185,0.785202414921023,0,0.069770446649198
13.64,1.10144093722701e-19,0.760655470712119,0.236156965063045,0.00318756422473754,0.853472461248543,0.0102411459646914,0.847665234445712,0.502486166488666,0.922238835110438,0.925187931060737,0.440385208889158,0.784895450229935,0,0.0697235792204878
13.65,1.10144093722701e-19,0.76006154773227,0.236745327348854,0.00319312491877773,0.85419809839956,0.0102598480621099,0.848389108659824,0.502487713784154,0.922597991870474,0.92555339949415,0.440932174258512,0.784588310965478,0,0.0696764410321914
13.66,1.10144093722701e-19,0.759467528166619,0.237333797943069,0.00319867389021358,0.85492158517231,0.0102785413430672,0.849110859368124,0.502489249946992,0.922956092738906,0.925917801836215,0.441478554662242,0.784280999242833,0,0.069629032375004
13.67,1.10144093722701e-19,0.758873416497217,0.237922372409919,0.00320421109276545,0.855642920741185,0.0102972257121597,0.849830485713095,0.502490774979941,0.923313137310115,0.926281137606344,0.442024348151843,0.783973517180867,0,0.0695813535413884
13.68,1.10144093722701e-19,0.758279217207027,0.238511046312743,0.00320973648013102,0.856362104315992,0.0103159010744146,0.850547986872595,0.502492288886141,0.923669125196183,0.926643406341682,0.442569552785319,0.783665866902089,0,0.0695334048255744
13.69,1.10144093722701e-19,0.757684934779844,0.239099815214076,0.00321525000598121,0.857079135141912,0.0103345673352934,0.851263362059827,0.502493791669107,0.924024056026873,0.927004607597086,0.4431141666272,0.78335805053263,0,0.0694851865235587
13.7,1.10144093722701e-19,0.75709057370021,0.239688674675735,0.00322075162395623,0.857794012499465,0.0103532244006936,0.851976610523306,0.502495283332738,0.924377929449626,0.927364740945116,0.44365818774855,0.783050070202201,0,0.0694366989331056
13.71,1.10144093722701e-19,0.756496138453333,0.240277620258907,0.00322624128766186,0.858506735704476,0.0103718721769516,0.852687731546829,0.502496763881311,0.924730745129534,0.927723805976012,0.444201614226979,0.782741928044069,0,0.0693879423537464
13.72,1.10144093722701e-19,0.755901633525005,0.240866647524231,0.00323171895066575,0.859217304108032,0.0103905105708446,0.853396724449438,0.502498233319486,0.925082502749337,0.928081802297682,0.444744444146652,0.782433626195018,0,0.0693389170867792
13.73,1.10144093722701e-19,0.755307063401522,0.241455752031885,0.003237184566494,0.859925717096442,0.010409139489593,0.854103588585387,0.502499691652304,0.925433202009397,0.928438729535677,0.445286675598305,0.782125166795322,0,0.0692896234352698
13.74,1.10144093722701e-19,0.7547124325696,0.242044929341674,0.00324263808862783,0.8606319740912,0.0104277588408623,0.854808323344109,0.502501138885193,0.925782842627691,0.928794587333181,0.445828306679251,0.781816551988708,0,0.0692400617040506
13.75,1.10144093722701e-19,0.75411774551629,0.24263417501311,0.00324807947050047,0.861336074548944,0.0104463685327652,0.855510928150171,0.502502575023961,0.926131424339786,0.929149375350984,0.446369335493391,0.781507783922328,0,0.0691902321997216
13.76,1.10144093722701e-19,0.753523006728904,0.243223484605503,0.00325350866549413,0.86203801796141,0.0104649684738634,0.856211402463247,0.502504000074807,0.926478946898827,0.929503093267468,0.446909760151229,0.781198864746724,0,0.0691401352306497
13.77,1.10144093722701e-19,0.752928220694925,0.243812853678039,0.00325892562693721,0.862737803855391,0.0104835585731694,0.856909745778067,0.50250541404431,0.926825410075516,0.929855740778585,0.447449578769877,0.780889796615796,0,0.0690897711069689
13.78,1.10144093722701e-19,0.75233339190193,0.24440227778987,0.00326433030810165,0.863435431792692,0.010502138740148,0.857605957624387,0.50250681693944,0.927170813658093,0.930207317597837,0.447988789473071,0.780580581686768,0,0.0690391401405806
13.79,1.10144093722701e-19,0.751738524837505,0.244991752500196,0.00326972266220047,0.864130901370089,0.0105207088847181,0.85830003756694,0.50250820876755,0.92751515745232,0.930557823456255,0.448527390391174,0.780271222120157,0,0.0689882426451532
13.8,1.10144093722701e-19,0.751143623989165,0.245581273368351,0.00327510264238541,0.864824212219276,0.0105392689172541,0.858991985205396,0.502509589536384,0.927858441281456,0.930907258102375,0.449065379661194,0.779961720079741,0,0.068937078936122
13.81,1.10144093722701e-19,0.750548693844274,0.246170835953883,0.00328047020174487,0.865515364006822,0.010557818748587,0.859681800174319,0.502510959254072,0.928200664986238,0.931255621302219,0.449602755426789,0.779652077732523,0,0.06888564933069
13.82,1.10144093722701e-19,0.749953738889957,0.246760435816643,0.0032858252933019,0.866204356434125,0.010576358290006,0.860369482143123,0.502512317929131,0.928541828424861,0.931602912839274,0.450139515838277,0.7793422972487,0,0.0688339541478268
13.83,1.10144093722701e-19,0.749358763613024,0.247350068516864,0.00329116787001242,0.86689118923736,0.0105948874532596,0.86105503081602,0.502513665570467,0.928881931472954,0.931949132514464,0.45067565905265,0.779032380801632,0,0.0687819937082694
13.84,1.10144093722701e-19,0.748763772499888,0.247939729615249,0.00329649788476364,0.86757586218743,0.0106134061505564,0.86173844593198,0.502515002187376,0.929220974023559,0.93229428014613,0.451211183233579,0.778722330567805,0,0.068729768334522
13.85,1.10144093722701e-19,0.748168770036479,0.248529414673049,0.00330181529037262,0.868258375089918,0.0106319142945663,0.86241972726468,0.502516327789538,0.929558955987104,0.932638355570005,0.451746086551424,0.7784121487268,0,0.0686772783508558
13.86,1.10144093722701e-19,0.747573760708166,0.24911911925215,0.00330712003958503,0.868938727785029,0.0106504117984213,0.863098874622452,0.502517642387025,0.929895877291384,0.932981358639191,0.452280367183246,0.778101837461259,0,0.0686245240833093
13.87,1.10144093722701e-19,0.746978748999673,0.249708838915154,0.00331241208507407,0.869616920147547,0.0106688985757161,0.863775887848237,0.502518945990296,0.930231737881532,0.933323289224131,0.452814023312815,0.777791398956855,0,0.0685715058596881
13.88,1.10144093722701e-19,0.746383739395001,0.250298569225461,0.00331769137943963,0.870292952086773,0.010687374540509,0.864450766819529,0.502520238610196,0.930566537719995,0.933664147212587,0.453347053130619,0.777480835402252,0,0.0685182240095647
13.89,1.10144093722701e-19,0.745788736377341,0.250888305747353,0.00332295787520754,0.870966823546476,0.0107058396073223,0.865123511448325,0.50252152025796,0.930900276786509,0.934003932509609,0.453879454833873,0.777170148989078,0,0.068464678864279
13.9,1.10144093722701e-19,0.745193744428997,0.251478044046075,0.0033282115248291,0.871638534504838,0.0107242936911425,0.865794121681072,0.502522790945208,0.931232955078072,0.934342645037518,0.454411226626529,0.776859341911889,0,0.0684108707569381
13.91,1.10144093722701e-19,0.744598768031305,0.252067779687916,0.00333345228068075,0.872308084974393,0.0107427367074212,0.866462597498607,0.502524050683947,0.931564572608914,0.934680284735866,0.454942366719281,0.776548416368136,0,0.0683568000224162
13.92,1.10144093722701e-19,0.744003811664545,0.252657508240292,0.00333868009506387,0.872975475001976,0.010761168572075,0.867128938916108,0.502525299486572,0.931895129410472,0.935016851561422,0.45547287332958,0.776237374558129,0,0.0683024669973543
13.93,1.10144093722701e-19,0.743408879807868,0.253247225271828,0.00334389492020494,0.87364070466866,0.0107795892014856,0.867793145983029,0.50252653736586,0.932224625531363,0.935352345488135,0.456002744681637,0.775926218685008,0,0.0682478720201613
13.94,1.10144093722701e-19,0.742813976939209,0.253836926352437,0.00334909670825567,0.874303774089703,0.0107979985124998,0.86845521878305,0.502527764334976,0.932553061037348,0.935686766507108,0.456531979006435,0.775614950954704,0,0.0681930154310123
13.95,1.10144093722701e-19,0.742219107535208,0.2544266070534,0.00335428541129346,0.874964683414484,0.0108163964224299,0.869115157434009,0.502528980407466,0.932880436011308,0.93602011462657,0.457060574541734,0.775303573575912,0,0.0681378975718503
13.96,1.10144093722701e-19,0.741624276071128,0.255016262947452,0.00335946098132204,0.875623432826444,0.0108347828490529,0.86977296208785,0.50253018559726,0.933206750553215,0.936352389871849,0.457588529532084,0.77499208876005,0,0.068082518786385
13.97,1.10144093722701e-19,0.741029487020774,0.255605889608855,0.00336462337027222,0.876280022543023,0.0108531577106109,0.870428632930555,0.502531379918672,0.933532004780092,0.936683592285338,0.458115842228828,0.774680498721229,0,0.0680268794200936
13.98,1.10144093722701e-19,0.740434744856413,0.256195482613485,0.00336977253000292,0.876934452815602,0.01087152092581,0.871082170182083,0.502532563386394,0.933856198825991,0.937013721926467,0.458642510890113,0.774368805676218,0,0.0679709798202202
13.99,1.10144093722701e-19,0.739840054048692,0.256785037538908,0.00337490841230232,0.877586723929436,0.0108898724138207,0.871733574096308,0.502533736015499,0.934179332841954,0.937342778871671,0.459168533780897,0.774057011844413,0,0.0679148203357759
14,1.10144093722701e-19,0.739245419066554,0.257374549964458,0.00338003096888923,0.878236836203591,0.0109082120942767,0.872382844960953,0.502534897821439,0.934501406995983,0.937670763214362,0.459693909172957,0.773745119447797,0,0.0678584013175396
14.01,1.10144093722701e-19,0.738650844377165,0.257964015471322,0.00338514015141471,0.87888478999088,0.0109265398872746,0.873029983097525,0.502536048820043,0.934822421473006,0.937997675064894,0.460218635344896,0.773433130710911,0,0.0678017231180565
14.02,1.10144093722701e-19,0.738056334445824,0.258553429642614,0.00339023591146371,0.879530585677796,0.0109448557133729,0.873674988861245,0.502537189027517,0.935142376474841,0.938323514550534,0.460742710582152,0.773121047860819,0,0.0677447860916395
14.03,1.10144093722701e-19,0.737461893735888,0.259142788063457,0.00339531820055707,0.880174223684448,0.0109631594935916,0.874317862640984,0.502538318460438,0.935461272220164,0.938648281815426,0.461266133177002,0.772808873127073,0,0.0676875905943684
14.04,1.10144093722701e-19,0.736867526708691,0.259732086321057,0.00340038697015368,0.880815704464489,0.0109814511494107,0.874958604859192,0.502539437135762,0.93577910894447,0.938971977020562,0.461788901428575,0.772496608741676,0,0.0676301369840905
14.05,1.10144093722701e-19,0.73627323782346,0.260321320004789,0.0034054421716527,0.881455028505053,0.0109997306027698,0.875597215971826,0.50254054507081,0.936095886900038,0.939294600343746,0.462311013642852,0.772184256939054,0,0.0675724256204197
14.06,1.10144093722701e-19,0.735679031537238,0.260910484706267,0.00341048375639615,0.882092196326682,0.0110179977760665,0.876233696468284,0.502541642283277,0.936411606355895,0.939616151979561,0.46283246813268,0.771871819956016,0,0.0675144568647373
14.07,1.10144093722701e-19,0.735084912304803,0.261499576019427,0.00341551167567154,0.882727208483258,0.0110362525921555,0.876868046871327,0.502542728791225,0.936726267597779,0.939936632139334,0.463353263217774,0.771559300031722,0,0.0674562310801921
14.08,1.10144093722701e-19,0.734490884578585,0.262088589540602,0.00342052588071478,0.883360065561931,0.0110544949743472,0.877500267737009,0.502543804613082,0.937039870928098,0.940256041051104,0.463873397224724,0.77124669940765,0,0.0673977486316995
14.09,1.10144093722701e-19,0.733896952808588,0.2626775208686,0.00342552632271324,0.883990768183048,0.0110727248464063,0.878130359654602,0.502544869767639,0.937352416665895,0.940574378959583,0.464392868487007,0.770934020327557,0,0.0673390098859423
14.1,1.10144093722701e-19,0.733303121442311,0.263266365604782,0.00343051295280898,0.884619317000081,0.0110909421325504,0.878758323246521,0.502545924274051,0.937663905146807,0.940891646126125,0.464911675344986,0.770621265037449,0,0.0672800152113704
14.11,1.10144093722701e-19,0.732709394924665,0.263855119353135,0.00343548572210221,0.885245712699553,0.0111091467574484,0.879384159168246,0.502546968151832,0.937974336723023,0.941207842828684,0.465429816145922,0.770308435785545,0,0.0672207649782008
14.12,1.10144093722701e-19,0.732115777697893,0.264443777720353,0.00344044458165487,0.885869956000964,0.0111273386462188,0.880007868108247,0.502548001420855,0.938283711763247,0.941522969361784,0.465947289243978,0.769995534822241,0,0.0671612595584178
14.13,1.10144093722701e-19,0.731522274201496,0.265032336315912,0.00344538948249448,0.886492047656713,0.0111455177244282,0.880629450787904,0.502549024101347,0.938592030652656,0.941837026036478,0.466464093000225,0.769682564400076,0,0.0671014993257728
14.14,1.10144093722701e-19,0.730928888872142,0.265620790752141,0.00345032037561807,0.88711198845203,0.0111636839180893,0.881248907961429,0.502550036213892,0.938899293792856,0.942150013180314,0.466980225782649,0.769369526773699,0,0.0670414846557841
14.15,1.10144093722701e-19,0.7303356261436,0.266209136644305,0.00345523721199637,0.887729779204891,0.0111818371536589,0.881866240415781,0.502551037779421,0.939205501601843,0.942461931137291,0.467495685966158,0.769056424199832,0,0.0669812159257376
14.16,1.10144093722701e-19,0.729742490446648,0.266797369610675,0.00346013994257816,0.888345420765945,0.0111999773580363,0.882481448970592,0.502552028819215,0.939510654513958,0.942772780267831,0.468010471932584,0.768743258937235,0,0.0669206935146858
14.17,1.10144093722701e-19,0.729149486209003,0.267385485272605,0.00346502851829475,0.888958914018434,0.0112181044585608,0.883094534478081,0.502553009354904,0.939814752979844,0.94308256094873,0.468524582070692,0.768430033246673,0,0.0668599178034489
14.18,1.10144093722701e-19,0.728556617855233,0.267973479254604,0.00346990289006473,0.889570259878115,0.01123621838301,0.883705497822965,0.502553979408459,0.940117797466401,0.943391273573127,0.469038014776187,0.768116749390881,0,0.0667988891746139
14.19,1.10144093722701e-19,0.727963889806688,0.268561347184416,0.00347476300879877,0.89017945929318,0.0112543190595971,0.884314339922386,0.50255493900219,0.940419788456745,0.94369891855046,0.469550768451713,0.767803409634527,0,0.0667376080125349
14.2,1.10144093722701e-19,0.727371306481409,0.269149084693088,0.00347960882540473,0.890786513244174,0.0112724064169691,0.884921061725817,0.50255588815875,0.940720726450157,0.944005496306428,0.470062841506868,0.767490016244179,0,0.0666760747033334
14.21,1.10144093722701e-19,0.726778872294062,0.269736687415047,0.00348444029079283,0.891391422743917,0.011290480384204,0.885525664214976,0.502556826901124,0.941020611962043,0.944311007282951,0.470574232358199,0.767176571488267,0,0.066614289634898
14.22,1.10144093722701e-19,0.726186591655847,0.270324150988174,0.00348925735588103,0.891994188837414,0.0113085408908088,0.886128148403745,0.50255775525263,0.941319445523883,0.94461545193813,0.471084939429215,0.766863077637053,0,0.0665522531968841
14.23,1.10144093722701e-19,0.725594468974427,0.270911471053874,0.00349405997160063,0.892594812601783,0.0113265878667164,0.886728515338074,0.502558673236917,0.941617227683187,0.944918830746202,0.471594961150389,0.766549536962591,0,0.0664899657807147
14.24,1.10144093722701e-19,0.725002508653848,0.271498643257152,0.00349884808890192,0.893193295146161,0.0113446212422837,0.887326766095898,0.50255958087796,0.941913959003449,0.945221144197507,0.472104295959162,0.766235951738695,0,0.0664274277795797
14.25,1.10144093722701e-19,0.724410715094456,0.272085663246685,0.00350362165876012,0.893789637611624,0.0113626409482882,0.887922901787043,0.502560478200057,0.942209640064092,0.945522392798436,0.472612942299948,0.765922324240902,0,0.0663646395884363
14.26,1.10144093722701e-19,0.723819092692827,0.272672526674893,0.00350838063218137,0.894383841171104,0.011380646915926,0.888516923553135,0.502561365227826,0.942504271460428,0.945822577071398,0.473120898624143,0.765608656746437,0,0.0663016016040085
14.27,1.10144093722701e-19,0.723227645841681,0.273259229198012,0.00351312496020897,0.894975907029297,0.0113986390768085,0.889108832567511,0.502562241986205,0.942797853803602,0.94612169755477,0.473628163390122,0.765294951534178,0,0.066238314224788
14.28,1.10144093722701e-19,0.722636378929806,0.273845766476166,0.00351785459392971,0.895565836422578,0.0114166173629595,0.889698630035123,0.502563108500443,0.943090387720547,0.94641975480286,0.47413473506325,0.764981210884622,0,0.0661747778510332
14.29,1.10144093722701e-19,0.722045296341985,0.274432134173436,0.0035225694844804,0.896153630618917,0.0114345817068128,0.890286317192446,0.502563964796101,0.943381873853933,0.94671674938586,0.474640612115883,0.764667437079846,0,0.0661109928847698
14.3,1.10144093722701e-19,0.721454402458911,0.275018327957936,0.00352726958305455,0.896739290917786,0.0114525320412085,0.890871895307381,0.502564810899048,0.943672312862114,0.947012681889804,0.475145793027374,0.764353632403476,0,0.0660469597297905
14.31,1.10144093722701e-19,0.720863701657115,0.275604343501878,0.00353195484090913,0.897322818650071,0.0114704682993905,0.891455365679163,0.502565646835455,0.943961705419078,0.947307552916524,0.475650276284075,0.764039799140649,0,0.0659826787916553
14.32,1.10144093722701e-19,0.720273198308884,0.276190176481646,0.00353662520937158,0.897904215177981,0.011488390415003,0.892036729638259,0.502566472631795,0.944250052214395,0.947601363083604,0.476154060379342,0.763725939577979,0,0.0659181504776917
14.33,1.10144093722701e-19,0.719682896782188,0.276775822577867,0.00354128063984693,0.898483481894962,0.0115062983220878,0.892615988546278,0.502567288314838,0.944537353953166,0.947894113024337,0.476657143813541,0.763412056003517,0,0.0658533751969934
14.34,1.10144093722701e-19,0.719092801440599,0.277361277475478,0.00354592108382499,0.899060620225597,0.0115241919550803,0.893193143795863,0.502568093911645,0.94482361135597,0.948185803387679,0.477159525094048,0.763098150706724,0,0.0657883533604222
14.35,1.10144093722701e-19,0.718502916643218,0.277946536863796,0.00355054649288779,0.899635631625523,0.011542071248807,0.893768196810603,0.502568889449571,0.945108825158808,0.948476434838203,0.477661202735256,0.762784225978428,0,0.0657230853806066
14.36,1.10144093722701e-19,0.717913246744595,0.27853159643659,0.00355515681871708,0.90020851758133,0.0115599361384816,0.894341149044921,0.502569674956252,0.945392996113053,0.948766008056053,0.478162175258575,0.76247028411079,0,0.0656575716719422
14.37,1.10144093722701e-19,0.717323796094653,0.279116451892147,0.00355975201310201,0.900779279610472,0.0115777865597018,0.894912001983983,0.502570450459609,0.945676124985391,0.949054523736901,0.478662441192439,0.76215632739727,0,0.0655918126505919
14.38,1.10144093722701e-19,0.716734569038613,0.279701098933342,0.0035643320279469,0.901347919261171,0.0115956224484461,0.895480757143592,0.50257121598784,0.945958212557774,0.949341982591894,0.479161999072308,0.761842358132593,0,0.0655258087344858
14.39,1.10144093722701e-19,0.716145569916916,0.280285533267706,0.00356889681527912,0.901914438112322,0.0116134437410697,0.896047416070084,0.50257197156942,0.946239259627353,0.949628385347612,0.47966084744067,0.761528378612707,0,0.0654595603433208
14.4,1.10144093722701e-19,0.715556803065149,0.280869750607495,0.00357344632725725,0.902478837773397,0.0116312503743014,0.896611980340225,0.50257271723309,0.946519267006435,0.949913732746021,0.480158984847046,0.761214391134754,0,0.0653930678985615
14.41,1.10144093722701e-19,0.714968272813967,0.281453746669756,0.00357798051617911,0.903041119884347,0.0116490422852399,0.897174451561111,0.502573453007862,0.946798235522417,0.95019802554442,0.480656409847992,0.760900397997031,0,0.065326331823439
14.42,1.10144093722701e-19,0.714379983489016,0.282037517176396,0.00358249933449011,0.903601286115508,0.0116668194113501,0.897734831370058,0.502574178923008,0.947076166017735,0.9504812645154,0.4811531210071,0.760586401498953,0,0.0652593525429523
14.43,1.10144093722701e-19,0.713791939410863,0.282621057854247,0.00358700273479164,0.904159338167497,0.0116845816904595,0.898293121434496,0.502574895008059,0.947353059349803,0.950763450446789,0.481649116895006,0.760272403941022,0,0.0651921304838667
14.44,1.10144093722701e-19,0.713204144894915,0.283204364435137,0.00359149066984955,0.904715277771122,0.0117023290607543,0.898849323451867,0.502575601292801,0.94762891639096,0.951044584141609,0.482144396089387,0.759958407624786,0,0.0651246660747153
14.45,1.10144093722701e-19,0.712616604251348,0.283787432655951,0.00359596309260281,0.905269106687273,0.011720061460776,0.899403439149511,0.502576297807269,0.947903738028405,0.95132466641802,0.482638957174966,0.759644414852805,0,0.0650569597457981
14.46,1.10144093722701e-19,0.712029321785027,0.284370258258703,0.00360041995617219,0.905820826706827,0.0117377788294169,0.899955470284563,0.502576984581745,0.948177525164146,0.951603698109279,0.483132798743516,0.759330427928617,0,0.0649890119291822
14.47,1.10144093722701e-19,0.711442301795437,0.284952836990596,0.0036048612138691,0.906370439650546,0.011755481105917,0.90050541864384,0.502577661646754,0.948450278714937,0.951881680063684,0.483625919393859,0.759016449156699,0,0.0649208230587019
14.48,1.10144093722701e-19,0.710855548576605,0.285535164604093,0.00360928681920451,0.906917947368977,0.0117731682298598,0.901053286043735,0.502578329033056,0.948721999612217,0.952158613144524,0.484118317731871,0.758702480842434,0,0.0648523935699588
14.49,1.10144093722701e-19,0.710269066417026,0.286117236856978,0.00361369672589793,0.907463351742348,0.0117908401411683,0.901599074330103,0.502578986771646,0.948992688802053,0.952434498230033,0.484609992370481,0.758388525292071,0,0.0647837239003214
14.5,1.10144093722701e-19,0.709682859599592,0.286699049512424,0.00361809088788659,0.908006654680462,0.011808496780101,0.90214278537815,0.502579634893747,0.949262347245083,0.952709336213334,0.485100941929677,0.758074584812695,0,0.0647148144889255
14.51,1.10144093722701e-19,0.709096932401511,0.287280598339056,0.00362246925933456,0.9085478581226,0.0118261380872484,0.902684421092322,0.502580273430807,0.949530975916445,0.952983128002391,0.485591165036504,0.757760661712186,0,0.0646456657766739
14.52,1.10144093722701e-19,0.708511289094243,0.287861879111017,0.00362683179464204,0.909086964037412,0.0118437640035284,0.903223983406193,0.502580902414496,0.949798575805727,0.953255874519958,0.486080660325071,0.757446758299184,0,0.0645762782062367
14.53,1.10144093722701e-19,0.707925933943417,0.28844288760803,0.00363117844845473,0.909623974422813,0.0118613744701826,0.903761474282348,0.502581521876696,0.950065147916897,0.953527576703524,0.486569426436545,0.757132876883055,0,0.0645066522220511
14.54,1.10144093722701e-19,0.707340871208766,0.289023619615463,0.00363550917567325,0.910158891305877,0.0118789694287722,0.904296895712271,0.502582131849504,0.95033069326825,0.953798235505264,0.487057462019159,0.756819019773853,0,0.0644367882703214
14.55,1.10144093722701e-19,0.706756105144048,0.289604070924392,0.00363982393146265,0.910691716742733,0.0118965488211739,0.904830249716229,0.502582732365221,0.950595212892334,0.954067851891983,0.487544765728211,0.756505189282284,0,0.064366686799019
14.56,1.10144093722701e-19,0.706171639996975,0.290184237331665,0.00364412267126195,0.911222452818453,0.0119141125895757,0.90536153834316,0.502583323456351,0.950858707835899,0.954336426845071,0.488031336226066,0.756191387719671,0,0.0642963482578827
14.57,1.10144093722701e-19,0.705587480009144,0.290764114639964,0.00364840535079381,0.911751101646951,0.0119316606764732,0.905890763670548,0.502583905155597,0.951121179159828,0.954603961360438,0.488517172182155,0.755877617397916,0,0.0642257730984181
14.58,1.10144093722701e-19,0.705003629415958,0.291343698657869,0.00365267192607418,0.912277665370867,0.0119491930246647,0.906417927804315,0.502584477495855,0.951382627939071,0.954870456448472,0.489002272272981,0.755563880629468,0,0.0641549617738982
14.59,1.10144093722701e-19,0.704420092446562,0.291922985199918,0.00365692235342211,0.912802146161468,0.0119667095772479,0.906943032878697,0.502585040510207,0.951643055262588,0.955135913133978,0.489486635182114,0.755250179727282,0,0.0640839147393632
14.6,1.10144093722701e-19,0.703836873323763,0.292501970086669,0.00366115658946948,0.913324546218526,0.011984210277615,0.907466081056129,0.502585594231922,0.951902462233281,0.955400332456127,0.489970259600198,0.754936517004784,0,0.06401263245162
14.61,1.10144093722701e-19,0.703253976263965,0.293080649144766,0.0036653745911709,0.91384486777022,0.0120016950694493,0.907987074527123,0.502586138694446,0.952160849967927,0.955663715468403,0.490453144224945,0.754622894775838,0,0.0639411153692432
14.62,1.10144093722701e-19,0.702671405477093,0.293659018206995,0.00366957631581355,0.914363113073018,0.0120191638967202,0.908506015510151,0.502586673931403,0.952418219597119,0.955926063238542,0.490935287761141,0.754309315354706,0,0.0638693639525742
14.63,1.10144093722701e-19,0.702089165166526,0.294237073112348,0.0036737617210272,0.914879284411564,0.0120366167036795,0.909022906251522,0.502587199976584,0.952674572265198,0.956187376848488,0.491416688920647,0.753995781056014,0,0.0637973786637217
14.64,1.10144093722701e-19,0.701507259529025,0.294814809706083,0.00367793076479406,0.915393384098574,0.0120540534348572,0.909537749025262,0.502587716863945,0.952929909130185,0.956447657394325,0.491897346422395,0.753682294194713,0,0.0637251599665613
14.65,1.10144093722701e-19,0.700925692754659,0.295392223839784,0.00368208340545888,0.915905414474715,0.0120714740350569,0.910050546132993,0.502588224627606,0.953184231363718,0.956706905986232,0.492377258992392,0.753368857086048,0,0.0636527083267362
14.66,1.10144093722701e-19,0.700344469026741,0.295969311371422,0.00368621960173893,0.916415377908498,0.0120888784493524,0.910561299903809,0.50258872330184,0.953437540150986,0.956965123748422,0.492856425363719,0.753055472045518,0,0.0635800242116565
14.67,1.10144093722701e-19,0.699763592521752,0.296546068165416,0.00369033931273403,0.916923276796158,0.0121062666230823,0.911070012694154,0.502589212921071,0.953689836690661,0.957222311819087,0.493334844276531,0.752742141388837,0,0.0635071080904991
14.68,1.10144093722701e-19,0.699183067409275,0.297122490092689,0.00369444249793667,0.917429113561544,0.0121236385018471,0.911576686887699,0.502589693519873,0.953941122194832,0.957478471350343,0.493812514478057,0.752428867431905,0,0.0634339604342086
14.69,1.10144093722701e-19,0.698602897851927,0.297698573030733,0.00369852911724205,0.917932890656005,0.0121409940315039,0.912081324895216,0.502590165132958,0.954191397888938,0.957733603508168,0.494289434722603,0.752115652490766,0,0.0633605817154964
14.7,1.10144093722701e-19,0.698023088005283,0.29827431286366,0.00370259913095818,0.918434610558267,0.012158333158163,0.912583929154456,0.502590627795177,0.9544406650117,0.957987709472355,0.494765603771545,0.751802498881573,0,0.0632869724088413
14.71,1.10144093722701e-19,0.697443642017816,0.29884970548227,0.00370665249981598,0.918934275774326,0.012175655828183,0.913084502130018,0.502591081541513,0.954688924815052,0.958240790436443,0.495241020393338,0.751489408920555,0,0.0632131329904891
14.72,1.10144093722701e-19,0.696864564030821,0.299424746784101,0.0037106891849794,0.919431888837325,0.0121929619881672,0.913583046313233,0.502591526407076,0.954936178564078,0.95849284760767,0.495715683363507,0.751176384923975,0,0.0631390639384529
14.73,1.10144093722701e-19,0.696285858178352,0.299999432673495,0.00371470914805548,0.919927452307439,0.0122102515849593,0.914079564222027,0.5025919624271,0.955182427536937,0.958743882206907,0.496189591464652,0.750863429208096,0,0.0630647657325124
14.74,1.10144093722701e-19,0.69570752858715,0.300573759061647,0.00371871235110449,0.920420968771755,0.0122275245656389,0.914574058400802,0.502592389636936,0.955427673024799,0.958993895468606,0.496662743486445,0.750550544089149,0,0.0629902388542151
14.75,1.10144093722701e-19,0.695129579376579,0.301147721866672,0.00372269875664994,0.920912440844157,0.0122447808775177,0.915066531420301,0.50259280807205,0.955671916331777,0.959242888640739,0.497135138225632,0.750237731883289,0,0.0629154837868754
14.76,1.10144093722701e-19,0.694552014658557,0.301721317013656,0.00372666832768871,0.921401871165202,0.0122620204681351,0.915556985877489,0.502593217768013,0.955915158774851,0.959490862984737,0.497606774486028,0.749924994906565,0,0.0628405010155748
14.77,1.10144093722701e-19,0.693974838537486,0.302294540434714,0.00373062102770107,0.921889262402004,0.0122792432852546,0.916045424395416,0.502593618760505,0.956157401683809,0.959737819775437,0.49807765107852,0.74961233547488,0,0.0627652910271621
14.78,1.10144093722701e-19,0.693398055110192,0.302867388069049,0.00373455682066068,0.922374617248115,0.0122964492768587,0.916531849623094,0.502594011085302,0.956398646401168,0.959983760301018,0.498547766821065,0.749299755903957,0,0.0626898543102528
14.79,1.10144093722701e-19,0.692821668465851,0.303439855863006,0.00373847567104463,0.922857938423397,0.0123136383911461,0.917016264235363,0.502594394778274,0.95663889428211,0.960228685862942,0.499017120538686,0.748987258509301,0,0.0626141913552304
14.8,1.10144093722701e-19,0.692245682685929,0.304011939770129,0.00374237754384332,0.923339228673912,0.0123308105765263,0.917498670932763,0.502594769875383,0.956878146694411,0.960472597775899,0.499485711063479,0.748674845606162,0,0.0625383026542443
14.81,1.10144093722701e-19,0.691670101844112,0.304583635751219,0.00374626240457049,0.923818490771786,0.0123479657816168,0.917979072441406,0.502595136412674,0.957116405018369,0.96071549736774,0.4999535372346,0.748362519509503,0,0.0624621887012126
14.82,1.10144093722701e-19,0.691094930006243,0.305154939774386,0.003750130219273,0.924295727515101,0.0123651039552381,0.918457471512837,0.502595494426274,0.957353670646733,0.960957385979422,0.500420597898274,0.748050282533957,0,0.0623858499918191
14.83,1.10144093722701e-19,0.690520171230254,0.305725847815107,0.00375398095454073,0.924770941727763,0.0123822250464104,0.918933870923914,0.502595843952385,0.957589944984638,0.961198264964948,0.500886891907789,0.747738136993797,0,0.0623092870235158
14.84,1.10144093722701e-19,0.689945829566106,0.30629635585628,0.00375781457751634,0.925244136259379,0.012399329004349,0.919408273476666,0.50259618502728,0.957825229449526,0.961438135691301,0.501352418123495,0.747426085202894,0,0.062232500295521
14.85,1.10144093722701e-19,0.689371909055719,0.306866459888278,0.00376163105590499,0.925715313985138,0.0124164157784612,0.919880681998165,0.502596517687299,0.958059525471081,0.961676999538388,0.501817175412801,0.747114129474686,0,0.0621554903088208
14.86,1.10144093722701e-19,0.688798413732912,0.307436155909006,0.00376543035798405,0.926184477805682,0.0124334853183414,0.920351099340393,0.502596841968844,0.958292834491155,0.961914857898978,0.502281162650177,0.746802272122137,0,0.062078257566168
14.87,1.10144093722701e-19,0.688225347623335,0.308005439923954,0.00376921245261269,0.926651630646981,0.0124505375737682,0.920819528380109,0.502597157908372,0.958525157963699,0.96215171217864,0.502744378717149,0.746490515457704,0,0.062000802572083
14.88,1.10144093722701e-19,0.687652714744409,0.308574307946251,0.00377297730924141,0.927116775460212,0.0124675724946998,0.921285972018715,0.502597465542396,0.958756497354687,0.962387563795679,0.503206822502296,0.746178861793298,0,0.0619231258328531
14.89,1.10144093722701e-19,0.687080519105264,0.309142755996717,0.00377672489792155,0.927579915221628,0.0124845900312708,0.921750433182119,0.502597764907476,0.95898685414205,0.962622414181079,0.503668492901255,0.745867313440252,0,0.0618452278565325
14.9,1.10144093722701e-19,0.686508764706668,0.309710780103919,0.00378045518931465,0.928041052932434,0.0125015901337877,0.922212914820607,0.502598056040214,0.959216229815597,0.962856264778437,0.504129388816709,0.745555872709277,0,0.0617671091529428
14.91,1.10144093722701e-19,0.685937455540976,0.310278376304224,0.00378416815470181,0.928500191618659,0.0125185727527262,0.922673419908701,0.502598338977254,0.959444625876951,0.963089117043903,0.504589509158392,0.745244541910434,0,0.0616887702336729
14.92,1.10144093722701e-19,0.685366595592059,0.31084554064185,0.00378786376599287,0.92895733433103,0.0125355378387266,0.92313195144503,0.502598613755271,0.95967204383947,0.963320972446114,0.505048852843086,0.744933323353092,0,0.0616102116120786
14.93,1.10144093722701e-19,0.684796188835245,0.311412269168921,0.00379154199573564,0.929412484144841,0.0125524853425905,0.923588512452191,0.502598880410974,0.959898485228178,0.963551832466136,0.505507418794615,0.744622219345895,0,0.0615314338032828
14.94,1.10144093722701e-19,0.684226239237259,0.311978557945518,0.00379520281712487,0.92986564415983,0.0125694152152773,0.92404310597661,0.502599138981096,0.960123951579693,0.963781698597398,0.505965205943845,0.744311232196722,0,0.0614524373241759
14.95,1.10144093722701e-19,0.683656750756159,0.312544403039732,0.00379884620401129,0.930316817500044,0.0125863274079006,0.924495735088413,0.502599389502392,0.960348444442152,0.964010572345628,0.506422213228681,0.744000364212656,0,0.0613732226934152
14.96,1.10144093722701e-19,0.683087727341276,0.313109800527715,0.00380247213091041,0.930766007313714,0.0126032218717245,0.924946402881285,0.502599632011633,0.960571965375138,0.964238455228792,0.506878439594067,0.743689617699941,0,0.061293790431425
14.97,1.10144093722701e-19,0.682519172933159,0.313674746493731,0.00380608057301133,0.931213216773122,0.0126200985581606,0.925395112472332,0.502599866545604,0.960794515949611,0.964465348777029,0.507333883991978,0.743378994963951,0,0.0612141410603969
14.98,1.10144093722701e-19,0.681951091463504,0.314239237030212,0.00380967150618536,0.931658449074475,0.0126369574187638,0.925841867001945,0.502600093141098,0.961016097747831,0.964691254532585,0.507788545381422,0.743068498309153,0,0.0611342751042897
14.99,1.10144093722701e-19,0.681383486855106,0.314803268237801,0.00381324490699457,0.932101707437769,0.0126537984052298,0.926286669633664,0.502600311834912,0.961236712363286,0.964916174049753,0.508242422728433,0.742758130039068,0,0.0610541930888294
15,1.10144093722701e-19,0.680816363021789,0.315366836225412,0.00381680075270023,0.932542995106663,0.0126706214693912,0.926729523554038,0.502600522663846,0.96145636140062,0.965140108894805,0.508695515006073,0.742447892456236,0,0.0609738955415089
15.01,1.10144093722701e-19,0.680249723868357,0.315929937110274,0.0038203390212711,0.932982315348342,0.0126874265632146,0.927170431972485,0.502600725664692,0.961675046475558,0.965363060645932,0.509147821194424,0.742137787862181,0,0.0608933829915883
15.02,1.10144093722701e-19,0.679683573290527,0.316492567017983,0.00382385969139164,0.933419671453393,0.0127042136387972,0.927609398121158,0.502600920874235,0.961892769214834,0.965585030893173,0.509599340280587,0.741827818557373,0,0.0608126559700951
15.03,1.10144093722701e-19,0.679117915174877,0.317054722082555,0.00382736274247002,0.933855066735661,0.0127209826483635,0.928046425254803,0.50260110832925,0.962109531256118,0.965806021238353,0.510050071258678,0.741517986841194,0,0.060731715009824
15.04,1.10144093722701e-19,0.678552753398784,0.317616398446472,0.00383084815464611,0.934288504532127,0.0127377335442626,0.92848151665062,0.502601288066493,0.962325334247938,0.966026033295021,0.510500013129828,0.741208295011898,0,0.0606505606453359
15.05,1.10144093722701e-19,0.677988091830369,0.318177592260734,0.00383431590879926,0.934719988202771,0.012754466278965,0.928914675608123,0.502601460122701,0.962540179849613,0.966245068688378,0.510949164902174,0.740898745366579,0,0.0605691934129604
15.06,1.10144093722701e-19,0.677423934328438,0.318738299684908,0.00383776598655591,0.935149521130434,0.0127711808050593,0.929345905449003,0.502601624534588,0.962754069731174,0.966463129055218,0.51139752559086,0.74058934020113,0,0.060487613850793
15.07,1.10144093722701e-19,0.676860284742429,0.319298516887176,0.00384119837029717,0.935577106720691,0.01278787707525,0.929775209516987,0.502601781338838,0.962967005573296,0.966680216043857,0.511845094218031,0.740280081810212,0,0.0604058224986968
15.08,1.10144093722701e-19,0.676297146912348,0.319858240044387,0.00384461304316618,0.936002748401713,0.0128045550423537,0.930202591177694,0.502601930572104,0.963178989067215,0.966896331314069,0.51229186981283,0.739970972487215,0,0.0603238198983019
15.09,1.10144093722701e-19,0.675734524668724,0.320417465342102,0.0038480099890753,0.936426449624128,0.0128212146592973,0.930628053818501,0.502602072271004,0.963390021914664,0.967111476537023,0.512737851411394,0.73966201452422,0,0.0602416065930061
15.1,1.10144093722701e-19,0.675172421832543,0.320976188974645,0.00385138919271325,0.936848213860897,0.0128378558791144,0.931051600848398,0.502602206472116,0.963600105827793,0.967325653395209,0.513183038056853,0.739353210211966,0,0.0601591831279733
15.11,1.10144093722701e-19,0.6746108422152,0.32153440714515,0.00385475063955196,0.937268044607165,0.0128544786549433,0.931473235697848,0.502602333211975,0.963809242529099,0.96753886358238,0.513627428799318,0.739044561839813,0,0.0600765500501355
15.12,1.10144093722701e-19,0.674049789618439,0.322092116065609,0.0038580943158534,0.937685945380135,0.0128710829400238,0.931892961818645,0.502602452527069,0.964017433751347,0.967751108803478,0.514071022695888,0.738736071695706,0,0.0599937079081915
15.13,1.10144093722701e-19,0.673489267834304,0.322649311956921,0.00386142020867614,0.938101919718925,0.0128876686876951,0.932310782683777,0.502602564453838,0.964224681237501,0.967962390774572,0.514513818810637,0.738427742066138,0,0.059910657252607
15.14,1.10144093722701e-19,0.672929280645081,0.323205991048939,0.00386472830588181,0.938515971184437,0.0129042358513935,0.932726701787277,0.502602669028665,0.964430986740648,0.968172711222788,0.514955816214614,0.738119575236113,0,0.0598273986356154
15.15,1.10144093722701e-19,0.672369831823245,0.323762149580515,0.00386801859614137,0.938928103359215,0.0129207843846491,0.93314072264409,0.502602766287878,0.964636352023925,0.968382071886246,0.515397013985839,0.737811573489113,0,0.0597439326112167
15.16,1.10144093722701e-19,0.671810925131409,0.324317783799552,0.00387129106894122,0.939338319847311,0.0129373142410845,0.933552848789923,0.502602856267744,0.964840778860442,0.968590474513984,0.515837411209296,0.737503739107058,0,0.0596602597351782
15.17,1.10144093722701e-19,0.671252564322267,0.324872889963045,0.00387454571458912,0.939746624274142,0.0129538253744119,0.933963083781109,0.502602939004465,0.965044269033211,0.9687979208659,0.51627700697693,0.737196074370274,0,0.0595763805650349
15.18,1.10144093722701e-19,0.670694753138549,0.325427464337133,0.00387778252421994,0.940153020286359,0.0129703177384312,0.934371431194464,0.502603014534178,0.965246824335073,0.969004412712677,0.516715800387643,0.736888581557454,0,0.0594922956600879
15.19,1.10144093722701e-19,0.670137495312959,0.325981503197142,0.00388100148980127,0.940557511551703,0.0129867912870276,0.934777894627138,0.502603082892947,0.965448446568619,0.969209951835719,0.517153790547291,0.736581262945623,0,0.0594080055814062
15.2,1.10144093722701e-19,0.669580794568131,0.326535002827632,0.00388420260413878,0.940960101758867,0.0130032459741699,0.935182477696482,0.502603144116764,0.965649137546122,0.969414540027081,0.517590976568673,0.736274120810101,0,0.0593235108918259
15.21,1.10144093722701e-19,0.669024654616577,0.327087959522443,0.00388738586088145,0.94136079461736,0.0130196817539082,0.9355851840399,0.502603198241545,0.96584889908946,0.969618179089402,0.518027357571533,0.73596715742447,0,0.0592388121559502
15.22,1.10144093722701e-19,0.668469079160633,0.327640369584742,0.0038905512545266,0.941759593857364,0.013036098580372,0.935986017314708,0.502603245303124,0.966047733030042,0.969820870835833,0.518462932682555,0.735660375060533,0,0.0591539099401488
15.23,1.10144093722701e-19,0.667914071892411,0.328192229327066,0.00389369878042471,0.942156503229593,0.0130524964077687,0.936384981197987,0.502603285337254,0.966245641208732,0.970022617089975,0.518897701035351,0.735353775988284,0,0.0590688048125597
15.24,1.10144093722701e-19,0.667359636493749,0.328743535071369,0.00389682843478409,0.942551526505156,0.0130688751903815,0.936782079386447,0.502603318379602,0.966442625475782,0.970223419685802,0.519331661770463,0.735047362475867,0,0.0589834973430872
15.25,1.10144093722701e-19,0.666805776636159,0.329294283149068,0.00389994021467531,0.942944667475418,0.0130852348825679,0.937177315596278,0.502603344465747,0.966638687690753,0.9704232804676,0.519764814035358,0.734741136789543,0,0.058897988103403
15.26,1.10144093722701e-19,0.666252495980782,0.329844469901085,0.00390303411803547,0.943335929951853,0.0131015754387579,0.937570693563009,0.502603363631176,0.966833829722438,0.97062220128989,0.520197156984418,0.734435101193652,0,0.0588122776669458
15.27,1.10144093722701e-19,0.665699798178337,0.330394091677893,0.00390611014367225,0.943725317765909,0.0131178968134527,0.937962217041366,0.502603375911283,0.967028053448798,0.970820184017365,0.520628689778937,0.734129257950579,0,0.0587263666089218
15.28,1.10144093722701e-19,0.665147686869071,0.330943144839563,0.00390916829126777,0.94411283476886,0.013134198961223,0.938351889805123,0.502603381341364,0.967221360756879,0.971017230524816,0.521059411587117,0.733823609320719,0,0.058640255506304
15.29,1.10144093722701e-19,0.664596165682715,0.331491625755804,0.00391220856138225,0.944498484831674,0.0131504818367079,0.938739715646967,0.502603379956617,0.967413753542744,0.971213342697067,0.521489321584063,0.733518157562438,0,0.0585539449378326
15.3,1.10144093722701e-19,0.664045238238434,0.332039530806011,0.00391523095545746,0.94488227184486,0.0131667453946131,0.939125698378348,0.502603371792138,0.967605233711397,0.971408522428901,0.521918418951776,0.733212904932039,0,0.0584674354840152
15.31,1.10144093722701e-19,0.66349490814478,0.332586856379302,0.00391823547581994,0.945264199718334,0.0131829895897104,0.939509841829337,0.50260335688292,0.967795803176709,0.97160277162499,0.522346702879145,0.732907853683726,0,0.0583807277271263
15.32,1.10144093722701e-19,0.662945178999646,0.333133598874572,0.00392122212568408,0.945644272381272,0.013199214376836,0.93989214984848,0.502603335263849,0.967985463861349,0.971796092199832,0.522774172561948,0.73260300606957,0,0.0582938222512074
15.33,1.10144093722701e-19,0.662396054390219,0.333679754700528,0.00392419090915491,0.94602249378197,0.0132154197108894,0.940272626302661,0.502603306969701,0.968174217696704,0.971988486077669,0.52320082720284,0.73229836433947,0,0.0582067196420678
15.34,1.10144093722701e-19,0.661847537892937,0.334225320275734,0.00392714183123074,0.946398867887697,0.0132316055468328,0.94065127507695,0.502603272035142,0.968362066622811,0.972179955192426,0.523626666011352,0.73199393074112,0,0.0581194204872832
15.35,1.10144093722701e-19,0.661299633073439,0.334770292028658,0.00393007489780552,0.946773398684557,0.0132477718396899,0.941028100074465,0.502603230494727,0.968549012588281,0.972370501487639,0.524051688203881,0.731689707519972,0,0.0580319253761967
15.36,1.10144093722701e-19,0.660752343486524,0.335314666397707,0.00393299011567107,0.947146090177339,0.013263918544545,0.941403105216224,0.502603182382892,0.968735057550228,0.97256012691638,0.524475893003689,0.7313856969192,0,0.0579442348999188
15.37,1.10144093722701e-19,0.660205672676104,0.335858439831279,0.00393588749251904,0.94751694638938,0.0132800456165427,0.941776294441003,0.502603127733959,0.968920203474193,0.972748833441192,0.52489927964089,0.731081901179666,0,0.0578563496513267
15.38,1.10144093722701e-19,0.659659624175162,0.336401608787797,0.00393876703694264,0.947885971362416,0.0132961530108865,0.942147671705192,0.50260306658213,0.969104452334076,0.972936623034011,0.525321847352453,0.730778322539883,0,0.0577682702250653
15.39,1.10144093722701e-19,0.659114201505707,0.336944169735757,0.0039416287584382,0.948253169156438,0.0133122406828389,0.942517240982651,0.502602998961485,0.969287806112057,0.973123497676104,0.525743595382189,0.730474963235982,0,0.057679997217546
15.4,1.10144093722701e-19,0.658569408178731,0.337486119153766,0.00394447266740646,0.948618543849551,0.0133283085877205,0.942885006264565,0.502602924905983,0.96947026679853,0.973309459357991,0.526164522980748,0.730171825501671,0,0.0575915312269479
15.41,1.10144093722701e-19,0.658025247694164,0.338027453530585,0.0039472987751537,0.948982099537825,0.0133443566809094,0.943250971559299,0.502602844449458,0.969651836392024,0.973494510079374,0.52658462940561,0.729868911568205,0,0.0575028728532168
15.42,1.10144093722701e-19,0.657481723540838,0.338568169365173,0.00395010709389253,0.949343840335151,0.0133603849178414,0.94361514089226,0.502602757625617,0.969832516899135,0.973678651849071,0.527003913921082,0.72956622366435,0,0.0574140226980661
15.43,1.10144093722701e-19,0.656938839196436,0.339108263166724,0.00395289763674264,0.949703770373098,0.0133763932540093,0.943977518305743,0.502602664468043,0.970012310334451,0.973861886684937,0.527422375798292,0.729263764016344,0,0.0573249813649759
15.44,1.10144093722701e-19,0.65639659812746,0.339647731454712,0.00395567041773117,0.950061893800766,0.0133923816449627,0.944338107858794,0.502602565010185,0.970191218720483,0.974044216613799,0.527840014315178,0.728961534847864,0,0.0572357494591941
15.45,1.10144093722701e-19,0.65585500378918,0.34018657075893,0.0039584254517929,0.950418214784639,0.0134083500463081,0.944696913627066,0.502602459285364,0.970369244087588,0.974225643671381,0.528256828756486,0.72865953837999,0,0.0571463275877347
15.46,1.10144093722701e-19,0.655314059625603,0.34072477761953,0.00396116275477024,0.950772737508441,0.0134242984137085,0.945053939702671,0.50260234732677,0.970546388473902,0.974406169902231,0.528672818413763,0.728357776831173,0,0.0570567163593797
15.47,1.10144093722701e-19,0.654773769069425,0.341262348587065,0.00396388234341297,0.95112546617299,0.0134402267028841,0.945409190194038,0.502602229167461,0.970722653925264,0.974585797359653,0.529087982585347,0.728056252417193,0,0.0569669163846782
15.48,1.10144093722701e-19,0.654234135541995,0.34179928022253,0.00396658423537777,0.951476404996049,0.0134561348696115,0.94576266922577,0.502602104840356,0.970898042495147,0.974764528105631,0.529502320576364,0.727754967351131,0,0.056876928275946
15.49,1.10144093722701e-19,0.653695162453275,0.342335569097401,0.00396926844922752,0.951825558212185,0.0134720228697247,0.946114380938499,0.502601974378243,0.971072556244587,0.974942364210759,0.529915831698722,0.727453923843326,0,0.0567867526472665
15.5,1.10144093722701e-19,0.6531568532018,0.342871211793672,0.00397193500443034,0.952172930072615,0.013487890659115,0.946464329488741,0.502601837813774,0.971246197242107,0.975119307754166,0.530328515271097,0.72715312410135,0,0.0566963901144896
15.51,1.10144093722701e-19,0.652619211174641,0.343406204903903,0.00397458392135847,0.952518524845066,0.0135037381937314,0.946812519048756,0.502601695179461,0.97141896756365,0.975295360823449,0.530740370618938,0.726852570329962,0,0.0566058412952333
15.52,1.10144093722701e-19,0.652082239747366,0.34394054503125,0.00397721522128685,0.952862346813623,0.0135195654295808,0.947158953806398,0.502601546507679,0.971590869292507,0.975470525514595,0.531151397074448,0.726552264731081,0,0.056515106808882
15.53,1.10144093722701e-19,0.651545942284,0.344474228789512,0.00397982892639151,0.953204400278587,0.0135353723227292,0.947503637964977,0.502601391830666,0.971761904519244,0.975644803931911,0.531561593976585,0.726252209503745,0,0.0564241872765874
15.54,1.10144093722701e-19,0.651010322136993,0.345007252803163,0.00398242505974777,0.953544689556322,0.0135511588293013,0.947846575743112,0.502601231180518,0.971932075341634,0.97581819818795,0.531970960671054,0.725952406844082,0,0.0563330833212686
15.55,1.10144093722701e-19,0.650475382647177,0.345539613707398,0.0039850036453281,0.95388321897911,0.0135669249054822,0.948187771374589,0.502601064589191,0.972101383864582,0.975990710403441,0.532379496510296,0.72565285894527,0,0.0562417955676115
15.56,1.10144093722701e-19,0.649941127143735,0.346071308148168,0.0039875647079999,0.954219992895005,0.0135826705075174,0.948527229108216,0.502600892088502,0.97226983220006,0.976162342707212,0.532787200853483,0.725353567997504,0,0.0561503246420693
15.57,1.10144093722701e-19,0.64940755894416,0.34660233278222,0.00399010827352291,0.954555015667684,0.0135983955917136,0.94886495320768,0.502600713710125,0.97243742246703,0.97633309723612,0.533194073066515,0.725054536187962,0,0.0560586711728626
15.58,1.10144093722701e-19,0.648874681354224,0.347132684277133,0.00399263436854651,0.954888291676298,0.0136141001144403,0.949200947951404,0.502600529485593,0.972604156791381,0.97650297613498,0.533600112522005,0.724755765700766,0,0.0559668357899786
15.59,1.10144093722701e-19,0.648342497667937,0.347662359311359,0.00399514302060675,0.955219825315324,0.0136297840321299,0.949535217632404,0.502600339446297,0.972770037305851,0.976671981556483,0.534005318599277,0.724457258716955,0,0.0558748191251722
15.6,1.10144093722701e-19,0.64781101116752,0.34819135457426,0.00399763425812308,0.95554962099442,0.0136454473012795,0.949867766558145,0.502600143623486,0.972935066149963,0.976840115661133,0.534409690684358,0.724159017414441,0,0.0557826218119649
15.61,1.10144093722701e-19,0.647280225123363,0.348719666766145,0.00400010811039505,0.955877683138272,0.0136610898784512,0.950198599050398,0.502599942048266,0.973099245469953,0.97700738061717,0.534813228169969,0.723861043967982,0,0.0556902444856458
15.62,1.10144093722701e-19,0.646750142793995,0.349247292598309,0.00400256460759853,0.95620401618645,0.0136767117202742,0.950527719445094,0.502599734751601,0.973262577418699,0.977173778600493,0.535215930455518,0.723563340549142,0,0.0555976877832713
15.63,1.10144093722701e-19,0.646220767426051,0.34977422879307,0.00400500378078194,0.956528624593256,0.0136923127834452,0.950855132092188,0.502599521764312,0.973425064155655,0.977339311794593,0.535617796947096,0.723265909326258,0,0.0555049523436641
15.64,1.10144093722701e-19,0.645692102254235,0.350300472083806,0.00400742566186211,0.956851512827577,0.0137078930247305,0.95118084135551,0.502599303117077,0.973586707846775,0.977503982390474,0.536018827057463,0.722968752464408,0,0.0554120388074147
15.65,1.10144093722701e-19,0.645164150501292,0.350826019214991,0.00400983028362,0.957172685372737,0.0137234524009666,0.951504851612623,0.502599078840433,0.973747510664453,0.977667792586581,0.536419020206043,0.722671872125371,0,0.0553189478168809
15.66,1.10144093722701e-19,0.644636915377972,0.351350866942235,0.00401221767969612,0.957492146726346,0.0137389908690625,0.951827167254683,0.502598848964773,0.973907474787445,0.977830744588729,0.536818375818922,0.722375270467597,0,0.0552256800161873
15.67,1.10144093722701e-19,0.644110400083001,0.351875012032317,0.00401458788458583,0.957809901400153,0.0137545083860006,0.952147792686296,0.50259861352035,0.974066602400806,0.977992840610026,0.537216893328831,0.722078949646172,0,0.0551322360512254
15.68,1.10144093722701e-19,0.643584607803046,0.352398451263223,0.00401694093363435,0.958125953919896,0.0137700049088386,0.95246673232537,0.502598372537273,0.97422489569582,0.9781540828708,0.537614572175144,0.721782911812782,0,0.0550386165696544
15.69,1.10144093722701e-19,0.643059541712687,0.352921181424184,0.00401927686303159,0.958440308825152,0.0137854803947112,0.952783990602983,0.502598126045513,0.974382356869927,0.978314473598525,0.538011411803867,0.721487159115676,0,0.0549448222209005
15.7,1.10144093722701e-19,0.642535204974386,0.35344319931571,0.00402159570980672,0.958752970669191,0.0138009348008316,0.953099571963229,0.502597874074897,0.974538988126663,0.978474015027751,0.538407411667637,0.721191693699641,0,0.0548508536561568
15.71,1.10144093722701e-19,0.642011600738454,0.353964501749626,0.0040238975118226,0.959063944018824,0.0138163680844938,0.953413480863087,0.502597616655113,0.974694791675583,0.978632709400021,0.538802571225704,0.720896517705954,0,0.0547567115283836
15.72,1.10144093722701e-19,0.641488732143025,0.354485085549108,0.00402618230776995,0.959373233454254,0.0138317802030738,0.95372572177227,0.502597353815711,0.974849769732201,0.978790558963809,0.539196889943929,0.720601633272361,0,0.0546623964923085
15.73,1.10144093722701e-19,0.640966602314023,0.355004947548719,0.00402845013716129,0.959680843568925,0.0138471711140323,0.954036299173088,0.502597085586099,0.975003924517915,0.978947565974433,0.539590367294776,0.720307042533036,0,0.0545679092044266
15.74,1.10144093722701e-19,0.640445214365134,0.355524084594445,0.00403070104032475,0.959986778969379,0.0138625407749158,0.954345217560306,0.502596811995548,0.975157258259942,0.979103732693993,0.539983002757304,0.720012747618544,0,0.0544732503229992
15.75,1.10144093722701e-19,0.639924571397779,0.356042493543726,0.00403293505839758,0.960291044275098,0.0138778891433598,0.954652481441002,0.502596533073195,0.975309773191254,0.979259061391287,0.540374795817157,0.719718750655814,0,0.0543784205080554
15.76,1.10144093722701e-19,0.639404676501085,0.356560171265499,0.00403515223331954,0.96059364411836,0.0138932161770898,0.954958095334424,0.502596248848036,0.975461471550504,0.979413554341744,0.540765745966554,0.719425053768102,0,0.0542834204213915
15.77,1.10144093722701e-19,0.638885532751854,0.357077114640223,0.00403735260782603,0.960894583144088,0.0139085218339243,0.955262063771851,0.502595959348933,0.975612355581964,0.979567213827346,0.541155852704288,0.719131659074953,0,0.0541882507265707
15.78,1.10144093722701e-19,0.63836714321454,0.357593320559922,0.00403953622544103,0.961193866009701,0.0139238060717766,0.95556439129645,0.502595664604614,0.975762427535456,0.979720042136552,0.541545115535712,0.718838568692173,0,0.0540929120889233
15.79,1.10144093722701e-19,0.63784951094122,0.358108785928214,0.00404170313046989,0.96149149738496,0.0139390688486575,0.955865082463137,0.502595364643675,0.975911689666285,0.97987204156423,0.54193353397273,0.718545784731793,0,0.053997405175547
15.8,1.10144093722701e-19,0.637332638971565,0.358623507660346,0.00404385336799186,0.961787481951826,0.0139543101226771,0.956164141838435,0.502595059494577,0.976060144235173,0.980023214411576,0.542321107533792,0.718253309302033,0,0.0539017306553068
15.81,1.10144093722701e-19,0.636816530332819,0.359137482683231,0.00404598698385245,0.962081824404304,0.0139695298520478,0.956461574000333,0.502594749185653,0.976207793508192,0.980173562986044,0.542707835743886,0.717961144507269,0,0.0538058891988338
15.82,1.10144093722701e-19,0.636301188039768,0.359650707935479,0.00404810402465563,0.962374529448296,0.0139847279950865,0.956757383538145,0.502594433745103,0.976354639756696,0.980323089601269,0.543093718134526,0.717669292448002,0,0.0537098814785276
15.83,1.10144093722701e-19,0.635786615094716,0.360163180367432,0.00405020453775581,0.962665601801451,0.0139999045102171,0.957051575052373,0.502594113201001,0.97650068525726,0.980471796576993,0.543478754243746,0.717377755220822,0,0.0536137081685541
15.84,1.10144093722701e-19,0.635272814487461,0.360674896941193,0.00405228857124962,0.962955046193013,0.0140150593559732,0.957344153154562,0.502593787581295,0.976645932291608,0.980619686238991,0.543862943616092,0.717086534918373,0,0.0535173699448469
15.85,1.10144093722701e-19,0.634759789195268,0.361185854630668,0.00405435617396757,0.963242867363675,0.0140301924910007,0.957635122467164,0.502593456913805,0.97679038314655,0.980766760918999,0.544246285802612,0.716795633629322,0,0.053420867485106
15.86,1.10144093722701e-19,0.634247542182848,0.36169605042159,0.00405640739546542,0.963529070065429,0.0140453038740604,0.957924487623397,0.502593121226228,0.976934040113917,0.980913022954634,0.544628780360848,0.716505053438323,0,0.0533242014687992
15.87,1.10144093722701e-19,0.63373607640233,0.362205481311557,0.00405844228601554,0.96381365906141,0.0140603934640311,0.958212253267101,0.50259278054614,0.977076905490495,0.981058474689323,0.545010426854828,0.716214796425987,0,0.0532273725771613
15.88,1.10144093722701e-19,0.633225394793241,0.362714144310064,0.0040604608965979,0.964096639125754,0.0140754612199116,0.958498424052608,0.502592434900995,0.977218981577957,0.981203118472228,0.545391224855055,0.715924864668844,0,0.0531303814931941
15.89,1.10144093722701e-19,0.632715500282479,0.363222036438534,0.00406246327889106,0.964378015043445,0.0140905071008245,0.958783004644591,0.502592084318128,0.977360270682802,0.981346956658172,0.545771173938502,0.715635260239313,0,0.0530332289016666
15.9,1.10144093722701e-19,0.632206395784291,0.363729154730349,0.00406444948526287,0.964657791610166,0.0141055310660183,0.959065999717936,0.502591728824758,0.977500775116288,0.981489991607563,0.546150273688602,0.715345985205666,0,0.0529359154891151
15.91,1.10144093722701e-19,0.631698084200255,0.364235496230887,0.00406641956876106,0.964935973632147,0.0141205330748709,0.959347413957593,0.502591368447987,0.977640497194368,0.98163222568632,0.546528523695237,0.715057041631998,0,0.0528384419438429
15.92,1.10144093722701e-19,0.631190568419252,0.364741057997548,0.0040683735831037,0.965212565926018,0.014135513086892,0.959627252058447,0.502591003214805,0.977779439237624,0.981773661265799,0.546905923554732,0.71476843157819,0,0.0527408089559202
15.93,1.10144093722701e-19,0.630683851317444,0.36524583709979,0.0040703115826694,0.96548757331866,0.0141504710617266,0.95990551872517,0.502590633152089,0.977917603571202,0.981914300722717,0.547282472869846,0.714480157099878,0,0.0526430172171849
15.94,1.10144093722701e-19,0.630177935758259,0.365749830619157,0.00407223362248745,0.965761000647052,0.0141654069591578,0.960182218672087,0.502590258286608,0.978054992524752,0.982054146439079,0.54765817124976,0.71419222024842,0,0.0525450674212416
15.95,1.10144093722701e-19,0.629672824592363,0.366253035649312,0.00407413975822777,0.966032852758124,0.01418032073911,0.960457356623041,0.502589878645022,0.978191608432358,0.982193200802102,0.548033018310074,0.713904623070862,0,0.0524469602634622
15.96,1.10144093722701e-19,0.629168520657643,0.36675544929607,0.0040760300461907,0.966303134508609,0.0141952123616517,0.960730937311248,0.502589494253886,0.978327453632481,0.982331466204142,0.548407013672791,0.713617367609905,0,0.0523486964409857
15.97,1.10144093722701e-19,0.628665026779183,0.367257068677424,0.00407790454329668,0.966571850764889,0.0142100817869991,0.961002965479164,0.502589105139651,0.978462530467885,0.982468945042617,0.548780156966314,0.713330455903873,0,0.0522502766527187
15.98,1.10144093722701e-19,0.628162345769249,0.367757890923578,0.00407976330707573,0.966839006402849,0.0142249289755191,0.961273445878344,0.502588711328668,0.978596841285586,0.982605639719936,0.549152447825435,0.713043889986678,0,0.052151701599334
15.99,1.10144093722701e-19,0.627660480427267,0.36825791317698,0.00408160639565686,0.967104606307729,0.0142397538877325,0.961542383269309,0.502588312847189,0.978730388436778,0.98274155264342,0.549523885891323,0.712757671887788,0,0.0520529719832722
16,1.10144093722701e-19,0.6271594335398,0.368757132592346,0.00408343386775728,0.96736865537397,0.0142545564843172,0.961809782421403,0.502587909721368,0.978863174276775,0.982876686225231,0.549894470811522,0.712471803632197,0,0.0519540885087412
16.01,1.10144093722701e-19,0.626659207880534,0.369255546336698,0.00408524578267154,0.967631158505069,0.0142693367261117,0.96207564811266,0.502587501977264,0.978995201164946,0.983011042882295,0.550264202239935,0.712186287240388,0,0.0518550518817156
16.02,1.10144093722701e-19,0.626159806210257,0.369753151589385,0.00408704220026049,0.96789212061343,0.0142840945741181,0.962339985129666,0.502587089640847,0.979126471464654,0.983144625036232,0.550633079836818,0.711901124728301,0,0.0517558628099372
16.03,1.10144093722701e-19,0.625661231276843,0.37024994554212,0.00408882318094014,0.968151546620212,0.0142988299895057,0.96260279826742,0.502586672737993,0.979256987543192,0.983277435113273,0.551001103268772,0.711616318107305,0,0.0516565220029152
16.04,1.10144093722701e-19,0.625163485815228,0.370745925399005,0.00409058878567039,0.968409441455182,0.0143135429336143,0.962864092329202,0.502586251294495,0.979386751771718,0.983409475544195,0.55136827220873,0.711331869384157,0,0.051557030171926
16.05,1.10144093722701e-19,0.6246665725474,0.37124108837656,0.00409233907594368,0.968665810056567,0.0143282333679577,0.96312387212643,0.502585825336058,0.979515766525195,0.983540748764241,0.551734586335953,0.711047780560979,0,0.0514573880300125
16.06,1.10144093722701e-19,0.624170494182374,0.371735431703756,0.00409407411377346,0.968920657370903,0.0143429012542267,0.963382142478532,0.502585394888306,0.979644034182331,0.983671257213045,0.552100045336018,0.710764053635218,0,0.0513575962919856
16.07,1.10144093722701e-19,0.623675253416183,0.372228952622038,0.00409579396168259,0.969173988352889,0.014357546554293,0.963638908212802,0.502584959976782,0.979771557125511,0.983801003334561,0.552464648900807,0.710480690599616,0,0.0512576556744227
16.08,1.10144093722701e-19,0.623180852931852,0.372721648385359,0.00409749868269168,0.969425807965237,0.0143721692302125,0.963894174164268,0.502584520626953,0.97989833774074,0.983929989576988,0.552828396728502,0.710197693442181,0,0.0511575668956688
16.09,1.10144093722701e-19,0.622687295399392,0.373213516260205,0.00409918834030721,0.969676121178524,0.0143867692442288,0.96414794517556,0.502584076864212,0.980024378417578,0.984058218392692,0.553191288523573,0.709915064146148,0,0.0510573306758358
16.1,1.10144093722701e-19,0.622194583475773,0.37370455352562,0.00410086299850969,0.969924932971044,0.0144013465587764,0.964400226096766,0.502583628713878,0.98014968154908,0.984185692238137,0.553553323996768,0.709632804689953,0,0.0509569477368027
16.11,1.10144093722701e-19,0.621702719804918,0.374194757473244,0.00410252272174164,0.970172248328659,0.0144159011364848,0.964651021785303,0.502583176201202,0.980274249531733,0.984312413573806,0.553914502865108,0.709350917047198,0,0.0508564188022156
16.12,1.10144093722701e-19,0.62121170701768,0.374684125407328,0.00410416757489549,0.970418072244652,0.0144304329401812,0.964900337105782,0.502582719351367,0.980398084765395,0.984438384864132,0.554274824851872,0.709069403186618,0,0.0507557445974882
16.13,1.10144093722701e-19,0.62072154773183,0.375172654644772,0.00410579762330142,0.97066240971958,0.0144449419328951,0.965148176929869,0.502582258189494,0.980521189653236,0.984563608577417,0.554634289686594,0.708788265072051,0,0.0506549258498007
16.14,1.10144093722701e-19,0.620232244552044,0.375660342515144,0.0041074129327151,0.970905265761123,0.0144594280778607,0.965394546136154,0.50258179274064,0.980643566601671,0.984688087185764,0.554992897105045,0.708507504662406,0,0.0505539632881012
16.15,1.10144093722701e-19,0.619743800069884,0.376147186360714,0.00410901356930541,0.97114664538394,0.0144738913385212,0.965639449610016,0.502581323029807,0.980765218020307,0.984811823164999,0.555350646849235,0.708227123911628,0,0.050452857643104
16.16,1.10144093722701e-19,0.619256216863787,0.376633183536474,0.00411059959964198,0.97138655360952,0.0144883316785322,0.965882892243489,0.502580849081939,0.980886146321875,0.984934818994603,0.555707538667393,0.707947124768671,0,0.0503516096472914
16.17,1.10144093722701e-19,0.61876949749905,0.377118331410171,0.00411217109068273,0.971624995466035,0.0145027490617652,0.966124878935123,0.502580370921928,0.981006353922172,0.985057077157627,0.556063572313963,0.707667509177462,0,0.0502502200349125
16.18,1.10144093722701e-19,0.618283644527815,0.377602627362328,0.00411372810976141,0.971861975988192,0.014517143452311,0.96636541458986,0.502579888574615,0.981125843240001,0.98517860014063,0.556418747549597,0.707388279076872,0,0.0501486895419835
16.19,1.10144093722701e-19,0.617798660489057,0.378086068786271,0.00411527072457491,0.972097500217087,0.0145315148144837,0.966604504118891,0.502579402064795,0.98124461669711,0.985299390433598,0.556773064141138,0.707109436400681,0,0.0500470189062875
16.2,1.10144093722701e-19,0.617314547908572,0.378568653088161,0.00411679900317068,0.972331573200058,0.0145458631128237,0.966842152439528,0.502578911417218,0.98136267671813,0.985419450529872,0.557126521861618,0.70683098307755,0,0.0499452088673756
16.21,1.10144093722701e-19,0.616831309298961,0.379050377687008,0.00411831301393405,0.972564199990541,0.014560188312102,0.967078364475068,0.502578416656594,0.981480025730518,0.985538782926075,0.557479120490244,0.70655292103099,0,0.0498432601665651
16.22,1.10144093722701e-19,0.61634894715962,0.379531240014707,0.00411981282557543,0.972795385647916,0.0145744903773229,0.96731314515466,0.502577917807592,0.981596666164494,0.985657390122037,0.557830859812391,0.706275252179325,0,0.0497411735469411
16.23,1.10144093722701e-19,0.615867463976726,0.38001123751606,0.00412129850711757,0.973025135237369,0.0145887692737283,0.967546499413176,0.502577414894847,0.981712600452981,0.985775274620724,0.558181739619591,0.705997978435666,0,0.0496389497533553
16.24,1.10144093722701e-19,0.615386862223225,0.380490367648795,0.00412277012788273,0.973253453829743,0.014603024966801,0.967778432191075,0.502576907942962,0.981827831031547,0.985892438928161,0.558531759709525,0.705721101707878,0,0.049536589532427
16.25,1.10144093722701e-19,0.614907144358822,0.380968627883602,0.00412422775747982,0.97348034650139,0.0146172574222679,0.968008948434267,0.502576396976509,0.981942360338345,0.986008885553362,0.558880919886013,0.705444623898548,0,0.0494340936325425
16.26,1.10144093722701e-19,0.614428312829967,0.381446015704145,0.00412567146579156,0.973705818334028,0.0146314666061044,0.968238053093991,0.502575882020034,0.982056190814052,0.986124617008253,0.559229219959003,0.705168546904955,0,0.049331462803855
16.27,1.10144093722701e-19,0.613950370069845,0.381922528607097,0.0041271013229615,0.973929874414594,0.0146456524845368,0.968465751126674,0.502575363098058,0.982169324901808,0.986239635807602,0.559576659744564,0.704892872619036,0,0.0492286977982853
16.28,1.10144093722701e-19,0.613473318498365,0.382398164102157,0.00412851739938117,0.974152519835099,0.0146598150240469,0.9686920474938,0.502574840235083,0.982281765047161,0.986353944468945,0.559923239064874,0.704617602927361,0,0.0491257993695211
16.29,1.10144093722701e-19,0.612997160522149,0.382872919712077,0.0041299197656771,0.974373759692483,0.0146739541913748,0.968916947161784,0.502574313455591,0.982393513698006,0.986467545512512,0.560268957748212,0.704342739711096,0,0.0490227682730171
16.3,1.10144093722701e-19,0.612521898534523,0.383346792972683,0.00413130849269787,0.974593599088472,0.0146880699535228,0.969140455101836,0.502573782784051,0.982504573304521,0.986580441461154,0.560613815628951,0.704068284845972,0,0.0489196052659956
16.31,1.10144093722701e-19,0.612047534915501,0.383819781432901,0.00413268365150118,0.97481204312943,0.0147021622777584,0.969362576289829,0.502573248244919,0.982614946319116,0.986692634840272,0.560957812547542,0.70379424020226,0,0.0488163111074453
16.32,1.10144093722701e-19,0.611574072031783,0.384291882654779,0.00413404531334085,0.975029096926215,0.0147162311316185,0.969583315706172,0.502572709862641,0.982724635196367,0.986804128177741,0.56130094835051,0.703520607644736,0,0.0487128865581231
16.33,1.10144093722701e-19,0.61110151223674,0.38476309421351,0.00413539354965391,0.975244765594039,0.014730276482912,0.969802678335677,0.50257216766166,0.982833642392963,0.986914924003841,0.561643222890444,0.703247389032647,0,0.0486093323805515
16.34,1.10144093722701e-19,0.610629857870404,0.385233413697451,0.00413672843204762,0.975459054252316,0.0147442982997239,0.970020669167426,0.502571621666413,0.982941970367641,0.987025024851181,0.561984636025983,0.702974586219689,0,0.0485056493390221
16.35,1.10144093722701e-19,0.610159111259463,0.385702838708154,0.00413805003228655,0.975671968024529,0.0147582965504184,0.970237293194647,0.502571071901338,0.983049621581132,0.987134433254628,0.562325187621813,0.702702201053969,0,0.0484018381995921
16.36,1.10144093722701e-19,0.609689274717248,0.386171366860376,0.00413935842227961,0.975883512038075,0.0147722712036423,0.970452555414577,0.502570518390876,0.9831565984961,0.987243151751235,0.562664877548653,0.702430235377977,0,0.0482978997300865
16.37,1.10144093722701e-19,0.609220350543723,0.386638995782113,0.00414065367406724,0.976093691424131,0.0147862222283282,0.970666460828336,0.502569961159472,0.983262903577086,0.987351182880169,0.563003705683244,0.702158691028556,0,0.0481938347000975
16.38,1.10144093722701e-19,0.608752341025481,0.387105723114613,0.00414193585980844,0.976302511317505,0.0148001495936982,0.970879014440796,0.502569400231584,0.983368539290446,0.987458529182636,0.563341671908347,0.701887569836871,0,0.0480896438809837
16.39,1.10144093722701e-19,0.608285248435734,0.387571546512401,0.00414320505176797,0.976509976856496,0.014814053269267,0.97109022126045,0.502568835631676,0.983473508104293,0.987565193201812,0.563678776112724,0.701616873628379,0,0.0479853280458723
16.4,1.10144093722701e-19,0.607819075034301,0.388036463643299,0.00414446132230355,0.976716093182751,0.0148279332248449,0.971300086299288,0.502568267384231,0.983577812488443,0.98767117748277,0.564015018191137,0.701346604222799,0,0.0478808879696559
16.41,1.10144093722701e-19,0.607353823067603,0.388500472188447,0.00414570474385304,0.976920865441122,0.0148417894305417,0.97150861457266,0.502567695513748,0.983681454914355,0.987776484572409,0.56435039804433,0.701076763434081,0,0.0477763244289957
16.42,1.10144093722701e-19,0.606889494768657,0.388963569842324,0.00414693538892171,0.977124298779524,0.014855621856769,0.971715811099153,0.502567120044745,0.983784437855067,0.987881117019378,0.564684915579029,0.700807353070375,0,0.0476716382023188
16.43,1.10144093722701e-19,0.606426092357065,0.389425754312769,0.00414815333006959,0.977326398348796,0.0148694304742443,0.971921680900462,0.502566541001766,0.983886763785147,0.987985077374011,0.565018570707923,0.700538374934004,0,0.047566830069821
16.44,1.10144093722701e-19,0.605963618039006,0.389887023320998,0.00414935863989879,0.977527169302553,0.0148832152539935,0.972126229001255,0.502565958409378,0.98398843518063,0.988088368188251,0.565351363349661,0.700269830821434,0,0.0474619008134639
16.45,1.10144093722701e-19,0.605502074007234,0.390347374601629,0.00415055139104096,0.977726616797054,0.0148969761673543,0.972329460429056,0.502565372292179,0.984089454518959,0.988190992015579,0.565683293428841,0.700001722523238,0,0.0473568512169764
16.46,1.10144093722701e-19,0.605041462441063,0.390806805902695,0.00415173165614471,0.977924745991051,0.0149107131859789,0.972531380214104,0.502564782674797,0.984189824278931,0.988292951410944,0.566014360875999,0.699734051824073,0,0.0472516820658551
16.47,1.10144093722701e-19,0.60458178550637,0.39126531498567,0.0041528995078632,0.978121562045657,0.0149244262818377,0.972731993389235,0.502564189581896,0.984289546940637,0.988394248930692,0.566344565627599,0.69946682050265,0,0.0471463941473635
16.48,1.10144093722701e-19,0.604123045355577,0.391722899625484,0.00415405501884173,0.978317070124199,0.0149381154272217,0.97293130498975,0.502563593038178,0.984388624985406,0.988494887132494,0.566673907626028,0.699200030331699,0,0.0470409882505324
16.49,1.10144093722701e-19,0.603665244127656,0.392179557610542,0.00415519826170541,0.978511275392084,0.0149517805947454,0.973129320053289,0.502562993068382,0.984487060895743,0.988594868575274,0.567002386819581,0.698933683077943,0,0.0469354651661593
16.5,1.10144093722701e-19,0.603208383948112,0.392635286742744,0.00415632930904692,0.978704183016653,0.0149654217573502,0.9733260436197,0.502562389697292,0.984584857155278,0.988694195819142,0.567330003162454,0.698667780502071,0,0.0468298256868094
16.51,1.10144093722701e-19,0.602752466928985,0.393090084837504,0.00415744823341437,0.978895798167046,0.0149790388883069,0.973521480730917,0.502561782949738,0.984682016248703,0.988792871425319,0.567656756614735,0.698402324358703,0,0.0467240706068143
16.52,1.10144093722701e-19,0.60229749516884,0.393543949723764,0.00415855510729915,0.979086126014062,0.0149926319612185,0.973715636430832,0.502561172850594,0.984778540661718,0.988890897956071,0.567982647142396,0.698137316396364,0,0.0466182007222737
16.53,1.10144093722701e-19,0.601843470752763,0.393996879244016,0.00415965000312404,0.979275171730017,0.0150062009500231,0.973908515765164,0.502560559424791,0.984874432880971,0.988988277974634,0.568307674717277,0.697872758357454,0,0.0465122168310535
16.54,1.10144093722701e-19,0.601390395752353,0.394448871254319,0.00416073299323122,0.97946294048861,0.0150197458289966,0.974100123781337,0.502559942697308,0.984969695394004,0.989085014045148,0.568631839317085,0.69760865197822,0,0.0464061197327877
16.55,1.10144093722701e-19,0.600938272225717,0.394899923624315,0.00416180414987052,0.979649437464783,0.0150332665727551,0.974290465528353,0.502559322693182,0.985064330689193,0.989181108732585,0.568955140925378,0.697344998988724,0,0.0462999102288766
16.56,1.10144093722701e-19,0.60048710221747,0.395350034237246,0.00416286354518767,0.97983466783458,0.015046763156258,0.974479546056665,0.502558699437509,0.98515834125569,0.989276564602679,0.569277579531561,0.697081801112816,0,0.0461935891224881
16.57,1.10144093722701e-19,0.600036887758721,0.395799200989969,0.00416391125121275,0.980018636775013,0.0150602355548102,0.974667370418051,0.502558072955445,0.985251729583371,0.989371384221856,0.56959915513087,0.696819060068106,0,0.0460871572185573
16.58,1.10144093722701e-19,0.599587630867074,0.39624742179298,0.00416494733984868,0.980201349463926,0.0150736837440645,0.974853943665489,0.502557443272208,0.985344498162772,0.989465570157166,0.56991986772437,0.696556777565933,0,0.0459806153237861
16.59,1.10144093722701e-19,0.599139333546623,0.39669469457042,0.00416597188285981,0.980382811079852,0.0150871077000246,0.975039270853031,0.502556810413085,0.985436649485037,0.989559124976212,0.57023971731894,0.696294955311336,0,0.0458739642466436
16.6,1.10144093722701e-19,0.598691997787944,0.397141017260098,0.00416698495186068,0.980563026801884,0.015100507399047,0.975223357035678,0.502556174403429,0.985528186041861,0.989652051247081,0.570558703927267,0.696033595003027,0,0.0457672047973665
16.61,1.10144093722701e-19,0.598245625568093,0.397586387813505,0.00416798661830489,0.980742001809531,0.0151138828178434,0.975406207269256,0.502555535268663,0.985619110325427,0.989744351538278,0.570876827567833,0.695772698333361,0,0.0456603377879583
16.62,1.10144093722701e-19,0.597800218850601,0.398030804195828,0.00416897695347405,0.980919741282589,0.0151272339334832,0.975587826610288,0.502554893034286,0.985709424828359,0.98983602841865,0.571194088264911,0.695512266988309,0,0.0455533640321895
16.63,1.10144093722701e-19,0.597355779585469,0.398474264385967,0.00416995602846687,0.981096250401001,0.0151405607233957,0.975768220115875,0.502554247725868,0.985799132043655,0.989927084457327,0.571510486048552,0.695252302647426,0,0.0454462843455978
16.64,1.10144093722701e-19,0.596912309709165,0.398916766376549,0.00417092391418844,0.981271534344721,0.0151538631653721,0.975947392843564,0.502553599369059,0.985888234464639,0.990017522223644,0.571826020954573,0.694992806983828,0,0.0453390995454886
16.65,1.10144093722701e-19,0.59646981114462,0.399358308173943,0.00417188068133955,0.981445598293584,0.0151671412375677,0.976125349851231,0.502552947989589,0.985976734584897,0.990107344287077,0.572140693024556,0.694733781664157,0,0.0452318104509334
16.66,1.10144093722701e-19,0.596028285801222,0.399798887798275,0.00417282640040621,0.981618447427166,0.015180394918504,0.976302096196953,0.502552293613266,0.986064634898225,0.990196553217177,0.572454502305829,0.69447522834856,0,0.0451244178827721
16.67,1.10144093722701e-19,0.595587735574813,0.400238503283441,0.00417376114164929,0.981790086924656,0.0151936241870706,0.976477636938884,0.502551636265987,0.986151937898569,0.990285151583496,0.572767448851467,0.694217148690654,0,0.0450169226636107
16.68,1.10144093722701e-19,0.595148162347689,0.40067715267712,0.0041746849750943,0.981960521964714,0.0152068290225272,0.976651977135136,0.50255097597373,0.986238646079972,0.990373141955527,0.573079532720272,0.693959544337503,0,0.044909325617823
16.69,1.10144093722701e-19,0.594709567988591,0.401114834040791,0.00417559797052136,0.982129757725345,0.0152200094045054,0.976825121843647,0.502550312762563,0.986324761936515,0.990460526902627,0.573390753976774,0.693702416929584,0,0.0448016275715493
16.7,1.10144093722701e-19,0.594271954352705,0.401551545449743,0.0041765001974552,0.982297799383762,0.0152331653130106,0.976997076122069,0.502549646658645,0.986410287962258,0.990547308993956,0.573701112691213,0.693445768100768,0,0.044693829352698
16.71,1.10144093722701e-19,0.593835323281658,0.40198728499309,0.00417739172515548,0.982464652116254,0.0152462967284236,0.977167845027634,0.502548977688223,0.986495226651191,0.99063349079841,0.574010608939536,0.693189599478283,0,0.0445859317909434
16.72,1.10144093722701e-19,0.593399676603512,0.402422050773784,0.00417827262260714,0.982630321098053,0.0152594036315023,0.97733743361704,0.50254830587764,0.986579580497168,0.990719074884549,0.574319242803386,0.692933912682692,0,0.0444779357177281
16.73,1.10144093722701e-19,0.592965016132767,0.402855840908625,0.00417914295851094,0.982794811503206,0.0152724860033834,0.977505846946324,0.502547631253334,0.986663351993858,0.990804063820533,0.574627014370092,0.692678709327863,0,0.0443698419662614
16.74,1.10144093722701e-19,0.592531343670352,0.403288653528277,0.00418000280127419,0.982958128504438,0.0152855438255838,0.97767309007074,0.50254695384184,0.986746543634684,0.990888460174058,0.574933923732659,0.692423991020941,0,0.0442616513715195
16.75,1.10144093722701e-19,0.592098661003625,0.403720486777277,0.00418085221900165,0.983120277273023,0.015298577080002,0.977839168044637,0.502546273669791,0.98682915791277,0.990972266512282,0.575239970989764,0.692169759362323,0,0.0441533647702462
16.76,1.10144093722701e-19,0.59166696990637,0.404151338814047,0.0041816912794865,0.983281262978654,0.0153115857489199,0.978004085921342,0.50254559076392,0.98691119732088,0.991055485401767,0.575545156245741,0.691916015945624,0,0.0440449830009519
16.77,1.10144093722701e-19,0.591236272138792,0.404581207810909,0.00418252005020165,0.983441090789313,0.0153245698150036,0.978167848753029,0.502544905151063,0.986992664351365,0.991138119408406,0.575849479610575,0.691662762357661,0,0.0439365069039148
16.78,1.10144093722701e-19,0.59080656944752,0.405010091954092,0.00418333859829105,0.983599765871138,0.0153375292613048,0.978330461590606,0.502544216858158,0.987073561496109,0.991220171097361,0.576152941199893,0.691410000178413,0,0.0438279373211798
16.79,1.10144093722701e-19,0.590377863565598,0.405437989443744,0.0041841469905613,0.983757293388298,0.0153504640712624,0.978491929483589,0.502543525912248,0.987153891246465,0.991301643032996,0.576455541134954,0.691157730981003,0,0.0437192750965588
16.8,1.10144093722701e-19,0.589950156212486,0.405864898493944,0.00418494529347336,0.983913678502858,0.0153633742287029,0.978652257479984,0.502542832340484,0.987233656093207,0.991382537778812,0.576757279542641,0.690905956331665,0,0.0436105210756313
16.81,1.10144093722701e-19,0.589523449094056,0.406290817332713,0.0041857335731345,0.984068926374657,0.015376259717842,0.978811450626164,0.502542136170121,0.987312858526467,0.99146285789738,0.577058156555453,0.690654677789721,0,0.0435016761057437
16.82,1.10144093722701e-19,0.589097743902592,0.406715744202021,0.00418651189529038,0.984223042161175,0.0153891205232854,0.978969513966751,0.502541437428526,0.987391501035682,0.991542605950276,0.577358172311492,0.690403896907552,0,0.04339274103601
16.83,1.10144093722701e-19,0.588673042316787,0.4071396773578,0.00418728032531738,0.984376031017405,0.0154019566300295,0.979126452544493,0.502540736143174,0.98746958610954,0.99162178449802,0.577657326954459,0.690153615230572,0,0.0432837167173103
16.84,1.10144093722701e-19,0.588249346001738,0.407562615069951,0.00418803892821502,0.984527898095728,0.0154147680234624,0.979282271400145,0.502540032341652,0.987547116235917,0.991700396100005,0.577955620633647,0.689903834297198,0,0.0431746040022926
16.85,1.10144093722701e-19,0.587826656608948,0.407984555622357,0.00418878776859869,0.984678648545785,0.0154275546893648,0.979436975572349,0.502539326051659,0.987624093901827,0.991778443314438,0.578253053503921,0.68965455563883,0,0.0430654037453724
16.86,1.10144093722701e-19,0.587404975776322,0.408405497312889,0.00418952691069246,0.98482828751435,0.0154403166139102,0.979590570097517,0.502538617301008,0.987700521593364,0.991855928698271,0.578549625725723,0.689405780779815,0,0.0429561168027312
16.87,1.10144093722701e-19,0.586984305128165,0.408825438453417,0.00419025641832216,0.984976820145201,0.0154530537836659,0.979743060009707,0.502537906117624,0.987776401795644,0.99193285480714,0.578845337465054,0.68915751123743,0,0.042846744032319
16.88,1.10144093722701e-19,0.586564646275181,0.409244377369814,0.00419097635490864,0.985124251579003,0.0154657661855935,0.979894450340508,0.502537192529549,0.987851736992752,0.992009224195301,0.579140188893472,0.688909748521846,0,0.0427372862938516
16.89,1.10144093722701e-19,0.58614600081447,0.409662312401972,0.00419168678346118,0.985270586953171,0.015478453807049,0.980044746118919,0.50253647656494,0.987926529667681,0.992085039415564,0.579434180188075,0.688662494136114,0,0.0426277444488132
16.9,1.10144093722701e-19,0.585728370329528,0.410079241903804,0.00419238776657118,0.985415831401754,0.0154911166357836,0.980193952371231,0.502535758252071,0.988000782302282,0.992160303019233,0.579727311531502,0.688415749576124,0,0.0425181193604543
16.91,1.10144093722701e-19,0.585311756390243,0.410495164243255,0.00419307936640597,0.985559990055305,0.0155037546599436,0.980342074120907,0.502535037619334,0.988074497377203,0.992235017556038,0.580019583111919,0.688169516330588,0,0.0424084118937926
16.92,1.10144093722701e-19,0.584896160552896,0.410910077802305,0.00419376164470288,0.985703068040763,0.0155163678680708,0.980489116388468,0.502534314695238,0.988147677371835,0.992309185574077,0.580310995123009,0.687923795881014,0,0.0422986229156135
16.93,1.10144093722701e-19,0.584481584360157,0.411323980976983,0.00419443466276351,0.985845070481322,0.0155289562491027,0.980635084191371,0.502533589508411,0.988220324764256,0.992382809619751,0.580601547763969,0.687678589701675,0,0.0421887532944688
16.94,1.10144093722701e-19,0.584068029341085,0.41173687217737,0.00419509848144815,0.985986002496314,0.0155415197923724,0.980779982543892,0.502532862087599,0.988292442031174,0.9924558922377,0.580891241239495,0.687433899259586,0,0.0420788039006784
16.95,1.10144093722701e-19,0.583655497011127,0.412148749827607,0.0041957531611705,0.986125869201081,0.0155540584876086,0.98092381645701,0.502532132461668,0.988364031647872,0.992528435970743,0.58118007575978,0.68718972601448,0,0.0419687756063285
16.96,1.10144093722701e-19,0.583243988872113,0.412559612365898,0.00419639876189249,0.986264675706862,0.0155665723249358,0.981066590938289,0.502531400659607,0.98843509608815,0.992600443359815,0.581468051540502,0.686946071418777,0,0.0418586692852722
16.97,1.10144093722701e-19,0.582833506412262,0.412969458244523,0.0041970353431194,0.986402427120659,0.0155790612948734,0.981208310991763,0.502530666710519,0.988505637824274,0.992671916943905,0.581755168802817,0.686702936917563,0,0.0417484858131314
16.98,1.10144093722701e-19,0.582424051106171,0.413378285929838,0.00419766296389516,0.986539128545124,0.0155915253883364,0.981348981617816,0.502529930643632,0.988575659326912,0.992742859259995,0.582041427773349,0.686460323948559,0,0.0416382260672932
16.99,1.10144093722701e-19,0.582015624414822,0.413786093902284,0.00419828168279785,0.986674785078438,0.0156039645966343,0.981488607813067,0.502529192488294,0.988645163065086,0.992813272842997,0.582326828684185,0.686218233942104,0,0.0415278909269128
17,1.10144093722701e-19,0.581608227785576,0.414192880656392,0.0041988915579354,0.986809401814185,0.0156163789114709,0.981627194570254,0.502528452273971,0.988714151506111,0.992883160225695,0.582611371772861,0.685976668321121,0,0.0414174812729123
17.01,1.10144093722701e-19,0.581201862652175,0.414598644700787,0.00419949264694156,0.98694298384124,0.0156287683249441,0.98176474687812,0.502527710030253,0.988782627115541,0.992952523938679,0.582895057282362,0.685735628501095,0,0.0413069979879815
17.02,1.10144093722701e-19,0.580796530434737,0.415003384558195,0.00420008500697203,0.987075536243644,0.0156411328295449,0.981901269721294,0.502526965786848,0.988850592357113,0.993021366510291,0.583177885461108,0.685495115890048,0,0.0411964419565764
17.03,1.10144093722701e-19,0.580392232539758,0.415407098765445,0.00420066869470081,0.987207064100485,0.0156534724181572,0.982036768080178,0.502526219573586,0.988918049692691,0.993089690466559,0.583459856562949,0.685255131888513,0,0.0410858140649211
17.04,1.10144093722701e-19,0.579988970360109,0.415809785873478,0.00420124376631681,0.987337572485783,0.0156657870840566,0.982171246930831,0.502525471420415,0.988985001582209,0.993157498331139,0.58374097084715,0.685015677889511,0,0.0409751152010062
17.05,1.10144093722701e-19,0.579586745275038,0.416211444447345,0.00420181027752062,0.987467066468371,0.01567807682091,0.982304711244854,0.502524721357407,0.989051450483619,0.993224792625255,0.584021228578397,0.684776755278521,0,0.0408643462545896
17.06,1.10144093722701e-19,0.579185558650163,0.416612073066219,0.00420236828352154,0.987595551111777,0.0156903416227745,0.982437165989277,0.502523969414748,0.98911739885283,0.993291575867641,0.584300630026776,0.68453836543346,0,0.0407535081171964
17.07,1.10144093722701e-19,0.57878541183748,0.417011670323389,0.0042029178390348,0.987723031474106,0.0157025814840964,0.982568616126443,0.502523215622748,0.989182849143656,0.993357850574476,0.584579175467768,0.684300509724656,0,0.040642601682119
17.08,1.10144093722701e-19,0.57838630617535,0.417410234826275,0.00420345899827898,0.987849512607926,0.0157147963997106,0.982699066613894,0.502522460011835,0.989247803807759,0.993423619259334,0.584856865182249,0.684063189514823,0,0.0405316278444166
17.09,1.10144093722701e-19,0.57798824298851,0.41780776519642,0.00420399181497374,0.98797499956015,0.0157269863648387,0.982828522404259,0.502521702612552,0.989312265294595,0.993488884433114,0.585133699456472,0.683826406159036,0,0.0404205875009158
17.1,1.10144093722701e-19,0.577591223588065,0.418204260069501,0.00420451634233762,0.988099497371922,0.0157391513750887,0.982956988445139,0.502520943455564,0.989376236051353,0.993553648603993,0.585409678582065,0.683590161004709,0,0.0403094815502101
17.11,1.10144093722701e-19,0.577195249271489,0.418599718095328,0.00420503263308623,0.988223011078502,0.0157512914264532,0.983084469678996,0.502520182571649,0.989439718522907,0.993617914277358,0.585684802856022,0.683354455391565,0,0.0401983108926606
17.12,1.10144093722701e-19,0.576800321322623,0.41899413793785,0.00420554073943044,0.988345545709149,0.015763406515308,0.983210971043036,0.502519419991704,0.989502715151755,0.993681683955752,0.585959072580696,0.683119290651619,0,0.0400870764303951
17.13,1.10144093722701e-19,0.576406441011675,0.419387518275153,0.00420604071307506,0.988467106287012,0.015775496638411,0.983336497469102,0.50251865574674,0.989565228377965,0.993744960138818,0.58623248806379,0.682884668109146,0,0.0399757790673087
17.14,1.10144093722701e-19,0.576013609595221,0.419779857799465,0.00420653260521747,0.988587697829013,0.0157875617929008,0.983461053883556,0.502517889867882,0.989627260639122,0.993807745323237,0.58650504961835,0.682650589080664,0,0.0398644197090641
17.15,1.10144093722701e-19,0.5756218283162,0.420171155217157,0.00420701646654663,0.988707325345735,0.0157996019762946,0.983584645207173,0.502517122386369,0.989688814370265,0.993870042002673,0.586776757562761,0.6824170548749,0,0.0397529992630899
17.16,1.10144093722701e-19,0.575231098403917,0.420561409248745,0.00420749234724231,0.98882599384131,0.015811617186487,0.983707276355024,0.502516353333553,0.989749892003843,0.993931852667718,0.587047612220733,0.68218406679278,0,0.039641518638583
17.17,1.10144093722701e-19,0.574841421074038,0.420950618628892,0.0042079602969744,0.988943708313305,0.0158236074217482,0.983828952236368,0.502515582740896,0.989810495969649,0.99399317980583,0.587317613921299,0.681951626127391,0,0.0395299787465075
17.18,1.10144093722701e-19,0.574452797528594,0.421338782106407,0.00420842036490257,0.989060473752617,0.0158355726807222,0.983949677754541,0.50251481063997,0.989870628694771,0.994054025901283,0.587586762998806,0.681719734163963,0,0.0394183804995936
17.19,1.10144093722701e-19,0.574065228955978,0.42172589844425,0.00420887259967613,0.989176295143353,0.0158475129624249,0.984069457806844,0.502514037062459,0.989930292603536,0.994114393435104,0.587855059792907,0.68148839217985,0,0.0393067248123397
17.2,1.10144093722701e-19,0.573678716530942,0.422111966419528,0.00420931704943399,0.98929117746273,0.0158594282662423,0.984188297284431,0.502513262040149,0.98998949011745,0.994174284885021,0.588122504648558,0.681257601444496,0,0.0391950126010108
17.21,1.10144093722701e-19,0.5732932614146,0.422496984823499,0.00420975376180499,0.989405125680955,0.0158713185919282,0.984306201072204,0.502512485604938,0.990048223655152,0.994233702725409,0.588389097916,0.68102736321942,0,0.0390832447836394
17.22,1.10144093722701e-19,0.572908864754423,0.422880952461572,0.00421018278390833,0.989518144761124,0.0158831839396027,0.984423174048699,0.502511707788825,0.990106495632347,0.994292649427228,0.588654839950769,0.680797678758187,0,0.0389714222800244
17.23,1.10144093722701e-19,0.572525527684244,0.423263868153306,0.00421060416235427,0.98963023965911,0.0158950243097493,0.984539221085977,0.502510928623913,0.990164308461764,0.994351127457975,0.588919731113673,0.680568549306386,0,0.0388595460117328
17.24,1.10144093722701e-19,0.572143251324251,0.423645730732408,0.00421101794324497,0.989741415323454,0.0159068397032133,0.984654347049518,0.502510148142406,0.990221664553088,0.994409139281626,0.589183771770792,0.680339976101613,0,0.0387476169020982
17.25,1.10144093722701e-19,0.571762036780989,0.424026539046739,0.00421142417217565,0.989851676695261,0.0159186301211993,0.984768556798108,0.50250936637661,0.990278566312918,0.994466687358579,0.589446962293475,0.680111960373434,0,0.0386356358762213
17.26,1.10144093722701e-19,0.57138188514736,0.424406291958308,0.00421182289423584,0.989961028708088,0.0159303955652689,0.984881855183735,0.502508583358928,0.990335016144702,0.994523774145605,0.589709303058323,0.679884503343374,0,0.0385236038609706
17.27,1.10144093722701e-19,0.571002797502622,0.424784988343271,0.00421221415401094,0.990069476287842,0.0159421360373381,0.984994247051477,0.502507799121859,0.990391016448685,0.99458040209579,0.589970794447194,0.679657606224889,0,0.0384115217849808
17.28,1.10144093722701e-19,0.570624774912386,0.425162627091934,0.00421259799558387,0.990177024352674,0.0159538515396751,0.985105737239396,0.502507013697997,0.990446569621858,0.994636573658482,0.590231436847187,0.679431270223343,0,0.0382993905786543
17.29,1.10144093722701e-19,0.570247818428617,0.42553920710875,0.00421297446253704,0.990283677812869,0.0159655420748975,0.985216330578433,0.502506227120028,0.9905016780579,0.994692291279238,0.590491230650639,0.679205496535985,0,0.0381872111741606
17.3,1.10144093722701e-19,0.569871929089633,0.425914727312317,0.00421334359795447,0.990389441570747,0.0159772076459698,0.985326031892297,0.50250543942073,0.990556344147123,0.99474755739977,0.590750176255118,0.678980286351928,0,0.0380749845054363
17.31,1.10144093722701e-19,0.569497107920104,0.426289186635376,0.00421370544442407,0.990494320520554,0.0159888482562009,0.98543484599736,0.502504650632969,0.99061057027642,0.994802374457894,0.591008274063421,0.678755640852123,0,0.0379627115081851
17.32,1.10144093722701e-19,0.569123355931053,0.426662584024811,0.00421406004404019,0.990598319548363,0.016000463909241,0.985542777702551,0.502503860789698,0.990664358829207,0.994856744887477,0.591265524483556,0.678531561209341,0,0.0378503931198779
17.33,1.10144093722701e-19,0.56875067411985,0.427034918441648,0.00421440743840631,0.990701443531967,0.0160120546090791,0.985649831809253,0.502503069923954,0.990717712185376,0.994910671118382,0.591521927928751,0.678308048588143,0,0.0377380302797524
17.34,1.10144093722701e-19,0.568379063470217,0.427406188861049,0.004214747668638,0.990803697340779,0.0160236203600399,0.985756013111191,0.502502278068855,0.990770632721228,0.994964155576418,0.591777484817433,0.678085104144866,0,0.0376256239288144
17.35,1.10144093722701e-19,0.568008524952224,0.427776394272313,0.00421508077536594,0.990905085835728,0.0160351611667809,0.985861326394332,0.502501485257601,0.990823122809435,0.995017200683289,0.592032195573232,0.677862729027595,0,0.0375131750098356
17.36,1.10144093722701e-19,0.567639059522291,0.428145533678874,0.00421540679873929,0.991005613869159,0.0160466770342898,0.985965776436779,0.502500691523468,0.990875184818972,0.995069808856542,0.592286060624972,0.677640924376142,0,0.0374006844673561
17.37,1.10144093722701e-19,0.56727066812318,0.428513606098294,0.00421572577842912,0.991105286284734,0.0160581679678809,0.986069368008666,0.502499896899808,0.990926821115071,0.995121982509513,0.59253908040666,0.677419691322026,0,0.0372881532476823
17.38,1.10144093722701e-19,0.566903351684005,0.428880610562266,0.00421603775363212,0.991204107917327,0.0160696339731923,0.986172105872056,0.502499101420044,0.990978034059164,0.995173724051283,0.592791255357492,0.677199030988445,0,0.0371755822988874
17.39,1.10144093722701e-19,0.566537111120223,0.429246546116607,0.00421634276307438,0.991302083592928,0.0160810750561827,0.986273994780833,0.502498305117672,0.991028826008831,0.995225035886618,0.593042585921829,0.676978944490262,0,0.037062972570813
17.4,1.10144093722701e-19,0.566171947333633,0.429611411821255,0.00421664084501553,0.991399218128544,0.0160924912231281,0.986375039480605,0.502497508026254,0.991079199317746,0.995275920415929,0.593293072549211,0.676759432933976,0,0.0369503250150669
17.41,1.10144093722701e-19,0.565807861212382,0.429975206750269,0.00421693203725284,0.991495516332099,0.0161038824806189,0.986475244708596,0.502496710179415,0.991129156335623,0.995326380035213,0.593542715694334,0.676540497417704,0,0.0368376405850243
17.42,1.10144093722701e-19,0.565444853630957,0.430337929991821,0.0042172163771257,0.991590983002336,0.0161152488355558,0.986574615193548,0.502495911610846,0.991178699408163,0.99537641713601,0.593791515817057,0.676322139031159,0,0.0367249202358274
17.43,1.10144093722701e-19,0.565082925450188,0.430699580648195,0.00421749390152015,0.991685622928722,0.0161265902951472,0.986673155655613,0.502495112354294,0.991227830876998,0.995426034105348,0.594039473382389,0.676104358855624,0,0.036612164924386
17.44,1.10144093722701e-19,0.564722077517245,0.431060157835785,0.00421776464687356,0.991779440891348,0.0161379068669055,0.98677087080626,0.502494312443564,0.991276553079645,0.9954752333257,0.594286588860483,0.675887157963939,0,0.0364993756093764
17.45,1.10144093722701e-19,0.56436231066564,0.431419660685084,0.00421802864917968,0.991872441660837,0.0161491985586434,0.986867765348165,0.502493511912516,0.991324868349445,0.995524017174931,0.594532862726638,0.675670537420471,0,0.0363865532512425
17.46,1.10144093722701e-19,0.564003625715221,0.43177808834069,0.00421828594399354,0.991964629998243,0.0161604653784707,0.986963843975119,0.502492710795059,0.991372779015515,0.99557238802625,0.594778295461286,0.675454498281096,0,0.0362736988121952
17.47,1.10144093722701e-19,0.563646023472177,0.43213543996129,0.00421853656643684,0.992056010654961,0.0161717073347904,0.987059111371919,0.50249190912515,0.991420287402693,0.995620348248162,0.595022887549987,0.67523904159318,0,0.0361608132562129
17.48,1.10144093722701e-19,0.563289504729032,0.432491714719668,0.00421878055120322,0.992146588372632,0.0161829244362955,0.987153572214277,0.502491106936794,0.991467395831488,0.995667900204424,0.595266639483429,0.675024168395551,0,0.0360478975490405
17.49,1.10144093722701e-19,0.562934070264649,0.432846911802691,0.0042190179325639,0.992236367883045,0.016194116691965,0.987247231168712,0.502490304264033,0.991514106618026,0.995715046253991,0.595509551757417,0.674809879718488,0,0.0359349526581904
17.5,1.10144093722701e-19,0.562579720844224,0.433201030411306,0.00421924874437338,0.99232535390805,0.0162052841110602,0.98734009289246,0.502489501140951,0.991560422073995,0.995761788750974,0.595751624872873,0.674596176583689,0,0.0358219795529417
17.51,1.10144093722701e-19,0.562226457219289,0.433554069760539,0.00421947302007527,0.99241355115946,0.016216426703121,0.987432162033367,0.502488697601668,0.991606344506598,0.995808130044589,0.595992859335826,0.674383060004258,0,0.035708979204342
17.52,1.10144093722701e-19,0.561874280127707,0.433906029079488,0.00421969079270833,0.992500964338965,0.0162275444779622,0.987523443229798,0.502487893680334,0.991651876218497,0.995854072479114,0.59623325565741,0.67417053098468,0,0.0355959525852042
17.53,1.10144093722701e-19,0.561523190293677,0.434256907611314,0.00421990209491261,0.992587598138032,0.0162386374456696,0.987613941110536,0.502487089411131,0.991697019507764,0.995899618393843,0.596472814353859,0.673958590520803,0,0.0354829006701099
17.54,1.10144093722701e-19,0.561173188427726,0.434606704613242,0.00422010695893578,0.992673457237825,0.0162497056165959,0.987703660294685,0.502486284828264,0.991741776667826,0.995944770123034,0.596711535946499,0.673747239599815,0,0.0353698244354069
17.55,1.10144093722701e-19,0.560824275226713,0.434955419356551,0.00422030541663953,0.992758546309107,0.0162607490013573,0.987792605391575,0.502485479965963,0.991786149987419,0.995989529995874,0.596949420961748,0.673536479200224,0,0.0352567248592104
17.56,1.10144093722701e-19,0.560476451373825,0.435303051126572,0.0042204974995062,0.992842870012152,0.016271767610829,0.987880781000663,0.502484674858477,0.99183014175053,0.996033900336419,0.59718646993111,0.673326310291837,0,0.0351436029214025
17.57,1.10144093722701e-19,0.560129717538581,0.435649599222677,0.00422068323864543,0.992926432996658,0.0162827614561414,0.987968191711442,0.502483869540068,0.99187375423635,0.996077883463566,0.597422683391164,0.673116733835745,0,0.0350304596036333
17.58,1.10144093722701e-19,0.559784074376822,0.435995062958281,0.00422086266480107,0.99300923990166,0.0162937305486762,0.988054842103343,0.502483064045015,0.991916989719223,0.996121481690994,0.597658061883571,0.672907750784291,0,0.0349172958893195
17.59,1.10144093722701e-19,0.559439522530719,0.436339441660826,0.00422103580835808,0.993091295355438,0.0163046749000623,0.988140736745639,0.502482258407602,0.991959850468592,0.996164697327128,0.597892605955059,0.672699362081063,0,0.0348041127636444
17.6,1.10144093722701e-19,0.559096062628767,0.436682734671787,0.00422120269934967,0.993172603975432,0.0163155945221714,0.988225880197354,0.502481452662121,0.992002338748954,0.99620753267509,0.598126316157425,0.672491568660863,0,0.0346909112135592
17.61,1.10144093722701e-19,0.558753695285785,0.437024941346654,0.00422136336746446,0.993253170368158,0.0163264894271145,0.988310277007169,0.502480646842864,0.992044456819804,0.996249990032661,0.598359193047528,0.672284371449695,0,0.034577692227782
17.62,1.10144093722701e-19,0.558412421102914,0.437366061054935,0.00422151784205389,0.993332999129118,0.0163373596272372,0.988393931713326,0.502479840984122,0.992086206935588,0.996292071692229,0.598591237187284,0.672077771364741,0,0.0344644567967982
17.63,1.10144093722701e-19,0.55807224066762,0.437706093180145,0.00422166615213955,0.993412094842719,0.0163482051351157,0.988476848843539,0.502479035120182,0.992127591345651,0.996333779940757,0.598822449143666,0.67187176931434,0,0.0343512059128601
17.64,1.10144093722701e-19,0.557733154553685,0.438045037119797,0.00422180832642079,0.993490462082186,0.0163590259635526,0.988559032914901,0.502478229285319,0.992168612294192,0.996375117059729,0.599052829488695,0.671666366197973,0,0.0342379405699874
17.65,1.10144093722701e-19,0.557395163321216,0.438382892285405,0.00422194439328237,0.993568105409477,0.0163698221255728,0.98864048843379,0.502477423513799,0.992209272020206,0.996416085325116,0.599282378799438,0.671461562906238,0,0.0341246617639661
17.66,1.10144093722701e-19,0.557058267516634,0.438719658102467,0.0042220743808022,0.993645029375205,0.016380593634419,0.988721219895781,0.502476617839869,0.992249572757441,0.99645668700733,0.599511097658005,0.671257360320834,0,0.034011370492351
17.67,1.10144093722701e-19,0.556722467672681,0.439055334010464,0.00422219831675919,0.993721238518549,0.0163913405035477,0.988801231785557,0.502475812297757,0.99228951673435,0.996496924371182,0.599738986651545,0.671053759314541,0,0.0338980677544626
17.68,1.10144093722701e-19,0.556387764308412,0.439389919462851,0.00422231622864119,0.993796737367177,0.0164020627466247,0.988880528576812,0.502475006921666,0.992329106174037,0.996536799675842,0.599966046372241,0.670850760751199,0,0.0337847545513892
17.69,1.10144093722701e-19,0.556054157929199,0.439723413927051,0.00422242814365302,0.993871530437161,0.0164127603775207,0.98895911473217,0.502474201745774,0.99236834329421,0.996576315174798,0.600192277417306,0.67064836548569,0,0.0336714318859861
17.7,1.10144093722701e-19,0.555721649026729,0.44005581688445,0.00422253408872461,0.993945622232898,0.0164234334103075,0.989036994703092,0.502473396804225,0.992407230307135,0.996615473115813,0.600417680388983,0.670446574363918,0,0.0335581007628753
17.71,1.10144093722701e-19,0.555390238079,0.440387127830384,0.00422263409051919,0.994019017247031,0.0164340818592529,0.989114172929787,0.502472592131129,0.992445769419586,0.996654275740887,0.600642255894537,0.670245388222792,0,0.0334447621884467
17.72,1.10144093722701e-19,0.555059925550323,0.440717346274139,0.00422272817544156,0.99409171996037,0.0164447057388171,0.989190653841128,0.502471787760557,0.992483962832795,0.996692725286215,0.600866004546255,0.670044807890203,0,0.0333314171708572
17.73,1.10144093722701e-19,0.554730711891317,0.44104647173894,0.00422281636964644,0.994163734841807,0.0164553050636476,0.989266441854561,0.502470983726536,0.992521812742409,0.996730823982148,0.60108892696144,0.669844834185011,0,0.0332180667200304
17.74,1.10144093722701e-19,0.554402597538915,0.441374503761942,0.00422289869904695,0.994235066348248,0.0164658798485754,0.989341541376021,0.502470180063047,0.992559321338439,0.996768574053155,0.60131102376241,0.669645467917018,0,0.0331047118476574
17.75,1.10144093722701e-19,0.554075582916353,0.441701441894228,0.00422297518932301,0.994305718924527,0.0164764301086103,0.989415956799844,0.502469376804021,0.992596490805212,0.996805977717779,0.601532295576495,0.669446709886958,0,0.0329913535671962
17.76,1.10144093722701e-19,0.553749668433178,0.442027285700796,0.00422304586592998,0.994375697003333,0.0164869558589365,0.989489692508686,0.502468573983333,0.99263332332133,0.996843037188606,0.60175274303603,0.669248560886472,0,0.0328779928938723
17.77,1.10144093722701e-19,0.55342485448524,0.442352034760556,0.00422311075410721,0.994445005005134,0.0164974571149084,0.989562752873431,0.502467771634801,0.992669821059614,0.996879754672218,0.601972366778357,0.669051021698094,0,0.0327646308446782
17.78,1.10144093722701e-19,0.553101141454697,0.442675688666321,0.00422316987888674,0.994513647338101,0.0165079338920459,0.989635142253115,0.502466969792178,0.992705986187066,0.996916132369159,0.602191167445822,0.668854093095227,0,0.0326512684383732
17.79,1.10144093722701e-19,0.552778529710006,0.442998247024796,0.00422322326510203,0.994581628398031,0.0165183862060302,0.989706864994836,0.502466168489154,0.992741820864819,0.996952172473901,0.602409145685767,0.66865777584213,0,0.0325379066954844
17.8,1.10144093722701e-19,0.552457019605931,0.443319709456577,0.00422327093739668,0.994648952568277,0.0165288140726994,0.989777925433675,0.502465367759345,0.992777327248091,0.996987877174796,0.602626302150532,0.668462070693899,0,0.0324245466383055
17.81,1.10144093722701e-19,0.552136611483532,0.443640075596138,0.00422331292023325,0.99471562421967,0.0165392175080437,0.989848327892612,0.502464567636297,0.992812507486141,0.997023248654051,0.602842637497453,0.668266978396445,0,0.0323111892908973
17.82,1.10144093722701e-19,0.551817305670175,0.443959345091827,0.00422334923790216,0.99478164771045,0.0165495965282015,0.989918076682444,0.502463768153473,0.992847363722223,0.997058289087681,0.603058152388856,0.668072499686479,0,0.0321978356790883
17.83,1.10144093722701e-19,0.551499102479519,0.444277517605855,0.00422337991453048,0.99484702738619,0.0165599511494544,0.989987176101706,0.502462969344257,0.99288189809354,0.997093000645481,0.603272847492055,0.667878635291493,0,0.0320844868304739
17.84,1.10144093722701e-19,0.551182002211524,0.44459459281429,0.0042234049740909,0.994911767579729,0.0165702813882236,0.990055630436588,0.502462171241945,0.9929161127312,0.997127385490981,0.603486723479355,0.667685385929745,0,0.0319711437744162
17.85,1.10144093722701e-19,0.550866005152444,0.44491057040705,0.00422342444041064,0.994975872611097,0.0165805872610644,0.990123443960856,0.502461373879744,0.992950009760174,0.997161445781419,0.603699781028041,0.667492752310237,0,0.0318578075420448
17.86,1.10144093722701e-19,0.55055111157483,0.445225450087893,0.00422343833718043,0.995039346787447,0.0165908687846628,0.990190620935775,0.502460577290767,0.992983591299249,0.997195183667699,0.603912020820384,0.667300735132698,0,0.031744479166257
17.87,1.10144093722701e-19,0.550237321737527,0.445539231574413,0.00422344668796345,0.995102194402982,0.0166011259758304,0.990257165610027,0.502459781508027,0.993016859460984,0.997228601294359,0.604123443543636,0.66710933508757,0,0.0316311596817164
17.88,1.10144093722701e-19,0.549924635885672,0.445851914598028,0.00422344951620435,0.995164419738893,0.0166113588515003,0.990323082219636,0.502458986564436,0.993049816351668,0.997261700799535,0.604334049890024,0.666918552855986,0,0.0315178501248538
17.89,1.10144093722701e-19,0.549613054250693,0.446163498903973,0.00422344684523823,0.995226027063284,0.0166215674287229,0.99038837498789,0.5024581924928,0.993082464071278,0.997294484314927,0.604543840556755,0.666728389109755,0,0.0314045515338677
17.9,1.10144093722701e-19,0.54930257705031,0.446473984251295,0.00422343869829965,0.995287020631106,0.016631751724661,0.990453048125262,0.502457399325815,0.993114804713433,0.997326953965765,0.604752816246011,0.666538844511344,0,0.0312912649487232
17.91,1.10144093722701e-19,0.54899320448853,0.446783370412843,0.00422342509853162,0.995347404684092,0.0166419117565859,0.990517105829339,0.502456607096062,0.993146840365356,0.997359111870776,0.604960977664947,0.666349919713863,0,0.0311779914111534
17.92,1.10144093722701e-19,0.54868493675565,0.447091657175259,0.00422340606899464,0.995407183450692,0.0166520475418729,0.990580552284742,0.502455815836005,0.993178573107826,0.997390960142146,0.605168325525688,0.666161615361043,0,0.0310647319646571
17.93,1.10144093722701e-19,0.548377774028255,0.447398844338974,0.00422338163267565,0.995466361146001,0.0166621590979968,0.990643391663055,0.502455025577986,0.993210005015142,0.997422500885494,0.605374860545334,0.665973932087223,0,0.0309514876545016
17.94,1.10144093722701e-19,0.548071716469213,0.447704931718194,0.00422335181249704,0.995524941971701,0.0166722464425279,0.990705628122749,0.50245423635422,0.993241138155078,0.997453736199835,0.605580583445949,0.665786870517333,0,0.0308382595277209
17.95,1.10144093722701e-19,0.547766764227677,0.448009919140901,0.00422331663132563,0.995582930115994,0.0166823095931275,0.99076726580911,0.502453448196793,0.993271974588844,0.997484668177547,0.60578549495457,0.665600431266873,0,0.0307250486331156
17.96,1.10144093722701e-19,0.547462917439086,0.448313806448837,0.00422327611198157,0.995640329753536,0.0166923485675437,0.990828308854167,0.502452661137658,0.993302516371045,0.997515298904339,0.605989595803196,0.665414614941902,0,0.030611856021254
17.97,1.10144093722701e-19,0.547160176225159,0.448616593497498,0.00422323027724734,0.995697145045379,0.0167023633836071,0.990888761376617,0.502451875208629,0.993332765549637,0.997545630459224,0.606192886728793,0.665229422139018,0,0.030498682744472
17.98,1.10144093722701e-19,0.546858540693898,0.44891828015613,0.0042231791498766,0.995753380138906,0.0167123540592265,0.990948627481759,0.50245109044138,0.993362724165893,0.99757566491448,0.606395368473295,0.665044853445342,0,0.0303855298568717
17.99,1.10144093722701e-19,0.546558010939583,0.449218866307719,0.00422312275260304,0.995809039167768,0.016722320612385,0.991007911261421,0.502450306867437,0.993392394254361,0.997605404335626,0.606597041783596,0.6648609094385,0,0.0302723984143227
18,1.10144093722701e-19,0.546258587042775,0.44951835184898,0.00422306110814931,0.995864126251826,0.0167322630611353,0.991066616793888,0.502449524518181,0.993421777842822,0.997634850781386,0.606797907411555,0.664677590686611,0,0.030159289474462
18.01,1.10144093722701e-19,0.545960269070312,0.449816736690357,0.00422299423923569,0.995918645497091,0.0167421814235961,0.991124748143839,0.502448743424835,0.993450876952254,0.997664006303662,0.606997966113991,0.664494897748266,0,0.0300462040966933
18.02,1.10144093722701e-19,0.54566305707531,0.450114020756006,0.00422292216858893,0.995972600995661,0.0167520757179476,0.991182309362272,0.502447963618471,0.993479693596794,0.997692872947502,0.607197218652688,0.664312831172513,0,0.0299331433421882
18.03,1.10144093722701e-19,0.54536695109716,0.450410203983794,0.00422284491895095,0.996025996825666,0.0167619459624275,0.991239304486442,0.502447185129994,0.993508229783698,0.997721452751071,0.60739566579439,0.664131391498843,0,0.0298201082738843
18.04,1.10144093722701e-19,0.545071951161527,0.45070528632529,0.00422276251308742,0.996078837051207,0.0167717921753269,0.991295737539793,0.502446407990151,0.993536487513305,0.997749747745623,0.607593308310802,0.663950579257173,0,0.0297070999564873
18.05,1.10144093722701e-19,0.544778057280352,0.450999267745756,0.00422267497379645,0.9961311257223,0.0167816143749866,0.99135161253189,0.502445632229516,0.993564468778999,0.997777759955469,0.607790146978589,0.663770394967827,0,0.0295941194564699
18.06,1.10144093722701e-19,0.544485269451847,0.45129214822414,0.00422258232391709,0.996182866874821,0.0167914125797925,0.991406933458354,0.502444857878493,0.99359217556717,0.99780549139795,0.607986182579377,0.663590839141527,0,0.0294811678420714
18.07,1.10144093722701e-19,0.544193587660497,0.45158392775307,0.0042224845863378,0.996234064530446,0.016801186808172,0.9914617043008,0.502444084967313,0.993619609857184,0.997832944083411,0.608181415899755,0.663411912279369,0,0.029368246183299
18.08,1.10144093722701e-19,0.543903011877056,0.451874606338844,0.0042223817840049,0.996284722696597,0.0168109370785902,0.991515929026773,0.502443313526025,0.993646773621336,0.997860120015168,0.608375847731268,0.663233614872814,0,0.0292553555519264
18.09,1.10144093722701e-19,0.543613542058549,0.452164184001424,0.00422227393993084,0.99633484536639,0.0168206634095457,0.991569611589681,0.502442543584495,0.993673668824828,0.997887021189487,0.608569478870426,0.66305594740367,0,0.0291424970214947
18.1,1.10144093722701e-19,0.543325178148271,0.452452660774431,0.00422216107720256,0.996384436518576,0.016830365819567,0.991622755928739,0.502441775172406,0.993700297425721,0.997913649595547,0.608762310118698,0.662878910344074,0,0.0290296716673122
18.11,1.10144093722701e-19,0.543037920075783,0.452740036705132,0.00422204321898962,0.996433500117493,0.0168400443272082,0.991675365968901,0.502441008319248,0.993726661374908,0.997940007215426,0.608954342282513,0.662702504156482,0,0.0289168805664545
18.12,1.10144093722701e-19,0.542751767756913,0.453026311854439,0.00422192038855233,0.99648204011301,0.0168496989510461,0.991727445620804,0.50244024305432,0.993752762616078,0.997966096024062,0.609145576173265,0.66252672929365,0,0.028804124797764
18.13,1.10144093722701e-19,0.542466721093758,0.453311486296897,0.00422179260924976,0.996530060440474,0.0168593297096755,0.991778998780707,0.502439479406723,0.993778603085681,0.997991917989234,0.609336012607307,0.66235158619862,0,0.0286914054418507
18.14,1.10144093722701e-19,0.542182779974675,0.453595560120681,0.00422165990454772,0.996577565020663,0.0168689366217063,0.991830029330431,0.502438717405359,0.993804184712894,0.998017475071537,0.609525652405958,0.662177075304704,0,0.0285787235810905
18.15,1.10144093722701e-19,0.541899944274291,0.453878533427587,0.00422152229802655,0.996624557759733,0.0168785197057594,0.991880541137301,0.502437957078924,0.993829509419589,0.99804276922435,0.609714496395499,0.66200319703547,0,0.0284660802996286
18.16,1.10144093722701e-19,0.541618213853493,0.454160406333023,0.00422137981338891,0.996671042549165,0.0168880789804631,0.991930538054089,0.502437198455912,0.993854579120302,0.998067802393816,0.609902545407176,0.661829951804728,0,0.0283534766833754
18.17,1.10144093722701e-19,0.541337588559432,0.454441178966005,0.00422123247446742,0.996717023265722,0.01689761446445,0.991980023918955,0.502436441564602,0.993879395722196,0.998092576518817,0.610089800277201,0.661657340016512,0,0.0282409138200095
18.18,1.10144093722701e-19,0.54105806822552,0.454720851469152,0.0042210803052322,0.996762503771396,0.0169071261763528,0.992029002555396,0.502435686433062,0.993903961125034,0.998117093530948,0.610276261846752,0.661485362065068,0,0.0281283927989757
18.19,1.10144093722701e-19,0.540779652671431,0.454999423998675,0.00422092332979834,0.996807487913361,0.0169166141348014,0.992077477772184,0.502434933089144,0.993928277221145,0.998141355354493,0.610461930961976,0.661314018334842,0,0.0280159147114878
18.2,1.10144093722701e-19,0.540502341703099,0.455276896724372,0.0042207615724332,0.996851979523928,0.0169260783584195,0.99212545336332,0.502434181560477,0.993952345895395,0.998165363906401,0.610646808473989,0.661143309200457,0,0.0279034806505245
18.21,1.10144093722701e-19,0.540226135112719,0.455553269829622,0.00422059505756367,0.996895982420496,0.0169355188658206,0.99217293310797,0.50243343187447,0.993976169025156,0.998189121096264,0.610830895238877,0.660973235026708,0,0.0277910917108328
18.22,1.10144093722701e-19,0.539951032678742,0.455828543511379,0.00422042380978326,0.996939500405506,0.0169449356756057,0.992219920770423,0.502432684058307,0.993999748480272,0.998212628826292,0.611014192117699,0.660803796168542,0,0.0276787489889265
18.23,1.10144093722701e-19,0.539677034165879,0.456102717980166,0.00422024785385907,0.9969825372664,0.016954328806359,0.992266420100031,0.502431938138938,0.994023086123038,0.998235888991294,0.611196699976485,0.660634992971047,0,0.0275664535830881
18.24,1.10144093722701e-19,0.5394041393251,0.456375793460066,0.00422006721473872,0.997025096775571,0.0169636982766456,0.99231243483116,0.502431194143087,0.994046183808163,0.998258903478649,0.611378419686245,0.660466825769432,0,0.0274542065933641
18.25,1.10144093722701e-19,0.539132347893629,0.456647770188719,0.004219881917557,0.997067182690323,0.0169730441050078,0.992357968683144,0.502430452097239,0.994069043382746,0.998281674168293,0.611559352122965,0.660299294889022,0,0.027342009121571
18.26,1.10144093722701e-19,0.538861659594948,0.456918648417314,0.0042196919876426,0.997108798752828,0.0169823663099622,0.99240302536023,0.502429712027642,0.994091666686246,0.998304202932686,0.611739498167607,0.660132400645238,0,0.0272298622712912
18.27,1.10144093722701e-19,0.538592074138795,0.457188428410585,0.00421949745052449,0.997149948690082,0.0169916649099967,0.992447608551531,0.502428973960304,0.994114055550455,0.998326491636803,0.611918858706118,0.659966143343583,0,0.0271177671478745
18.28,1.10144093722701e-19,0.538323591221163,0.457457110446804,0.00421929833193835,0.997190636213865,0.0170009399235676,0.992491721930978,0.502428237920989,0.994136211799472,0.998348542138104,0.612097434629428,0.65980052327963,0,0.0270057248584373
18.29,1.10144093722701e-19,0.538056210524298,0.457724694817774,0.00421909465783273,0.9972308650207,0.0170101913690963,0.992535369157276,0.502427503935217,0.994158137249674,0.998370356286516,0.612275226833451,0.65963554073901,0,0.0268937365118645
18.3,1.10144093722701e-19,0.537789931716702,0.457991181828827,0.00421888645437516,0.99727063879181,0.0170194192649671,0.992578553873852,0.502426772028255,0.994179833709691,0.998391935924415,0.61245223621909,0.659471195997396,0,0.0267818032188067
18.31,1.10144093722701e-19,0.537524754453131,0.458256571798816,0.0042186737479581,0.997309961193083,0.0170286236295238,0.992621279708816,0.502426042225122,0.994201302980381,0.998413282886603,0.612628463692241,0.659307489320487,0,0.026669926091682
18.32,1.10144093722701e-19,0.537260678374592,0.458520865060108,0.00421845656520468,0.997348835875031,0.0170378044810673,0.992663550274912,0.502425314550582,0.994222546854806,0.998434399000291,0.612803910163789,0.659144420964003,0,0.0265581062446767
18.33,1.10144093722701e-19,0.536997703108346,0.458784061958584,0.00421823493297439,0.997387266472751,0.0170469618378528,0.992705369169477,0.502424589029143,0.994243567118204,0.998455286085076,0.612978576549619,0.658981991173661,0,0.0264463447937425
18.34,1.10144093722701e-19,0.536735828267907,0.459046162853629,0.00421800887836856,0.997425256605889,0.0170560957180873,0.992746739974395,0.502423865685052,0.994264365547965,0.998475945952927,0.613152463770612,0.65882020018517,0,0.0263346428565997
18.35,1.10144093722701e-19,0.53647505345304,0.459307168118129,0.00421777842873569,0.997462809878604,0.0170652061399271,0.992787666256058,0.502423144542297,0.994284943913614,0.998496380408165,0.613325572752653,0.658659048224216,0,0.0262230015527348
18.36,1.10144093722701e-19,0.536215378249761,0.459567078138467,0.00421754361167666,0.997499929879529,0.0170742931214749,0.992828151565326,0.502422425624602,0.994305303976777,0.998516591247441,0.613497904426629,0.658498535506446,0,0.0261114220034026
18.37,1.10144093722701e-19,0.535956802230339,0.459825893314516,0.00421730445504975,0.997536620181738,0.0170833566807782,0.992868199437482,0.502421708955425,0.994325447491169,0.998536580259723,0.613669459728439,0.658338662237458,0,0.0259999053316234
18.38,1.10144093722701e-19,0.535699324953292,0.460083614059637,0.00421706098697552,0.997572884342714,0.017092396835826,0.992907813392197,0.502420994557955,0.994345376202563,0.998556349226277,0.613840239598987,0.65817942861279,0,0.0258884526621865
18.39,1.10144093722701e-19,0.53544294596339,0.460340240800673,0.00421681323584152,0.997608725904308,0.0171014136045474,0.99294699693349,0.502420282455113,0.994365091848776,0.998575899920649,0.614010244984198,0.658020834817899,0,0.0257770651216466
18.4,1.10144093722701e-19,0.535187664791653,0.460595773977945,0.00421656123030682,0.997644148392714,0.0171104070048086,0.992985753549688,0.502419572669545,0.994384596159643,0.99859523410865,0.614179476835014,0.657862881028158,0,0.0256657438383265
18.41,1.10144093722701e-19,0.534933480955352,0.460850214045247,0.00421630499930645,0.997679155318429,0.0171193770544113,0.993024086713394,0.502418865223626,0.994403890856996,0.998614353548336,0.614347936107395,0.65770556740884,0,0.025554489942316
18.42,1.10144093722701e-19,0.534680393958006,0.461103561469843,0.00421604457205554,0.997713750176228,0.0171283237710906,0.993061999881448,0.502418160139451,0.994422977654649,0.998633259989999,0.614515623762329,0.657548894115104,0,0.0254433045654722
18.43,1.10144093722701e-19,0.534428403289385,0.461355816732466,0.00421577997805342,0.997747936445128,0.0171372471725126,0.993099496494892,0.502417457438841,0.994441858258372,0.998651955176142,0.614682540765832,0.657392861291984,0,0.0253321888414191
18.44,1.10144093722701e-19,0.53417750842551,0.461606980327307,0.00421551124708749,0.997781717588358,0.0171461472762728,0.993136579978936,0.502416757143334,0.994460534365876,0.998670440841473,0.614848688088956,0.657237469074375,0,0.0252211439055479
18.45,1.10144093722701e-19,0.53392770882865,0.461857052762018,0.00421523840923691,0.997815097053334,0.0171550240998941,0.993173253742925,0.502416059274188,0.994479007666797,0.998688718712882,0.615014066707787,0.657082717587025,0,0.0251101708950171
18.46,1.10144093722701e-19,0.533679003947323,0.462106034557706,0.00421496149487615,0.997848078271625,0.0171638776608251,0.993209521180307,0.502415363852378,0.994497279842668,0.998706790509431,0.615178677603455,0.656928606944517,0,0.0249992709487519
18.47,1.10144093722701e-19,0.533431393216298,0.462353926248929,0.0042146805346783,0.997880664658925,0.0171727079764382,0.9932453856686,0.502414670898593,0.994515352566913,0.998724657942341,0.615342521762133,0.656775137251266,0,0.0248884452074456
18.48,1.10144093722701e-19,0.533184876056592,0.462600728383694,0.00421439555961831,0.99791285961503,0.0171815150640282,0.993280850569363,0.502413980433237,0.994533227504825,0.998742322714973,0.615505600175047,0.656622308601494,0,0.0247776948135568
18.49,1.10144093722701e-19,0.532939451875473,0.462846441523456,0.00421410660097592,0.997944666523805,0.0171902989408102,0.993315919228165,0.502413292476425,0.994550906313547,0.998759786522817,0.615667913838475,0.656470121079231,0,0.024667020911314
18.5,1.10144093722701e-19,0.532695120066457,0.46309106624311,0.00421381369033855,0.997976088753163,0.0171990596239188,0.993350594974557,0.502412607047984,0.994568390642062,0.998777051053482,0.615829463753757,0.656318574758295,0,0.0245564246467097
18.51,1.10144093722701e-19,0.532451880009309,0.463334603130992,0.00421351685960385,0.998007129655035,0.0172077971304062,0.993384881122043,0.502411924167448,0.994585682131172,0.998794117986677,0.615990250927293,0.656167669702288,0,0.0244459071675062
18.52,1.10144093722701e-19,0.532209731070047,0.463577052788876,0.00421321614098225,0.99803779256535,0.0172165114772406,0.993418780968052,0.502411243854064,0.994602782413487,0.998810988994203,0.616150276370555,0.656017405964574,0,0.024335469623232
18.53,1.10144093722701e-19,0.531968672600934,0.463818415831972,0.00421291156699912,0.998068080804007,0.0172252026813057,0.993452297793914,0.50241056612678,0.99461969311341,0.998827665739939,0.616309541100091,0.655867783588275,0,0.0242251131651817
18.54,1.10144093722701e-19,0.531728703940485,0.464058692888923,0.00421260317049694,0.998097997674854,0.0172338707593986,0.993485434864835,0.502409891004255,0.994636415847121,0.998844149879833,0.616468046137521,0.65571880260626,0,0.0241148389464189
18.55,1.10144093722701e-19,0.531489824413466,0.464297884601802,0.00421229098463716,0.998127546465663,0.0172425157282291,0.993518195429868,0.502409218504851,0.994652952222568,0.998860443061883,0.616625792509554,0.655570463041132,0,0.0240046481217729
18.56,1.10144093722701e-19,0.531252033330891,0.464535991626112,0.00421197504290191,0.99815673044811,0.0172511376044187,0.993550582721894,0.502408548646632,0.994669303839448,0.998876546926136,0.616782781247989,0.655422764905214,0,0.0238945418478405
18.57,1.10144093722701e-19,0.531015329990025,0.464773014630784,0.00421165537909551,0.998185552877755,0.0172597364044993,0.993582599957597,0.502407881447369,0.994685472289203,0.998892463104671,0.616939013389716,0.655275708200544,0,0.0237845212829868
18.58,1.10144093722701e-19,0.530779713674385,0.465008954298174,0.00421133202734585,0.998214016994017,0.0172683121449124,0.993614250337443,0.502407216924533,0.994701459155001,0.998908193221588,0.617094489976729,0.655129292918856,0,0.0236745875873418
18.59,1.10144093722701e-19,0.530545183653736,0.465243811324063,0.00421100502210546,0.998242126020157,0.0172768648420081,0.993645537045659,0.502406555095296,0.994717266011729,0.998923738893003,0.617249212056125,0.654983519041581,0,0.0235647419228048
18.6,1.10144093722701e-19,0.530311739184096,0.465477586417656,0.00421067439815253,0.998269883163261,0.0172853945120448,0.993676463250212,0.502405895976531,0.994732894425982,0.998939101727033,0.617403180680116,0.654838386539821,0,0.0234549854530411
18.61,1.10144093722701e-19,0.530079379507733,0.46571028030158,0.00421034019059164,0.998297291614216,0.0172939011711879,0.99370703210279,0.502405239584813,0.994748345956052,0.998954283323789,0.617556396906029,0.654693895374353,0,0.0233453193434833
18.62,1.10144093722701e-19,0.529848103853169,0.465941893711881,0.00421000243485434,0.998324354547698,0.0173023848355093,0.993737246738785,0.502404585936415,0.994763622151918,0.998969285275367,0.617708861796316,0.654550045495606,0,0.0232357447613313
18.63,1.10144093722701e-19,0.529617911435175,0.46617242739803,0.00420966116669951,0.998351075122149,0.017310845520987,0.993767110277273,0.502403935047309,0.994778724555239,0.99898410916584,0.617860576418558,0.654406836843662,0,0.0231262628755523
18.64,1.10144093722701e-19,0.529388801454776,0.466401882122915,0.00420931642221357,0.998377456479766,0.0173192832435048,0.993796625821001,0.502403286933167,0.994793654699346,0.998998756571248,0.618011541845473,0.654264269348236,0,0.0230168748568799
18.65,1.10144093722701e-19,0.529160773099249,0.466630258662846,0.0042089682378105,0.998403501746483,0.0173276980188511,0.993825796456368,0.502402641609359,0.994808414109231,0.999013229059591,0.61816175915492,0.654122342928671,0,0.0229075818778158
18.66,1.10144093722701e-19,0.528933825542124,0.466857557807549,0.00420861665023156,0.998429214031955,0.0173360898627195,0.993854625253413,0.502401999090953,0.994823004301543,0.999027528190821,0.61831122942991,0.653981057493926,0,0.0227983851126285
18.67,1.10144093722701e-19,0.528707957943185,0.467083780360175,0.00420826169654501,0.998454596429546,0.0173444587907078,0.993883115265797,0.502401359392717,0.994837426784578,0.999041655516838,0.618459953758604,0.653840412942566,0,0.0226892857373534
18.68,1.10144093722701e-19,0.52848316944847,0.467308927137289,0.00420790341414544,0.998479652016312,0.0173528048183183,0.993911269530794,0.502400722529113,0.994851683058277,0.999055612581475,0.61860793323433,0.653700409162753,0,0.0225802849297931
18.69,1.10144093722701e-19,0.528259459190271,0.46753299896888,0.00420754184075305,0.998504383852994,0.0173611279609573,0.99393909106928,0.502400088514306,0.994865774614215,0.9990694009205,0.618755168955585,0.653561046032232,0,0.0224713838695175
18.7,1.10144093722701e-19,0.528036826287135,0.467755996698357,0.00420717701441268,0.998528794983998,0.0173694282339354,0.993966582885715,0.502399457362156,0.994879702935603,0.999083022061606,0.618901662026036,0.653422323418332,0,0.0223625837378642
18.71,1.10144093722701e-19,0.527815269843863,0.467977921182549,0.00420680897349261,0.99855288843739,0.0173777056524672,0.993993747968139,0.502398829086222,0.994893469497276,0.999096477524405,0.619047413554539,0.653284241177939,0,0.0222538857179365
18.72,1.10144093722701e-19,0.527594788951514,0.468198773291707,0.00420643775668328,0.998576667224881,0.0173859602316714,0.994020589288162,0.502398203699761,0.994907075765692,0.999109768820424,0.619192424655139,0.653146799157502,0,0.0221452909946061
18.73,1.10144093722701e-19,0.527375382687402,0.468418553909507,0.00420606340299572,0.998600134341819,0.0173941919865715,0.99404710980095,0.50239758121573,0.99492052319893,0.999122897453097,0.619336696447078,0.653009997193014,0,0.0220368007545114
18.74,1.10144093722701e-19,0.527157050115098,0.468637263933047,0.0042056859517598,0.998623292767181,0.0174024009320951,0.994073312445225,0.502396961646784,0.994933813246685,0.999135864917764,0.6194802300548,0.65287383511001,0,0.0219284161860582
18.75,1.10144093722701e-19,0.526939790284429,0.468854904272853,0.00420530544262235,0.998646145463559,0.0174105870830751,0.994099200143252,0.502396345005278,0.994946947350267,0.999148672701664,0.619623026607965,0.652738312723549,0,0.021820138479419
18.76,1.10144093722701e-19,0.526723602231483,0.469071475852876,0.00420492191554504,0.998668695377158,0.0174187504542498,0.994124775800835,0.502395731303267,0.994959926942597,0.99916132228393,0.619765087241452,0.65260342983821,0,0.0217119688265337
18.77,1.10144093722701e-19,0.526508484978604,0.469286979610498,0.00420453541080208,0.998690945437784,0.0174268910602628,0.994150042307314,0.502395120552506,0.994972753448208,0.999173815135587,0.619906413095368,0.652469186248083,0,0.0216039084211096
18.78,1.10144093722701e-19,0.526294437534396,0.469501416496531,0.00420414596897772,0.998712898558839,0.0174350089156645,0.994175002535558,0.502394512764452,0.994985428283242,0.999186152719552,0.620047005315052,0.652335581736759,0,0.0214959584586207
18.79,1.10144093722701e-19,0.526081458893721,0.46971478747522,0.00420375363096364,0.998734557637317,0.0174431040349119,0.994199659341961,0.502393907950263,0.994997952855451,0.999198336490622,0.620186865051093,0.652202616077318,0,0.021388120136308
18.8,1.10144093722701e-19,0.525869548037704,0.469927093524245,0.00420335843795602,0.998755925553795,0.0174511764323696,0.994224015566445,0.502393306120802,0.995010328564197,0.999210367895478,0.620325993459325,0.652070289032326,0,0.0212803946531803
18.81,1.10144093722701e-19,0.525658703933728,0.470138335634724,0.00420296043145256,0.998777005172431,0.0174592261223106,0.99424807403245,0.502392707286632,0.995022556800451,0.999222248372684,0.620464391700847,0.65193860035382,0,0.0211727832100134
18.82,1.10144093722701e-19,0.525448925535438,0.470348514811217,0.00420255965324921,0.998797799340959,0.0174672531189168,0.994271837546942,0.502392111458024,0.995034638946799,0.999233979352677,0.620602060942023,0.651807549783304,0,0.0210652870093497
18.83,1.10144093722701e-19,0.525240211782743,0.470557632071725,0.00420215614543682,0.998818310890686,0.0174752574362802,0.994295308900407,0.502391518644952,0.995046576377437,0.999245562257775,0.620739002354495,0.651677137051735,0,0.0209579072554994
18.84,1.10144093722701e-19,0.525032561601812,0.470765688447696,0.00420174995039748,0.998838542636489,0.0174832390884035,0.994318490866853,0.502390928857099,0.99505837045818,0.999256998502166,0.620875217115192,0.651547361879521,0,0.0208506451545391
18.85,1.10144093722701e-19,0.524825973905078,0.470972684984026,0.00420134111080084,0.998858497376814,0.0174911980892016,0.994341386203815,0.502390342103853,0.99507002254646,0.999268289491917,0.62101070640633,0.65141822397651,0,0.0207435019143138
18.86,1.10144093722701e-19,0.524620447591238,0.471178622739067,0.0042009296696001,0.998878177893674,0.0174991344525021,0.994363997652354,0.502389758394313,0.995081533991329,0.999279436624963,0.621145471415438,0.651289723041976,0,0.020636478744434
18.87,1.10144093722701e-19,0.524415981545252,0.471383502784625,0.00420051567002789,0.998897586952649,0.0175070481920467,0.994386327937061,0.502389177737287,0.995092906133469,0.999290441291117,0.621279513335349,0.651161858764618,0,0.0205295768562787
18.88,1.10144093722701e-19,0.524212574638348,0.471587326205965,0.00420009915559202,0.998916727302886,0.0175149393214927,0.994408379766066,0.502388600141295,0.99510414030519,0.99930130487206,0.621412833364219,0.651034630822549,0,0.0204227974629931
18.89,1.10144093722701e-19,0.524010225728017,0.471790094101817,0.00419968017007098,0.998935601677099,0.0175228078544137,0.994430155831038,0.502388025614569,0.995115237830436,0.999312028741349,0.621545432705534,0.65090803888329,0,0.0203161417794906
18.9,1.10144093722701e-19,0.523808933658016,0.47199180758438,0.00419925875750929,0.998954212791571,0.0175306538043013,0.994451658807191,0.502387454165058,0.995126200024793,0.999322614264415,0.621677312568119,0.650782082603756,0,0.0202096110224506
18.91,1.10144093722701e-19,0.523608697258369,0.472192467779323,0.0041988349622127,0.998972563346158,0.0175384771845663,0.994472891353295,0.502386885800424,0.995137028195493,0.999333062798562,0.621808474166147,0.650656761630253,0,0.0201032064103206
18.92,1.10144093722701e-19,0.523409515345369,0.472392075825792,0.00419840882874323,0.998990656024289,0.0175462780085405,0.994493856111683,0.502386320528049,0.995147723641422,0.999343375692972,0.621938918719149,0.650532075598472,0,0.0199969291633146
18.93,1.10144093722701e-19,0.523211386721576,0.472590632876415,0.00419798040191397,0.999008493492972,0.0175540562894777,0.994514555708254,0.502385758355032,0.995158287653122,0.999353554288704,0.622068647452026,0.650408024133472,0,0.0198907805034141
18.94,1.10144093722701e-19,0.523014310175816,0.472788140097305,0.00419754972678382,0.999026078402794,0.0175618120405558,0.99453499275249,0.502385199288193,0.995168721512806,0.999363599918697,0.622197661595053,0.650284606849684,0,0.0197847616543673
18.95,1.10144093722701e-19,0.522818284483187,0.472984598668066,0.004197116848652,0.999043413387933,0.0175695452748781,0.994555169837464,0.502384643334078,0.995179026494359,0.999373513907773,0.622325962383893,0.650161823350896,0,0.0196788738416899
18.96,1.10144093722701e-19,0.522623308405056,0.473180009781796,0.00419668181305239,0.999060501066157,0.0175772560054752,0.994575089539848,0.502384090498953,0.99518920386335,0.999383297572637,0.622453551059609,0.650039673230244,0,0.0195731182926646
18.97,1.10144093722701e-19,0.522429380689059,0.473374374645098,0.0041962446657478,0.999077344038832,0.0175849442453064,0.994594754419928,0.502383540788814,0.995199254877042,0.999392952221885,0.622580428868666,0.649918156070215,0,0.0194674962363422
18.98,1.10144093722701e-19,0.522236500069103,0.473567694478077,0.00419580545272396,0.999093944890932,0.0175926100072622,0.994614167021616,0.502382994209384,0.995209180784398,0.999402479156002,0.622706597062952,0.649797271442623,0,0.019362008903539
18.99,1.10144093722701e-19,0.522044665265367,0.473759970514354,0.00419536422018345,0.999110306191042,0.0176002533041654,0.994633329872464,0.502382450766116,0.995218982826093,0.999411879667371,0.62283205689978,0.649677018908618,0,0.019256657526839
19,1.10144093722701e-19,0.5218538749843,0.473951204001066,0.00419492101453943,0.99912643049137,0.0176078741487737,0.994652245483677,0.502381910464198,0.995228662234521,0.99942115504027,0.622956809641901,0.64955739801867,0,0.0191514433405946
19.01,1.10144093722701e-19,0.521664127918623,0.474141396198873,0.00419447588240928,0.999142320327753,0.0176154725537811,0.994670916350133,0.502381373308549,0.995238220233814,0.999430306550886,0.623080856557515,0.649438408312561,0,0.0190463675809237
19.02,1.10144093722701e-19,0.521475422747331,0.474330548381966,0.004194028870608,0.999157978219669,0.0176230485318205,0.99468934495039,0.502380839303828,0.995247658039843,0.99943933546731,0.623204198920282,0.649320049319386,0,0.0189414314857119
19.03,1.10144093722701e-19,0.52128775813569,0.474518661838073,0.00419358002614155,0.999173406670244,0.0176306020954654,0.994707533746712,0.502380308454433,0.995256976860238,0.999448243049548,0.623326838009334,0.649202320557533,0,0.0188366362946119
19.04,1.10144093722701e-19,0.521101132735242,0.474705737868463,0.00419312939620002,0.999188608166268,0.0176381332572321,0.994725485185083,0.502379780764502,0.995266177894394,0.999457030549525,0.62344877510928,0.649085221534691,0,0.0187319832490444
19.05,1.10144093722701e-19,0.520915545183799,0.474891777787955,0.00419267702815066,0.999203585178201,0.0176456420295821,0.994743201695224,0.502379256237917,0.995275262333489,0.999465699211091,0.623570011510225,0.648968751747831,0,0.018627473592196
19.06,1.10144093722701e-19,0.520730994105449,0.475076782924925,0.00419222296953075,0.999218340160188,0.0176531284249242,0.994760685690613,0.502378734878309,0.995284231360494,0.999474250270025,0.623690548507774,0.648852910683209,0,0.0185231085690208
19.07,1.10144093722701e-19,0.520547478110553,0.475260754621311,0.0041917672680404,0.999232875550073,0.0176605924556167,0.994777939568509,0.502378216689054,0.995293086150186,0.999482684954045,0.62381038740305,0.648737697816349,0,0.0184188894262406
19.08,1.10144093722701e-19,0.520364995795749,0.47544369423262,0.00419130997153516,0.99924719376941,0.01766803413397,0.994794965709966,0.502377701673283,0.995301827869168,0.999491004482811,0.6239295295027,0.648623112612047,0,0.0183148174123436
19.09,1.10144093722701e-19,0.520183545743947,0.475625603127939,0.00419085112801851,0.999261297223477,0.017675453472249,0.994811766479859,0.502377189833878,0.995310457675873,0.999499210067935,0.624047976118907,0.648509154524357,0,0.0182108937775859
19.1,1.10144093722701e-19,0.520003126524333,0.475806482689937,0.00419039078563428,0.999275188301296,0.017682850482675,0.994828344226909,0.502376681173479,0.99531897672059,0.999507302912986,0.624165728569406,0.648395822996588,0,0.0181071197739899
19.11,1.10144093722701e-19,0.519823736692368,0.475986334314878,0.00418992899265888,0.999288869375641,0.017690225177429,0.994844701283698,0.502376175694485,0.995327386145471,0.999515284213499,0.624282788177493,0.648283117461296,0,0.0180034966553462
19.12,1.10144093722701e-19,0.519645374789789,0.476165159412622,0.00418946579749347,0.999302342803058,0.0176975775686537,0.994860839966699,0.502375673399058,0.995335687084555,0.999523155156984,0.624399156272031,0.648171037340281,0,0.0179000256772113
19.13,1.10144093722701e-19,0.519468039344606,0.476342959406642,0.00418900124865593,0.999315610923883,0.017704907668456,0.994876762576302,0.502375174289122,0.995343880663775,0.999530916922931,0.624514834187475,0.648059582044576,0,0.0177967080969093
19.14,1.10144093722701e-19,0.519291728871108,0.476519735734023,0.00418853539477285,0.999328676062258,0.0177122154889102,0.994892471396833,0.502374678366372,0.995351968000982,0.999538570682824,0.624629823263868,0.647948750974449,0,0.017693545173533
19.15,1.10144093722701e-19,0.519116441869857,0.476695489845476,0.00418806828457129,0.999341540526147,0.01771950104206,0.994907968696587,0.502374185632271,0.99535995020596,0.999546117600143,0.624744124846872,0.647838543519384,0,0.0175905381679394
19.16,1.10144093722701e-19,0.518942176827689,0.476870223205344,0.00418759996687048,0.999354206607358,0.0177267643399215,0.994923256727849,0.502373696088056,0.995367828380442,0.999553558830381,0.62485774028776,0.647728959058088,0,0.0174876883427552
19.17,1.10144093722701e-19,0.51876893221772,0.477043937291611,0.00418713049057344,0.999366676581562,0.017734005394486,0.994938337726928,0.502373209734741,0.99537560361813,0.999560895521047,0.624970670943447,0.647619996958477,0,0.017384996962373
19.18,1.10144093722701e-19,0.518596706499336,0.47721663359591,0.00418665990465847,0.99937895270831,0.0177412242177226,0.994953213914181,0.502372726573117,0.995383277004713,0.999568128811679,0.625082918176488,0.647511656577676,0,0.0172824652929524
19.19,1.10144093722701e-19,0.518425498118201,0.477388313623533,0.00418618825817054,0.999391037231057,0.0177484208215812,0.99496788749404,0.502372246603761,0.995390849617886,0.999575259833857,0.625194483355095,0.647403937262012,0,0.0171800946024214
19.2,1.10144093722701e-19,0.518255305506253,0.477558978893438,0.00418571560021264,0.999402932377183,0.0177555952179951,0.994982360655049,0.50237176982703,0.99539832252737,0.999582289711206,0.625305367853159,0.647296838347003,0,0.0170778861604733
19.21,1.10144093722701e-19,0.518086127081705,0.477728630938262,0.00418524197993697,0.999414640358012,0.0177627474188841,0.994996635569889,0.502371296243076,0.995405696794928,0.999589219559416,0.625415573050247,0.647190359157359,0,0.0169758412385703
19.22,1.10144093722701e-19,0.517917961249043,0.477897271304325,0.00418476744653608,0.999426163368836,0.0177698774361573,0.995010714395412,0.502370825851837,0.99541297347439,0.999596050486246,0.625525100331629,0.647084499006974,0,0.016873961109941
19.23,1.10144093722701e-19,0.517750806399028,0.478064901551642,0.00418429204923394,0.999437503588942,0.017776985281716,0.995024599272671,0.502370358653049,0.995420153611671,0.999602783591541,0.625633951088281,0.64697925719892,0,0.0167722470495805
19.24,1.10144093722701e-19,0.517584660908693,0.478231523253934,0.00418381583727694,0.999448663181629,0.017784070967457,0.995038292326955,0.502369894646243,0.995427238244791,0.999609419967237,0.625742126716905,0.646874633025446,0,0.0166707003342525
19.25,1.10144093722701e-19,0.517419523141345,0.478397137998635,0.00418333885992474,0.999459644294237,0.0177911345052749,0.995051795667819,0.502369433830755,0.9954342284039,0.999615960697381,0.625849628619938,0.646770625767966,0,0.0165693222424867
19.26,1.10144093722701e-19,0.517255391446563,0.478561747386901,0.00418286116644115,0.999470449058172,0.0177981759070659,0.995065111389124,0.502368976205721,0.995441125111293,0.99962240685814,0.625956458205566,0.646667234697061,0,0.01646811405458
19.27,1.10144093722701e-19,0.517092264160196,0.478725353033624,0.00418238280608487,0.999481079588929,0.0178051951847305,0.995078241569065,0.502368521770089,0.995447929381442,0.999628759517813,0.626062616887743,0.646564459072466,0,0.0163670770525967
19.28,1.10144093722701e-19,0.516930139604366,0.478887956567438,0.00418190382810021,0.999491537986122,0.0178121923501763,0.995091188270212,0.502368070522614,0.995454642221008,0.999635019736844,0.626168106086196,0.646462298143076,0,0.0162662125203688
19.29,1.10144093722701e-19,0.516769016087465,0.479049559630732,0.00418142428170771,0.999501826333506,0.0178191674153219,0.995103953539542,0.502367622461868,0.995461264628869,0.999641188567837,0.626272927226444,0.646360751146928,0,0.0161655217434946
19.3,1.10144093722701e-19,0.516608891904152,0.479210163879658,0.00418094421609477,0.999511946699009,0.0178261203920989,0.99511653940848,0.50236717758624,0.995467797596145,0.999647267055571,0.626377081739809,0.646259817311212,0,0.0160650060093404
19.31,1.10144093722701e-19,0.516449765335357,0.479369770984141,0.00418046368040612,0.999521901134761,0.0178330512924563,0.995128947892933,0.502366735893941,0.995474242106216,0.999653256237009,0.626480571063437,0.646159495852247,0,0.0159646666070379
19.32,1.10144093722701e-19,0.516291634648276,0.479528382627894,0.00417998272373437,0.999531691677116,0.0178399601283625,0.995141180993329,0.502366297383004,0.99548059913475,0.999659157141319,0.626583396640299,0.646059785975497,0,0.0158645048274883
19.33,1.10144093722701e-19,0.516134498096372,0.479686000508422,0.00417950139511039,0.999541320346688,0.0178468469118095,0.995153240694659,0.502365862051291,0.995486869649727,0.999664970789881,0.626685559919222,0.645960686875549,0,0.0157645219633582
19.34,1.10144093722701e-19,0.515978353919372,0.479842626337039,0.00417901974349377,0.99955078914838,0.0178537116548152,0.995165128966512,0.502365429896497,0.995493054611461,0.999670698196311,0.626787062354887,0.64586219773612,0,0.0156647193090821
19.35,1.10144093722701e-19,0.515823200343267,0.479998261838874,0.00417853781776311,0.99956010007141,0.0178605543694273,0.995176847763117,0.502365000916151,0.995499154972629,0.999676340366469,0.626887905407854,0.645764317730047,0,0.0155650981608617
19.36,1.10144093722701e-19,0.515669035580314,0.480152908752884,0.00417805566670644,0.99956925508935,0.0178673750677261,0.995188399023385,0.502364575107619,0.995505171678291,0.999681898298477,0.626988090544571,0.645667046019288,0,0.0154656598166655
19.37,1.10144093722701e-19,0.515515857829026,0.480306568831867,0.00417757333901142,0.99957825616015,0.0178741737618282,0.995199784670949,0.50236415246811,0.995511105665921,0.999687372982736,0.627087619237395,0.645570381754906,0,0.0153664055762289
19.38,1.10144093722701e-19,0.515363665274179,0.48045924384247,0.00417709088325567,0.999587105226174,0.0178809504638891,0.995211006614207,0.502363732994678,0.995516957865428,0.999692765401941,0.627186492964598,0.645474324077084,0,0.0152673367410559
19.39,1.10144093722701e-19,0.515212456086807,0.4806109355652,0.00417660834789701,0.999595804214236,0.0178877051861071,0.995222066746362,0.502363316684226,0.995522729199184,0.999698076531097,0.62728471321039,0.6453788721151,0,0.0151684546144149
19.4,1.10144093722701e-19,0.515062228424201,0.480761645794439,0.0041761257812637,0.999604355035627,0.0178944379407262,0.995232966945469,0.50236290353351,0.995528420582055,0.999703307337538,0.627382281464926,0.645284024987342,0,0.0150697605013447
19.41,1.10144093722701e-19,0.514912980429906,0.480911376338454,0.00417564323154462,0.999612759586154,0.0179011487400397,0.995243709074479,0.502362493539141,0.995534032921419,0.999708458780942,0.62747919922433,0.645189781801288,0,0.0149712557086488
19.42,1.10144093722701e-19,0.514764710233719,0.481060129019406,0.00417516074677955,0.999621019746175,0.017907837596393,0.995254294981277,0.50236208669759,0.995539567117201,0.999713531813348,0.627575467990704,0.645096141653513,0,0.0148729415448989
19.43,1.10144093722701e-19,0.514617415951691,0.481207905673364,0.00417467837484927,0.99962913738063,0.0179145045221873,0.995264726498738,0.502361683005191,0.995545024061896,0.999718527379178,0.627671089272143,0.645003103629681,0,0.0147748193204339
19.44,1.10144093722701e-19,0.51447109568612,0.481354708150318,0.00417419616346586,0.999637114339082,0.017921149529883,0.99527500544476,0.502361282458144,0.9955504046406,0.999723446415249,0.627766064582754,0.644910666804544,0,0.0146768903473595
19.45,1.10144093722701e-19,0.514325747525552,0.481500538314189,0.00417371416016283,0.999644952455752,0.0179277726320025,0.995285133622323,0.502360885052521,0.995555709731032,0.999728289850793,0.62786039544267,0.644818830241932,0,0.0145791559395487
19.46,1.10144093722701e-19,0.514181369544778,0.481645398042841,0.00417323241228535,0.999652653549554,0.017934373841134,0.995295112819525,0.502360490784266,0.995560940203572,0.999733058607482,0.627954083378064,0.644727592994759,0,0.0144816174126411
19.47,1.10144093722701e-19,0.514037959804831,0.481789289228094,0.00417275096698047,0.999660219424135,0.0179409531699346,0.995304944809637,0.502360099649201,0.995566096921281,0.999737753599435,0.628047129921168,0.644636954105009,0,0.0143842760840443
19.48,1.10144093722701e-19,0.513895516352983,0.481932213775735,0.00417226987118735,0.999667651867913,0.0179475106311334,0.995314631351147,0.502359711643029,0.995571180739932,0.999742375733248,0.628139536610282,0.644546912603746,0,0.0142871332729332
19.49,1.10144093722701e-19,0.513754037222747,0.482074173605531,0.00417178917162747,0.999674952654114,0.0179540462375352,0.995324174187808,0.502359326761337,0.995576192508043,0.999746925908009,0.628231304989801,0.644457467511093,0,0.0141901903002486
19.5,1.10144093722701e-19,0.513613520433867,0.482215170651242,0.00417130891479494,0.999682123540817,0.0179605600020236,0.995333575048692,0.502358944999602,0.995581133066901,0.999751405015315,0.628322436610222,0.644368617836246,0,0.0140934484886993
19.51,1.10144093722701e-19,0.513473963992324,0.482355206860634,0.00417082914694675,0.999689166270985,0.0179670519375643,0.995342835648235,0.502358566353191,0.995586003250597,0.999755813939299,0.628412933028159,0.644280362577463,0,0.0139969091627617
19.52,1.10144093722701e-19,0.513335365890324,0.482494284195488,0.00417034991409313,0.999696082572515,0.0179735220572083,0.995351957686286,0.502358190817365,0.995590803886049,0.999760153556643,0.628502795806371,0.644192700722055,0,0.0139005736486776
19.53,1.10144093722701e-19,0.513197724106302,0.482632404631615,0.00416987126198787,0.999702874158271,0.0179799703740953,0.995360942848164,0.502357818387287,0.99559553579304,0.999764424736603,0.628592026513764,0.644105631246397,0,0.0138044432744582
19.54,1.10144093722701e-19,0.513061036604916,0.48276957015887,0.0041693932361187,0.999709542726133,0.017986396901457,0.995369792804703,0.50235744905802,0.995600199784245,0.999768628341029,0.628680626725413,0.644019153115917,0,0.0137085193698809
19.55,1.10144093722701e-19,0.512925301337044,0.482905782781163,0.00416891588169774,0.999716089959034,0.0179928016526202,0.995378509212308,0.502357082824534,0.995604796665257,0.999772765224385,0.628768598022586,0.643933265285086,0,0.0136128032664889
19.56,1.10144093722701e-19,0.512790516239782,0.483041044516471,0.00416843924365197,0.999722517525005,0.0179991846410102,0.995387093713003,0.502356719681707,0.995609327234628,0.999776836233774,0.628855941992746,0.643847966697431,0,0.0135172962975949
19.57,1.10144093722701e-19,0.512656679236439,0.483175357396852,0.00416796336661375,0.999728827077218,0.0180055458801539,0.995395547934488,0.502356359624332,0.995613792283889,0.999780842208954,0.628942660229581,0.643763256285521,0,0.013421999798277
19.58,1.10144093722701e-19,0.512523788236533,0.48330872346846,0.00416748829491136,0.99973502025403,0.018011885383683,0.99540387349019,0.502356002647118,0.995618192597591,0.999784783982363,0.629028754333014,0.643679132970967,0,0.0133269151053814
19.59,1.10144093722701e-19,0.512391841135791,0.483441144791554,0.00416701407255965,0.999741098679029,0.0180182031653375,0.995412071979316,0.502355648744691,0.995622528953331,0.999788662379145,0.629114225909221,0.643595595664422,0,0.0132320435575211
19.6,1.10144093722701e-19,0.512260835816141,0.483572623440513,0.00416654074325075,0.999747063961074,0.0180244992389686,0.995420144986912,0.502355297911604,0.995626802121783,0.999792478217166,0.629199076570648,0.643512643265572,0,0.0131373864950755
19.61,1.10144093722701e-19,0.51213077014571,0.48370316150385,0.00416606835034475,0.999752917694348,0.0180307736185418,0.99542809408391,0.502354950142335,0.995631012866735,0.999796232307038,0.629283307936031,0.643430274663143,0,0.0130429452601926
19.62,1.10144093722701e-19,0.512001641978821,0.483832761084224,0.00416559693686059,0.999758661458398,0.0180370263181403,0.99543592082719,0.502354605431294,0.995635161945117,0.999799925452149,0.629366921630405,0.643348488734891,0,0.0129487211967872
19.63,1.10144093722701e-19,0.511873449155986,0.483961424298452,0.00416512654546688,0.999764296818186,0.0180432573519681,0.995443626759632,0.502354263772822,0.995639250107035,0.999803558448677,0.629449919285132,0.643267284347604,0,0.0128547156505403
19.64,1.10144093722701e-19,0.511746189503904,0.484089153277528,0.00416465721847291,0.999769825324131,0.0180494667343527,0.995451213410173,0.502353925161199,0.995643278095802,0.999807132085618,0.629532302537915,0.643186660357094,0,0.0127609299689004
19.65,1.10144093722701e-19,0.511619860835458,0.484215950166627,0.00416418899781964,0.999775248512162,0.0180556544797489,0.995458682293864,0.502353589590645,0.995647246647974,0.999810647144813,0.629614073032807,0.643106615608204,0,0.0126673655010837
19.66,1.10144093722701e-19,0.511494460949705,0.484341817125129,0.00416372192507086,0.999780567903764,0.0180618206027412,0.995466034911927,0.502353257055324,0.99565115649338,0.999814104400965,0.629695232420244,0.643027148934798,0,0.0125740235980733
19.67,1.10144093722701e-19,0.511369987631879,0.484466756326622,0.00416325604140434,0.999785785006027,0.0180679651180472,0.995473272751812,0.502352927549347,0.995655008355156,0.999817504621669,0.629775782357048,0.642948259159762,0,0.0124809056126191
19.68,1.10144093722701e-19,0.511246438653378,0.484590769958924,0.00416279138760317,0.999790901311695,0.0180740880405204,0.995480397287255,0.502352601066774,0.995658802949778,0.999820848567436,0.629855724506453,0.642869945095003,0,0.0123880128992386
19.69,1.10144093722701e-19,0.511123811771766,0.484713860224092,0.00416232800404711,0.999795918299214,0.0180801893851533,0.995487409978338,0.502352277601622,0.995662540987097,0.999824136991716,0.629935060538123,0.642792205541442,0,0.0122953468142161
19.7,1.10144093722701e-19,0.511002104730764,0.484836029338436,0.00416186593070408,0.999800837432789,0.0180862691670806,0.995494312271542,0.502351957147861,0.995666223170371,0.999827370640922,0.630013792128164,0.642715039289023,0,0.0122029087156038
19.71,1.10144093722701e-19,0.510881315260246,0.484957279532537,0.00416140520712173,0.999805660162425,0.0180923274015814,0.995501105599815,0.502351639699424,0.995669850196299,0.999830550254462,0.630091920959151,0.642638445116698,0,0.0121106999632193
19.72,1.10144093722701e-19,0.510761441076234,0.485077613051252,0.0041609458724191,0.999810387923987,0.0180983641040828,0.995507791382623,0.502351325250205,0.995673422755054,0.999833676564757,0.630169448720137,0.642562421792435,0,0.0120187219186499
19.73,1.10144093722701e-19,0.510642479880891,0.485197032153735,0.00416048796527844,0.999815022139247,0.0181043792901625,0.995514371026017,0.502351013794067,0.995676941530322,0.999836750297272,0.630246377106678,0.64248696807321,0,0.0119269759452472
19.74,1.10144093722701e-19,0.510524429362518,0.485315539113449,0.00416003152393704,0.999819564215939,0.0181103729755516,0.995520845922689,0.502350705324841,0.995680407199329,0.999839772170539,0.630322707820851,0.642412082705011,0,0.0118354634081323
19.75,1.10144093722701e-19,0.510407287195546,0.48543313621818,0.0041595765861793,0.999824015547808,0.0181163451761373,0.995527217452033,0.502350399836329,0.995683820432879,0.999842742896187,0.630398442571264,0.642337764422834,0,0.0117441856741923
19.76,1.10144093722701e-19,0.510291051040529,0.485549825770047,0.0041591231893288,0.99982837751467,0.0181222959079659,0.995533486980208,0.502350097322313,0.995687181895392,0.999845663178965,0.630473583073087,0.64226401195068,0,0.0116531441120815
19.77,1.10144093722701e-19,0.510175718544143,0.485665610085521,0.00415867137024055,0.999832651482457,0.0181282251872452,0.995539655860198,0.502349797776548,0.995690492244931,0.999848533716771,0.63054813104806,0.642190824001557,0,0.0115623400922219
19.78,1.10144093722701e-19,0.510061287339174,0.485780491495437,0.00415822116529335,0.999836838803282,0.0181341330303476,0.995545725431875,0.502349501192776,0.995693752133243,0.999851355200681,0.630622088224523,0.642118199277471,0,0.0114717749868023
19.79,1.10144093722701e-19,0.509947755044516,0.485894472345007,0.00415777261038226,0.999840940815482,0.0181400194538123,0.99555169702206,0.502349207564719,0.995696962205791,0.999854128314972,0.630695456337422,0.642046136469437,0,0.0113814501697774
19.8,1.10144093722701e-19,0.50983511926516,0.486007554993833,0.00415732574091121,0.999844958843684,0.0181458844743481,0.995557571944586,0.50234891688609,0.995700123101789,0.999856853737153,0.630768237128335,0.64197463425747,0,0.0112913670168723
19.81,1.10144093722701e-19,0.509723377592193,0.486119741815925,0.00415688059178574,0.999848894198854,0.0181517281088362,0.995563351500362,0.502348629150589,0.995703235454241,0.999859532137992,0.630840432345493,0.641903691310582,0,0.0112015269055758
19.82,1.10144093722701e-19,0.509612527602787,0.486231035199712,0.00415643719740589,0.999852748178354,0.0181575503743321,0.995569036977436,0.502348344351911,0.995706299889967,0.999862164181546,0.630912043743795,0.641833306286786,0,0.0111119312151453
19.83,1.10144093722701e-19,0.509502566860193,0.486341437548053,0.00415599559165918,0.999856522066004,0.0181633512880688,0.995574629651055,0.502348062483747,0.99570931702965,0.999864750525184,0.630983073084827,0.641763477833094,0,0.0110225813266057
19.84,1.10144093722701e-19,0.509393492913733,0.486450951278258,0.00415555580791376,0.999860217132133,0.0181691308674588,0.995580130783735,0.502347783539785,0.995712287487863,0.999867291819623,0.631053522136884,0.641694204585512,0,0.0109334786227483
19.85,1.10144093722701e-19,0.509285303298797,0.486559578822096,0.00415511787901172,0.999863834633637,0.0181748891300964,0.995585541625321,0.502347507513714,0.995715211873107,0.99986978870895,0.631123392674987,0.641625485169046,0,0.0108446244881325
19.86,1.10144093722701e-19,0.50917799553683,0.486667322625812,0.00415468183726251,0.999867375814044,0.0181806260937603,0.995590863413052,0.502347234399228,0.995718090787847,0.999872241830659,0.631192686480906,0.641557318197694,0,0.010756020309084
19.87,1.10144093722701e-19,0.509071567135327,0.486774185150141,0.00415424771443651,0.999870841903563,0.0181863417764161,0.995596097371628,0.502346964190026,0.995720924828548,0.999874651815672,0.631261405343175,0.641489702274448,0,0.010667667473695
19.88,1.10144093722701e-19,0.508966015587826,0.48688016887032,0.00415381554175878,0.99987423411915,0.0181920361962179,0.995601244713273,0.502346696879817,0.99572371458571,0.999877019288372,0.631329551057112,0.641422635991298,0,0.010579567371827
19.89,1.10144093722701e-19,0.5088613383739,0.486985276276102,0.00415338534990294,0.999877553664565,0.0181977093715111,0.995606306637801,0.502346432462321,0.995726460643901,0.999879344866636,0.631397125424845,0.641356117929222,0,0.0104917213951067
19.9,1.10144093722701e-19,0.508757532959145,0.487089509871774,0.0041529571689852,0.999880801730433,0.0182033613208341,0.995611284332682,0.50234617093127,0.995729163581801,0.999881629161861,0.631464130255322,0.641290146658196,0,0.0104041309369288
19.91,1.10144093722701e-19,0.50865459679518,0.487192872176166,0.00415253102855854,0.999883979494301,0.018208992062921,0.995616178973109,0.502345912280414,0.995731823972228,0.999883872778993,0.631530567364341,0.64122472073718,0,0.0103167973924545
19.92,1.10144093722701e-19,0.508552527319629,0.487295365722669,0.00415210695760711,0.999887088120704,0.0182146016167031,0.995620991722063,0.50234565650352,0.99573444238218,0.999886076316564,0.631596438574559,0.641159838714133,0,0.0102297221586132
19.93,1.10144093722701e-19,0.508451321956119,0.487396993059245,0.00415168498454071,0.999890128761223,0.0182201900013109,0.995625723730379,0.502345403594375,0.995737019372872,0.999888240366716,0.631661745715524,0.641095499126001,0,0.0101429066341009
19.94,1.10144093722701e-19,0.508350978114271,0.487497756748444,0.00415126513718946,0.999893102554545,0.0182257572360766,0.995630376136816,0.502345153546792,0.995739555499766,0.999890365515236,0.631726490623686,0.641031700498721,0,0.0100563522193801
19.95,1.10144093722701e-19,0.508251493189687,0.487597659367419,0.00415084744279871,0.999896010626531,0.0182313033405354,0.99563495006812,0.502344906354603,0.995742051312613,0.999892452341584,0.63179067514242,0.64096844134722,0,0.0099700603166816
19.96,1.10144093722701e-19,0.508152864563945,0.487696703507935,0.00415043192802398,0.999898854090272,0.0182368283344279,0.995639446639094,0.502344662011673,0.995744507355488,0.999894501418928,0.631854301122046,0.640905720175418,0,0.00988403233000223
19.97,1.10144093722701e-19,0.508055089604589,0.48779489177639,0.0041500186189262,0.999901634046156,0.0182423322377012,0.995643866952666,0.502344420511893,0.995746924166822,0.999896513314171,0.631917370419852,0.640843535476219,0,0.0097982696651077
19.98,1.10144093722701e-19,0.507958165665117,0.487892226793821,0.00414960754096704,0.999904351581931,0.0182478150705113,0.995648212099953,0.502344181849185,0.995749302279446,0.999898488587987,0.631979884900112,0.640781885731518,0,0.0097127737295279
19.99,1.10144093722701e-19,0.507862090084975,0.487988711195926,0.00414919871900446,0.999907007772766,0.0182532768532245,0.995652483160336,0.502343946017503,0.995751642220618,0.999900427794852,0.632041846434103,0.640720769412206,0,0.00962754593256329
20,1.10144093722701e-19,0.507766860189546,0.488084347633071,0.00414879217728843,0.999909603681318,0.0182587176064191,0.995656681201522,0.502343713010839,0.995753944512069,0.999902331483074,0.632103256900137,0.640660184978152,0,0.0095425876852788
20.01,1.10144093722701e-19,0.50767247329014,0.488179138770308,0.00414838793945678,0.999912140357797,0.0182641373508867,0.995660807279613,0.502343482823217,0.995756209670031,0.999904200194826,0.632164118183565,0.640600130878223,0,0.00945790040050839
20.02,1.10144093722701e-19,0.507578926683985,0.488273087287389,0.00414798602853131,0.999914618840028,0.0182695361076343,0.995664862439181,0.502343255448703,0.995758438205277,0.999906034466182,0.632224432176813,0.64054060555027,0,0.00937348549285129
20.03,1.10144093722701e-19,0.507486217654213,0.488366195878778,0.00414758646691402,0.999917040153518,0.018274913897885,0.99566884771333,0.502343030881401,0.995760630623161,0.999907834827146,0.632284200779394,0.640481607421136,0,0.00928934437867593
20.04,1.10144093722701e-19,0.507394343469856,0.488458467253666,0.00414718927638356,0.999919405311524,0.0182802707430802,0.995672764123767,0.502342809115457,0.995762787423644,0.999909601801684,0.632343425897932,0.640423134906654,0,0.00920547847611646
20.05,1.10144093722701e-19,0.50730330138583,0.488549904135983,0.0041467944780918,0.999921715315114,0.0182856066648802,0.995676612680875,0.50234259014506,0.995764909101344,0.999911335907762,0.632402109446183,0.640365186411642,0,0.00912188920507449
20.06,1.10144093722701e-19,0.507213088642928,0.488640509264417,0.00414640209256071,0.999923971153238,0.0182909216851663,0.995680394383776,0.502342373964443,0.99576699614556,0.999913037657377,0.632460253345053,0.640307760329915,0,0.00903857798721932
20.07,1.10144093722701e-19,0.507123702467806,0.48873028539242,0.0041460121396793,0.999926173802793,0.0182962158260411,0.995684110220408,0.502342160567886,0.995769049040317,0.999914707556585,0.632517859522626,0.640250855044268,0,0.00895554624598567
20.08,1.10144093722701e-19,0.507035140072975,0.488819235288229,0.00414562463870078,0.999928324228691,0.0183014891098304,0.99568776116759,0.502341949949716,0.995771068264397,0.999916346105547,0.632574929914174,0.640194468926496,0,0.00887279540657827
20.09,1.10144093722701e-19,0.506947398656789,0.488907361734876,0.00414523960824001,0.999930423383926,0.018306741559084,0.995691348191093,0.502341742104307,0.995773054291379,0.99991795379855,0.632631466462191,0.640138600337378,0,0.0087903268959667
20.1,1.10144093722701e-19,0.50686047540343,0.488994667530204,0.00414485706627098,0.999932472209642,0.0183119731965768,0.995694872245713,0.502341537026086,0.995775007589673,0.99991953112405,0.632687471116406,0.640083247626687,0,0.00870814214288837
20.11,1.10144093722701e-19,0.506774367482905,0.489081155486876,0.00414447703012462,0.999934471635202,0.0183171840453099,0.995698334275336,0.502341334709528,0.995776928622558,0.999921078564702,0.632742945833805,0.640028409133187,0,0.00862624257784746
20.12,1.10144093722701e-19,0.506689072051024,0.489166828432395,0.0041440995164867,0.999936422578255,0.0183223741285111,0.995701735213015,0.502341135149163,0.995778817848217,0.999922596597395,0.632797892578655,0.639974083184634,0,0.00854462963311668
20.13,1.10144093722701e-19,0.506604586249396,0.489251689209114,0.00414372454139602,0.999938325944809,0.0183275434696365,0.995705075981037,0.50234093833957,0.995780675719773,0.999924085693288,0.632852313322525,0.639920268097775,0,0.0084633047427344
20.14,1.10144093722701e-19,0.506520907205413,0.48933574067425,0.00414335212024272,0.999940182629294,0.0183326920923706,0.995708357490995,0.502340744275387,0.995782502685329,0.999925546317844,0.632906210044307,0.639866962178351,0,0.00838226934250639
20.15,1.10144093722701e-19,0.506438032032241,0.489418985699898,0.00414298226776678,0.99994199351464,0.0183378200206275,0.995711580643856,0.502340552951303,0.995784299187997,0.999926978930864,0.632959584730237,0.639814163721096,0,0.00830152487000592
20.16,1.10144093722701e-19,0.506355957828803,0.489501427173045,0.00414261499805683,0.999943759472337,0.0183429272785512,0.995714746330039,0.502340364362065,0.995786065665944,0.999928383986524,0.633012439373918,0.639761871009739,0,0.00822107276457337
20.17,1.10144093722701e-19,0.506274681679772,0.489583067995584,0.004142250324549,0.999945481362517,0.0183480138905167,0.995717855429479,0.502340178502476,0.995787802552418,0.999929761933407,0.63306477597634,0.639710082317003,0,0.00814091446731632
20.18,1.10144093722701e-19,0.506194200655555,0.489663911084324,0.00414188826002608,0.999947160034014,0.0183530798811302,0.995720908811705,0.502339995367398,0.995789510275792,0.999931113214545,0.633116596545903,0.639658795904608,0,0.00806105142110934
20.19,1.10144093722701e-19,0.506114511812278,0.489743959371009,0.00414152881661682,0.99994879632444,0.0183581252752297,0.995723907335905,0.502339814951748,0.995791189259596,0.999932438267446,0.633167903098439,0.639608010023269,0,0.00798148507059408
20.2,1.10144093722701e-19,0.506035612191782,0.489823215802328,0.00414117200579548,0.99995039106026,0.0183631500978853,0.995726851851005,0.502339637250503,0.995792839922557,0.999933737524138,0.633218697657236,0.639557722912697,0,0.00790221686217955
20.21,1.10144093722701e-19,0.505957498821596,0.489901683339927,0.00414081783838152,0.999951945056855,0.0183681543744,0.995729743195731,0.5023394622587,0.995794462678627,0.999935011411196,0.633268982253055,0.639507932801603,0,0.00782324824404173
20.22,1.10144093722701e-19,0.505880168714939,0.489979364960427,0.00414046632453954,0.999953459118602,0.0183731381303094,0.995732582198693,0.502339289971433,0.995796057937029,0.999936260349789,0.633318758924155,0.639458637907698,0,0.00774458066612369
20.23,1.10144093722701e-19,0.505803618870693,0.490056263655433,0.00414011747377936,0.99995493403894,0.0183781013913825,0.995735369678447,0.502339120383859,0.995797626102286,0.999937484755705,0.633368029716316,0.639409836437689,0,0.00766621558013559
20.24,1.10144093722701e-19,0.505727846273399,0.49013238243155,0.00413977129495639,0.999956370600449,0.0183830441836216,0.995738106443572,0.502338953491193,0.99579916757426,0.999938685039398,0.633416796682858,0.639361526587288,0,0.00758815443955581
20.25,1.10144093722701e-19,0.505652847893237,0.490207724310395,0.0041394277962721,0.999957769574916,0.0183879665332624,0.995740793292741,0.502338789288711,0.995800682748187,0.999939861606014,0.633465061884668,0.639313706541204,0,0.00751039869962813
20.26,1.10144093722701e-19,0.505578620686018,0.490282292328612,0.00413908698527478,0.999959131723413,0.0183928684667742,0.995743431014795,0.50233862777175,0.995802172014712,0.999941014855438,0.63351282739022,0.639266374473152,0,0.00743294981736428
20.27,1.10144093722701e-19,0.505505161593163,0.490356089537881,0.00413874886886038,0.99996045779637,0.0183977500108598,0.99574602038881,0.502338468935706,0.995803635759927,0.999942145182322,0.633560095275594,0.639219528545851,0,0.00735580925154335
20.28,1.10144093722701e-19,0.505432467541695,0.490429119004936,0.00413841345327372,0.999961748533646,0.0184026111924555,0.995748562184178,0.502338312776038,0.995805074365405,0.999943252976126,0.633606867624503,0.639173166911023,0,0.00727897846271168
20.29,1.10144093722701e-19,0.505360535444219,0.490501383811576,0.00413808074410972,0.999963004664604,0.018407452038731,0.995751057160671,0.502338159288264,0.995806488208233,0.999944338621158,0.633653146528312,0.639127287709396,0,0.00720245891318212
20.3,1.10144093722701e-19,0.505289362198912,0.490572887054678,0.00413775074631494,0.999964226908189,0.0184122725770891,0.995753506068519,0.502338008467962,0.995807877661055,0.999945402496604,0.633698934086065,0.639081889070708,0,0.00712625206703548
20.31,1.10144093722701e-19,0.505218944689506,0.490643631846209,0.00413742346418932,0.999965415972996,0.0184170728351655,0.995755909648481,0.502337860310774,0.995809243092098,0.999946444976572,0.633744232404505,0.639036969113701,0,0.00705035939011852
20.32,1.10144093722701e-19,0.505149279785275,0.490713621313242,0.00413709890138803,0.99996657255735,0.0184218528408287,0.995758268631917,0.502337714812397,0.995810584865217,0.999947466430126,0.633789043598093,0.63899252594613,0,0.00697478235004637
20.33,1.10144093722701e-19,0.505080364341015,0.490782858597966,0.00413677706092359,0.999967697349378,0.0184266126221791,0.995760583740862,0.502337571968592,0.995811903339922,0.999948467221323,0.633833369789036,0.638948557664759,0,0.00689952241620097
20.34,1.10144093722701e-19,0.505012195197036,0.4908513468577,0.00413645794516821,0.999968791027085,0.0184313522075492,0.995762855688098,0.502337431775176,0.995813198871418,0.999949447709256,0.633877213107309,0.638905062355363,0,0.00682458105973078
20.35,1.10144093722701e-19,0.504944769179141,0.490919089264908,0.00413614155585622,0.999969854258431,0.0184360716255027,0.995765085177228,0.502337294228029,0.995814471810638,0.999950408248083,0.633920575690675,0.638862038092735,0,0.00674995975355248
20.36,1.10144093722701e-19,0.504878083098611,0.490986089007207,0.00413582789408679,0.999970887701404,0.0184407709048341,0.995767272902746,0.502337159323086,0.995815722504282,0.999951349187074,0.633963459684708,0.638819482940678,0,0.00667565997234875
20.37,1.10144093722701e-19,0.504812133752194,0.491052349287384,0.00413551696032682,0.999971892004099,0.018445450074568,0.995769419550113,0.502337027056341,0.995816951294845,0.999952270870643,0.634005867242823,0.63877739495201,0,0.00660168319256988
20.38,1.10144093722701e-19,0.504746917922084,0.491117873323407,0.00413520875441398,0.999972867804791,0.0184501091639586,0.995771525795829,0.502336897423846,0.99581815852066,0.999953173638388,0.634047800526284,0.638735772168572,0,0.00652803089243427
20.39,1.10144093722701e-19,0.504682432375906,0.491182664348439,0.00413490327556002,0.999973815732014,0.0184547482024887,0.995773592307505,0.50233677042171,0.995819344515925,0.999954057825131,0.634089261704245,0.638694612621216,0,0.00645470455192557
20.4,1.10144093722701e-19,0.504618673866702,0.491246725610849,0.0041346005223542,0.999974736404635,0.0184593672198692,0.995775619743938,0.502336646046096,0.995820509610745,0.999954923760952,0.634130252953757,0.638653914329822,0,0.00638170565279593
20.41,1.10144093722701e-19,0.504555639132913,0.491310060374225,0.00413430049276692,0.999975630431934,0.018463966246038,0.995777608755182,0.502336524293223,0.99582165413116,0.999955771771234,0.6341707764598,0.638613675303289,0,0.00630903567856502
20.42,1.10144093722701e-19,0.504493324898364,0.491372671917388,0.0041340031841536,0.999976498413677,0.0184685453111593,0.995779559982621,0.502336405159363,0.995822778399186,0.999956602176695,0.634210834415307,0.638573893539534,0,0.0062366961145175
20.43,1.10144093722701e-19,0.504431727872244,0.491434563534402,0.00413370859325865,0.999977340940197,0.0184731044456224,0.995781474059044,0.502336288640845,0.995823882732845,0.999957415293432,0.634250429021178,0.638534567025507,0,0.00616468844770806
20.44,1.10144093722701e-19,0.504370844749095,0.49149573853459,0.0041334167162197,0.99997815859247,0.0184776436800411,0.995783351608715,0.502336174734044,0.9958249674462,0.999958211432954,0.634289562486318,0.638495693737175,0,0.00609301416695596
20.45,1.10144093722701e-19,0.50431067220879,0.491556200242543,0.004133127548572,0.99997895194219,0.0184821630452521,0.99578519324745,0.502336063435392,0.995826032849392,0.999958990902227,0.63432823702764,0.638457271639541,0,0.00602167476284967
20.46,1.10144093722701e-19,0.504251206916518,0.491615951998134,0.00413284108525297,0.99997972155185,0.0184866625723143,0.995786999582686,0.502335954741367,0.995827079248669,0.99995975400371,0.63436645487011,0.638419298686631,0,0.0059506717277432
20.47,1.10144093722701e-19,0.504192445522766,0.491674997156532,0.00413255732060695,0.999980467974821,0.0184911422925072,0.995788771213556,0.502335848648496,0.995828106946427,0.999960501035394,0.634404218246753,0.638381772821504,0,0.00588000655575863
20.48,1.10144093722701e-19,0.504134384663304,0.491733339088211,0.00413227624839016,0.999981191755424,0.01849560223733,0.995790508730962,0.502335745153357,0.995829116241239,0.99996123229084,0.634441529398685,0.638344691976253,0,0.00580968074278459
20.49,1.10144093722701e-19,0.504077020959165,0.491790981178964,0.00413199786177578,0.999981893429013,0.0185000424385004,0.995792212717647,0.502335644252568,0.995830107427888,0.999961948059221,0.634478390575134,0.638308054072003,0,0.00573969578647818
20.5,1.10144093722701e-19,0.50402035101663,0.491847926829916,0.00413172215335923,0.999982573522055,0.0185044629279527,0.99579388374827,0.502335545942798,0.995831080797408,0.99996264862536,0.634514804033466,0.638271857018913,0,0.00567005318626179
20.51,1.10144093722701e-19,0.503964371427207,0.491904179457535,0.00413144911516366,0.999983232552202,0.0185088637378369,0.995795522389476,0.502335450220755,0.995832036637109,0.999963334269769,0.634550772039203,0.638236098716182,0,0.0056007544433259
20.52,1.10144093722701e-19,0.503909078767615,0.491959742493645,0.00413117873864555,0.999983871028377,0.0185132449005171,0.99579712919997,0.50233535708319,0.995832975230615,0.999964005268687,0.634586296866049,0.638200777052046,0,0.0055318010606286
20.53,1.10144093722701e-19,0.503854469599768,0.492014619385437,0.0041309110147005,0.999984489450845,0.01851760644857,0.995798704730591,0.502335266526894,0.995833896857898,0.999964661894123,0.634621380795918,0.63816588990378,0,0.00546319454289357
20.54,1.10144093722701e-19,0.503800540470753,0.492068813595483,0.00413064593366923,0.999985088311299,0.0185219484147832,0.995800249524384,0.502335178548697,0.99583480179531,0.999965304413892,0.634656026118947,0.638131435137704,0,0.00539493639661394
20.55,1.10144093722701e-19,0.503747287912814,0.492122328601747,0.00413038348534369,0.999985668092936,0.0185262708321537,0.995801764116672,0.502335093145467,0.995835690315617,0.99996593309166,0.634690235133531,0.638097410609182,0,0.005327028130048
20.56,1.10144093722701e-19,0.503694708443336,0.492175167897596,0.00413012365897335,0.999986229270534,0.0185305737338864,0.995803249035128,0.502335010314103,0.99583656268803,0.999966548186974,0.634724010146338,0.63806381416262,0,0.00525947125322209
20.57,1.10144093722701e-19,0.503642798564819,0.492227334991814,0.00412986644327166,0.999986772310536,0.0185348571533922,0.995804704799852,0.502334930051542,0.995837419178242,0.999967149955312,0.63475735347234,0.638030643631473,0,0.00519226727792895
20.58,1.10144093722701e-19,0.503591554764869,0.492278833408613,0.00412961182642266,0.999987297671124,0.0185391211242863,0.995806131923437,0.50233485235475,0.995838260048459,0.999967738648117,0.634790267434825,0.637997896838245,0,0.00512541771772982
20.59,1.10144093722701e-19,0.503540973516173,0.492329666687644,0.00412935979608775,0.999987805802302,0.0185433656803862,0.995807530911048,0.502334777220723,0.995839085557432,0.999968314512839,0.634822754365433,0.637965571594491,0,0.00505892408795204
20.6,1.10144093722701e-19,0.503491051276482,0.492379838384011,0.00412911033941263,0.999988297145975,0.0185475908557103,0.995808902260488,0.502334704646485,0.99583989596049,0.999968877792971,0.634854816604174,0.637933665700816,0,0.00499278790568992
20.61,1.10144093722701e-19,0.50344178448859,0.492429352068281,0.00412886344303435,0.999988772136028,0.0185517966844757,0.995810246462277,0.502334634629085,0.995840691509574,0.999969428728096,0.634886456499449,0.637902176946883,0,0.00492701068980611
20.62,1.10144093722701e-19,0.50339316958032,0.492478211326497,0.00412861909308851,0.999989231198405,0.0185559832010962,0.995811563999719,0.502334567165597,0.995841472453268,0.999969967553921,0.634917676408083,0.637871103111405,0,0.00486159396092868
20.63,1.10144093722701e-19,0.503345202964499,0.492526419760189,0.00412837727521671,0.999989674751189,0.0185601504401806,0.995812855348976,0.502334502253115,0.995842239036832,0.999970494502318,0.634948478695335,0.637840441962157,0,0.0047965392414542
20.64,1.10144093722701e-19,0.503297881038944,0.492573980986387,0.00412813797457398,0.999990103204684,0.0185642984365303,0.995814120979143,0.502334439888753,0.995842991502237,0.999971009801366,0.634978865734931,0.637810191255973,0,0.0047318480555466
20.65,1.10144093722701e-19,0.503251200186438,0.49262089863763,0.00412790117583647,0.99999051696149,0.0185684272251379,0.995815361352312,0.502334380069642,0.99584373008819,0.999971513675389,0.635008839909089,0.637780348738743,0,0.00466752192913537
20.66,1.10144093722701e-19,0.503205156774713,0.492667176361983,0.00412766686320921,0.999990916416589,0.0185725368411841,0.995816576923656,0.502334322792927,0.995844455030176,0.999972006344998,0.635038403608536,0.637750912145425,0,0.00460356238991863
20.67,1.10144093722701e-19,0.50315974715643,0.492712817823041,0.0041274350204341,0.99999130195742,0.0185766273200364,0.995817768141488,0.502334268055768,0.995845166560479,0.999972488027128,0.635067559232534,0.637721879200041,0,0.00453997096736132
20.68,1.10144093722701e-19,0.50311496766916,0.492757826699947,0.00412720563079787,0.99999167396396,0.0185806986972467,0.995818935447342,0.502334215855334,0.995845864908225,0.999972958935082,0.635096309188909,0.637693247615674,0,0.00447674919269478
20.69,1.10144093722701e-19,0.503070814635362,0.492802206687403,0.00412697867714035,0.999992032808806,0.0185847510085489,0.995820079276042,0.5023341661888,0.995846550299403,0.999973419278568,0.635124655894065,0.637665015094481,0,0.00441389859891812
20.7,1.10144093722701e-19,0.503027284362364,0.492845961495678,0.00412675414186276,0.999992378857253,0.0185887842898568,0.995821200055771,0.50233411905335,0.995847222956907,0.999973869263741,0.635152601773018,0.637637179327685,0,0.00435142072079811
20.71,1.10144093722701e-19,0.502984373142346,0.492889094850623,0.00412653200693609,0.999992712467374,0.0185927985772617,0.995822298208147,0.502334074446168,0.995847883100558,0.99997430909324,0.635180149259411,0.637609737995581,0,0.00428931709486739
20.72,1.10144093722701e-19,0.502942077252315,0.49293161049368,0.00412631225390974,0.999993033990102,0.0185967939070301,0.995823374148289,0.50233403236444,0.995848530947142,0.999974738966233,0.635207300795543,0.637582688767536,0,0.00422758925942676
20.73,1.10144093722701e-19,0.502900392954089,0.492973512181896,0.00412609486392013,0.999993343769307,0.0186007703156015,0.995824428284891,0.502333992805349,0.995849166710438,0.999975159078455,0.635234058832393,0.637556029301993,0,0.004166238754544
20.74,1.10144093722701e-19,0.502859316494272,0.493014803687933,0.00412587981769951,0.999993642141877,0.0186047278395859,0.995825461020297,0.502333955766076,0.995849790601251,0.999975569622243,0.635260425829639,0.637529757246472,0,0.00410526712205357
20.75,1.10144093722701e-19,0.502818844104239,0.493055488800081,0.00412566709558483,0.999993929437801,0.0186086665157612,0.995826472750564,0.502333921243791,0.995850402827442,0.999975970786587,0.635286404255686,0.63750387023757,0,0.00404467590555784
20.76,1.10144093722701e-19,0.502778972000113,0.493095571322265,0.00412545667752681,0.999994205980245,0.018612586381071,0.995827463865537,0.502333889235657,0.995851003593958,0.999976362757158,0.63531199658769,0.637478365900963,0,0.00398446665042533
20.77,1.10144093722701e-19,0.502739696382743,0.493135055074063,0.00412524854309894,0.999994472085632,0.0186164874726221,0.995828434748921,0.502333859738823,0.995851593102864,0.999976745716358,0.63533720531158,0.63745324185141,0,0.0039246409037926
20.78,1.10144093722701e-19,0.502701013437684,0.493173943890714,0.0041250426715068,0.999994728063725,0.0186203698276819,0.99582938577835,0.502333832750422,0.995852171553374,0.999977119843354,0.635362032922079,0.637428495692751,0,0.00386520021456275
20.79,1.10144093722701e-19,0.50266291933518,0.493212241623127,0.00412483904159726,0.999994974217704,0.0186242334836757,0.995830317325456,0.502333808267571,0.995852739141882,0.999977485314119,0.635386481922735,0.637404125017912,0,0.00380614613340627
20.8,1.10144093722701e-19,0.502625410230139,0.493249952137898,0.00412463763186797,0.999995210844247,0.0186280784781844,0.995831229755941,0.502333786287365,0.995853296061989,0.999977842301475,0.635410554825936,0.637380127408908,0,0.003747480212761
20.81,1.10144093722701e-19,0.502588482262111,0.493287079317317,0.00412443842047677,0.99999543823361,0.018631904848942,0.995832123429647,0.502333766806874,0.995853842504538,0.999978190975129,0.635434254152943,0.637356500436838,0,0.00368920400683176
20.82,1.10144093722701e-19,0.502552131555272,0.493323627059381,0.00412424138525135,0.999995656669704,0.0186357126338326,0.995832998700626,0.502333749823145,0.995854378657639,0.999978531501717,0.635457582433908,0.63733324166189,0,0.00363131907159058
20.83,1.10144093722701e-19,0.502516354218401,0.493359599277805,0.0041240465036988,0.999995866430179,0.018639501870888,0.995833855917209,0.502333735333192,0.995854904706707,0.999978864044839,0.635480542207895,0.637310348633348,0,0.00357382696477589
20.84,1.10144093722701e-19,0.502481146344856,0.493394999902033,0.00412385375301545,0.999996067786501,0.0186432725982851,0.995834695422074,0.502333723333998,0.995855420834482,0.999979188765103,0.635503136022913,0.637287818889584,0,0.00351672924589505
20.85,1.10144093722701e-19,0.502446504012557,0.493429832877252,0.00412366311009663,0.999996261004028,0.0186470248543431,0.995835517552322,0.50233371382251,0.995855927221065,0.999979505820163,0.635525366435929,0.637265649958068,0,0.00346002747622025
20.86,1.10144093722701e-19,0.50241242328396,0.493464102164398,0.00412347455154658,0.999996446342097,0.018650758677521,0.995836322639537,0.50233370679564,0.995856424043948,0.99997981536476,0.635547236012902,0.637243839355361,0,0.00340372321879274
20.87,1.10144093722701e-19,0.502378900206043,0.493497811740174,0.00412328805368837,0.999996624054096,0.0186544741064145,0.995837111009862,0.502333702250253,0.995856911478039,0.999980117550757,0.635568747328796,0.637222384587127,0,0.00334781803841976
20.88,1.10144093722701e-19,0.502345930810276,0.493530965597055,0.00412310359257398,0.999996794387548,0.0186581711797537,0.995837882984066,0.502333700183176,0.995857389695698,0.999980412527188,0.635589902967616,0.637201283148125,0,0.00329231350167645
20.89,1.10144093722701e-19,0.502313511112606,0.493563567743305,0.00412292114399434,0.999996957584186,0.0186618499364,0.995838638877612,0.502333700591184,0.995857858866761,0.999980700440288,0.635610705522418,0.637180532522215,0,0.00323721117690467
20.9,1.10144093722701e-19,0.502281637113433,0.493595622202982,0.00412274068348947,0.999997113880035,0.0186655104153438,0.995839379000725,0.502333703471005,0.99585831915857,0.999980981433537,0.635631157595344,0.637160130182361,0,0.00318251263421361
20.91,1.10144093722701e-19,0.502250304797589,0.493627133015957,0.00412256218635871,0.999997263505488,0.0186691526557011,0.995840103658463,0.502333708819311,0.995858770736004,0.9999812556477,0.63565126179764,0.637140073590626,0,0.00312821944547915
20.92,1.10144093722701e-19,0.502219510134316,0.493658104237918,0.00412238562767094,0.999997406685386,0.0186727766967115,0.995840813150781,0.502333716632719,0.995859213761508,0.999981523220865,0.635671020749679,0.637120360198182,0,0.00307433318434553
20.93,1.10144093722701e-19,0.502189249077245,0.493688539940385,0.00412221098227487,0.999997543639098,0.0186763825777345,0.995841507772604,0.502333726907787,0.995859648395117,0.999981784288481,0.635690437080991,0.637100987445302,0,0.00302085542622198
20.94,1.10144093722701e-19,0.502159517564372,0.493718444210723,0.00412203822480939,0.999997674580596,0.0186799703382476,0.995842187813891,0.502333739641009,0.995860074794493,0.999982038983401,0.635709513430278,0.637081952761369,0,0.00296778774828734
20.95,1.10144093722701e-19,0.502130311518042,0.493747821152149,0.00412186732971395,0.999997799718532,0.0186835400178428,0.995842853559703,0.502333754828815,0.995860493114947,0.999982287435917,0.635728252445443,0.637063253564874,0,0.00291513172948587
20.96,1.10144093722701e-19,0.502101626844919,0.493776674883747,0.00412169827123895,0.999997919256323,0.0186870916562242,0.995843505290272,0.502333772467564,0.995860903509469,0.999982529773802,0.63574665678361,0.637044887263419,0,0.00286288895052974
20.97,1.10144093722701e-19,0.502073459435972,0.493805009540477,0.00412153102345622,0.999998033392219,0.018690625293205,0.995844143281066,0.502333792553545,0.995861306128757,0.999982766122347,0.635764729111152,0.637026851253716,0,0.00281106099389826
20.98,1.10144093722701e-19,0.502045805166448,0.493832829273187,0.00412136556026943,0.999998142319388,0.0186941409687049,0.995844767802859,0.50233381508297,0.995861701121247,0.999982996604403,0.635782472103711,0.637009142921586,0,0.00275964944383736
20.99,1.10144093722701e-19,0.502018659895854,0.493860138248626,0.00412120185542465,0.999998246225991,0.0186976387227467,0.995845379121792,0.502333840051974,0.995862088633136,0.999983221340413,0.635799888446222,0.636991759641969,0,0.00270865588636024
21,1.10144093722701e-19,0.50199201946793,0.493886940649454,0.00412103988252083,0.999998345295256,0.0187011185954544,0.995845977499446,0.50233386745661,0.995862468808415,0.999983440448459,0.635816980832935,0.636974698778916,0,0.0026580819092483
21.01,1.10144093722701e-19,0.501965879710633,0.493913240674251,0.00412087961502034,0.99999843970556,0.0187045806270494,0.995846563192905,0.502333897292848,0.995862841788895,0.999983654044295,0.635833751967447,0.636957957685591,0,0.00260792910204823
21.02,1.10144093722701e-19,0.50194023643611,0.493939042537535,0.00412072102625951,0.9999985296305,0.0187080248578484,0.99584713645482,0.502333929556566,0.995863207714233,0.999983862241386,0.63585020456271,0.636941533704279,0,0.00255819905607588
21.03,1.10144093722701e-19,0.50191508544068,0.493964350469766,0.0041205640894592,0.999998615238974,0.0187114513282603,0.995847697533478,0.502333964243556,0.995863566721962,0.99998406515095,0.635866341341067,0.636925424166382,0,0.0025088933644124
21.04,1.10144093722701e-19,0.501890422504808,0.493989168717362,0.00412040877773532,0.999998696695256,0.0187148600787832,0.995848246672866,0.502334001349511,0.995863918947518,0.999984262881989,0.635882165034271,0.636909626392417,0,0.00246001362190744
21.05,1.10144093722701e-19,0.501866243393086,0.494013501542709,0.00412025506410943,0.99999877415907,0.0187182511500022,0.995848784112737,0.502334040870032,0.995864264524266,0.999984455541336,0.635897678383507,0.636894137692024,0,0.00241156142517729
21.06,1.10144093722701e-19,0.501842543854212,0.494037353224174,0.00412010292151929,0.999998847785666,0.0187216245825856,0.995849310088672,0.502334082800614,0.995864603583529,0.999984643233686,0.635912884139418,0.636878955363959,0,0.00236353837260522
21.07,1.10144093722701e-19,0.501819319620963,0.494060728056113,0.00411995232282938,0.999998917725896,0.0187249804172833,0.99584982483215,0.502334127136652,0.995864936254612,0.999984826061634,0.635927785062125,0.636864076696104,0,0.00231594606434173
21.08,1.10144093722701e-19,0.501796566410176,0.494083630348887,0.00411980324084148,0.999998984126292,0.018728318694923,0.995850328570606,0.502334173873432,0.995865262664835,0.99998500412572,0.63594238392125,0.63684949896546,0,0.00226878610230483
21.09,1.10144093722701e-19,0.501774279922729,0.49410606442887,0.00411965564830515,0.999999047129134,0.0187316394564079,0.995850821527502,0.502334223006133,0.99586558293955,0.999985177524456,0.635956683495947,0.63683521943815,0,0.00222206009017935
21.1,1.10144093722701e-19,0.501752455843512,0.494128034638464,0.00411950951792827,0.999999106872529,0.0187349427427139,0.995851303922383,0.502334274529816,0.99586589720218,0.999985346354371,0.635970686574913,0.636821235369419,0,0.00217576963341664
21.11,1.10144093722701e-19,0.501731089841411,0.494149545336106,0.00411936482238753,0.999999163490484,0.0187382285948869,0.995851775970947,0.50233432843943,0.995866205574232,0.999985510710043,0.635984395956419,0.636807544003641,0,0.00212991633923655
21.12,1.10144093722701e-19,0.501710177569282,0.494170600896284,0.00411922153433886,0.999999217112982,0.0187414970540399,0.995852237885106,0.502334384729802,0.995866508175336,0.999985670684143,0.635997814448328,0.636794142574309,0,0.00208450181662575
21.13,1.10144093722701e-19,0.501689714663929,0.494191205709547,0.00411907962642787,0.999999267866052,0.0187447481613502,0.995852689873048,0.502334443395638,0.995866805123262,0.999985826367464,0.636010944868125,0.636781028304043,0,0.00203952767633674
21.14,1.10144093722701e-19,0.501669696746088,0.494211364182517,0.00411893907130027,0.999999315871841,0.0187479819580571,0.9958531321393,0.502334504431517,0.995867096533952,0.999985977848962,0.636023790042931,0.636768198404588,0,0.00199499553089078
21.15,1.10144093722701e-19,0.501650119420394,0.494231080737898,0.00411879984161219,0.999999361248693,0.0187511984854588,0.995853564884792,0.50233456783189,0.995867382521542,0.999986125215791,0.636036352809534,0.636755650076814,0,0.00195090699457527
21.16,1.10144093722701e-19,0.50163097827537,0.494250359814494,0.00411866191004054,0.999999404111216,0.0187543977849099,0.995853988306917,0.502334633591075,0.99586766319839,0.99998626855334,0.636048636014403,0.636743380510718,0,0.00190726368344539
21.17,1.10144093722701e-19,0.501612268883396,0.494269205867215,0.00411852524929322,0.999999444570355,0.0187575798978188,0.995854402599593,0.502334701703256,0.995867938675102,0.99998640794527,0.636060642513721,0.636731386885422,0,0.00186406721532298
21.18,1.10144093722701e-19,0.501593986800693,0.494287623367092,0.00411838983211945,0.999999482733467,0.0187607448656449,0.995854807953326,0.502334772162479,0.995868209060555,0.999986543473549,0.636072375173396,0.636719666369176,0,0.0018213192097974
21.19,1.10144093722701e-19,0.501576127567298,0.494305616801286,0.00411825563131982,0.999999518704385,0.0187638927298963,0.995855204555269,0.502334844962648,0.995868474461927,0.999986675218485,0.636083836869095,0.636708216119354,0,0.00177902128822513
21.2,1.10144093722701e-19,0.501558686707043,0.494323190673106,0.00411812261975652,0.999999552583498,0.0187670235321267,0.995855592589283,0.502334920097524,0.995868734984715,0.999986803258768,0.636095030486259,0.63669703328246,0,0.00173717507372916
21.21,1.10144093722701e-19,0.50154165972753,0.494340349502012,0.0041179907703633,0.999999584467815,0.0187701373139336,0.995855972235998,0.50233499756072,0.995868990732769,0.9999869276715,0.636105958920126,0.636686114994121,0,0.00169578219120026
21.22,1.10144093722701e-19,0.501525042120114,0.494357097823635,0.00411786005615557,0.999999614451036,0.0187732341169549,0.995856343672873,0.502335077345699,0.995869241808311,0.99998704853223,0.636116625075755,0.636675458379096,0,0.00165484426729661
21.23,1.10144093722701e-19,0.501508829359878,0.494373440189786,0.00411773045024021,0.999999642623625,0.0187763139828673,0.995856707074257,0.502335159445771,0.99586948831196,0.999987165914993,0.636127031868051,0.636665060551263,0,0.00161436293044233
21.24,1.10144093722701e-19,0.501493016905611,0.494389381168468,0.00411760192582556,0.999999669072875,0.0187793769533831,0.995857062611443,0.502335243854092,0.995869730342761,0.999987279892342,0.636137182221781,0.636654918613633,0,0.00157433981083019
21.25,1.10144093722701e-19,0.501477600199785,0.494404925343888,0.00411747445623107,0.999999693882979,0.0187824230702479,0.995857410452736,0.502335330563655,0.995869967998204,0.999987390535382,0.636147079071602,0.63664502965834,0,0.00153477654041962
21.26,1.10144093722701e-19,0.501462574668537,0.49442007731647,0.00411734801489713,0.999999717135099,0.0187854523752387,0.9958577507635,0.502335419567295,0.995870201374254,0.999987497913806,0.63615672536208,0.636635390766643,0,0.00149567475293564
21.27,1.10144093722701e-19,0.501447935721643,0.494434841702867,0.00411722257539463,0.999999738907432,0.0187884649101609,0.995858083706228,0.502335510857682,0.995870430565369,0.999987602095928,0.636166124047707,0.636625999008929,0,0.0014570360838734
21.28,1.10144093722701e-19,0.501433678752496,0.494449223135974,0.00411709811143451,0.999999759275278,0.0187914607168462,0.995858409440589,0.502335604427316,0.99587065566453,0.999987703148717,0.63617527809294,0.636616851444705,0,0.0014188621704925
21.29,1.10144093722701e-19,0.501419799138089,0.494463226264938,0.00411697459687723,0.999999778311107,0.0187944398371503,0.995858728123496,0.502335700268529,0.995870876763262,0.999987801137829,0.6361841904722,0.63660794512261,0,0.00138115465182118
21.3,1.10144093722701e-19,0.501406292238988,0.494476855755175,0.00411685200574215,0.999999796084625,0.0187974023129507,0.995859039909153,0.502335798373481,0.995871093951658,0.999987896127644,0.636192864169911,0.636599277080398,0,0.00134391516865448
21.31,1.10144093722701e-19,0.50139315339931,0.494490116288377,0.00411673031221674,0.999999812662842,0.0188003481861443,0.995859344949117,0.502335898734154,0.995871307318403,0.999987988181297,0.636201302180516,0.636590844344949,0,0.00130714536355358
21.32,1.10144093722701e-19,0.501380377946708,0.494503012562531,0.00411660949066586,0.999999828110135,0.0188032774986453,0.995859643392355,0.502336001342352,0.995871516950797,0.999988077360708,0.636209507508495,0.636582643932269,0,0.00127084688084867
21.33,1.10144093722701e-19,0.50136796119234,0.494515549291924,0.00411648951564074,0.999999842488313,0.018806190292383,0.995859935385297,0.5023361061897,0.995871722934781,0.999988163726621,0.636217483168392,0.636574672847481,0,0.00123502136663582
21.34,1.10144093722701e-19,0.501355898430854,0.494527731207163,0.00411637036188796,0.999999855856681,0.0188090866092997,0.995860221071891,0.502336213267637,0.995871925354954,0.99998824733863,0.636225232184835,0.636566928084827,0,0.00119967046877859
21.35,1.10144093722701e-19,0.501344184940363,0.494539563055183,0.00411625200435838,0.999999868272109,0.0188119664913486,0.995860500593661,0.502336322567418,0.995872124294603,0.999988328255214,0.636232757592556,0.636559406627671,0,0.00116479583690762
21.36,1.10144093722701e-19,0.501332815982427,0.494551049599262,0.00411613441821582,0.999999879789085,0.0188148299804919,0.995860774089758,0.502336434080109,0.995872319835724,0.999988406533769,0.636240062436413,0.636552105448493,0,0.00113039912242095
21.37,1.10144093722701e-19,0.501321786802026,0.494562195619033,0.00411601757884573,0.999999890459788,0.0188176771186984,0.995861041697017,0.502336547796582,0.995872512059038,0.999988482230638,0.636247149771413,0.63654502150889,0,0.00109648197848286
21.38,1.10144093722701e-19,0.501311092627544,0.494573005910497,0.00411590146186373,0.999999900334144,0.0188205079479421,0.995861303550008,0.502336663707519,0.995872701044024,0.999988555401142,0.636254022662726,0.636538151759578,0,0.00106304606002613
21.39,1.10144093722701e-19,0.501300728670742,0.494583485286039,0.00411578604312396,0.999999909459889,0.0188233225101999,0.99586155978109,0.502336781803404,0.995872886868935,0.999988626099614,0.636260684185718,0.63653149314038,0,0.00103009302374965
21.4,1.10144093722701e-19,0.501290690126742,0.494593638574435,0.00411567129872742,0.999999917882631,0.0188261208474497,0.995861810520466,0.502336902074523,0.995873069610821,0.999988694379426,0.636267137425964,0.636525042580235,0,0.000997624528119957
21.41,1.10144093722701e-19,0.501280972174004,0.494603470620871,0.0041155572050301,0.99999992564591,0.0188289030016692,0.99586205589623,0.502337024510962,0.995873249345552,0.999988760293021,0.636273385479265,0.636518796997194,0,0.000965642233370552
21.42,1.10144093722701e-19,0.5012715699743,0.494612986286953,0.00411544373865101,0.999999932791254,0.0188316690148331,0.995862296034423,0.502337149102602,0.995873426147838,0.999988823891941,0.636279431451682,0.636512753298412,0,0.000934147801502026
21.43,1.10144093722701e-19,0.501262478672702,0.494622190450723,0.00411533087648007,0.999999939358245,0.0188344189289124,0.995862531059082,0.50233727583912,0.995873600091254,0.99998888522686,0.636285278459539,0.636506908380159,0,0.000903142896282759
21.44,1.10144093722701e-19,0.501253693397551,0.494631088006668,0.00411521859568589,0.99999994538457,0.0188371527858722,0.995862761092293,0.502337404709986,0.995873771248256,0.999988944347611,0.636290929629462,0.636501259127801,0,0.000872629183246694
21.45,1.10144093722701e-19,0.501245209260443,0.494639683865738,0.00411510687372337,0.999999950906086,0.0188398706276699,0.995862986254236,0.502337535704459,0.995873939690208,0.999989001303215,0.636296388098383,0.636495802415815,0,0.000842608329697235
21.46,1.10144093722701e-19,0.501237021356204,0.494647982955359,0.00411499568834123,0.999999955956871,0.0188425724962543,0.995863206663242,0.502337668811589,0.995874105487402,0.99998905614191,0.636301657013574,0.636490535107774,0,0.000813082004702791
21.47,1.10144093722701e-19,0.501229124762871,0.494655990219444,0.00411488501758933,0.999999960569283,0.0188452584335634,0.995863422435834,0.502337804020208,0.995874268709074,0.999989108911181,0.636306739532656,0.636485454056352,0,0.000784051879099839
21.48,1.10144093722701e-19,0.501221514541671,0.494663710618408,0.00411477483982588,0.999999964774016,0.0188479284815233,0.995863633686783,0.502337941318935,0.995874429423431,0.999989159657785,0.63631163882363,0.636480556103316,0,0.000755519625491951
21.49,1.10144093722701e-19,0.501214185736998,0.494671149129182,0.00411466513372448,0.999999968600154,0.0188505826820469,0.995863840529152,0.502338080696172,0.995874587697666,0.99998920842778,0.636316358064882,0.636475838079534,0,0.000727486918250069
21.5,1.10144093722701e-19,0.501207133376394,0.494678310745229,0.00411455587828105,0.999999972075228,0.0188532210770321,0.995864043074341,0.5023382221401,0.995874743597982,0.999989255266553,0.636320900445221,0.636471296804957,0,0.000699955433512094
21.51,1.10144093722701e-19,0.501200352470529,0.494685200476554,0.0041144470528206,0.999999975225266,0.018855843708361,0.995864241432141,0.502338365638678,0.995874897189612,0.999989300218846,0.636325269163885,0.636466929088628,0,0.000672926849182737
21.52,1.10144093722701e-19,0.50119383801318,0.494691823349721,0.00411433863700378,0.999999978074848,0.0188584506178982,0.995864435710774,0.502338511179643,0.995875048536837,0.999989343328783,0.636329467430566,0.636462731728679,0,0.000646402844934503
21.53,1.10144093722701e-19,0.501187584981206,0.494698184407865,0.00411423061083337,0.999999980647157,0.0188610418474899,0.99586462601694,0.502338658750506,0.995875197703006,0.999989384639895,0.636333498465432,0.636458701512317,0,0.000620385102206572
21.54,1.10144093722701e-19,0.501181588334534,0.494704288710709,0.00411412295466058,0.999999982964032,0.018863617438963,0.995864812455866,0.502338808338552,0.995875344750555,0.99998942419515,0.636337365499135,0.636454835215838,0,0.000594875304205075
21.55,1.10144093722701e-19,0.501175843016137,0.494710141334576,0.00411401564919115,0.999999985046017,0.0188661774341233,0.995864995131345,0.502338959930838,0.995875489741029,0.999989462036971,0.636341071772848,0.636451129604609,0,0.000569875135903521
21.56,1.10144093722701e-19,0.501170343952009,0.494715747372403,0.00411390867549129,0.999999986912413,0.0188687218747552,0.995865174145783,0.502339113514191,0.995875632735098,0.999989498207269,0.636344620538271,0.636447581433069,0,0.000545386284043206
21.57,1.10144093722701e-19,0.501165086051151,0.49472111193376,0.00411380201499356,0.999999988581323,0.0188712508026204,0.995865349600243,0.502339269075207,0.995875773792577,0.999989532747462,0.636348015057654,0.636444187444731,0,0.000521410437131544
21.58,1.10144093722701e-19,0.501160064205545,0.494726240144857,0.00411369564950247,0.999999990069707,0.0188737642594571,0.995865521594485,0.502339426600247,0.995875912972444,0.999989565698501,0.636351258603814,0.636440944372171,0,0.000497949285444161
21.59,1.10144093722701e-19,0.501155273290139,0.494731137148565,0.0041135895611999,0.999999991393423,0.018876262286979,0.995865690227011,0.50233958607544,0.995876050332858,0.999989597100896,0.636354354460158,0.636437848937031,0,0.000475004521022519
21.6,1.10144093722701e-19,0.501150708162823,0.49473580810443,0.0041134837326505,0.999999992567275,0.018878744926875,0.995865855595103,0.502339747486679,0.995876185931179,0.999989626994737,0.6363573059207,0.636434897850007,0,0.00045257783767629
21.61,1.10144093722701e-19,0.501146363664413,0.494740258188685,0.00411337814680671,0.999999993605062,0.0188812122208078,0.995866017794868,0.50233991081962,0.995876319823983,0.999989655419715,0.636360116290075,0.636432087810854,0,0.000430670930981681
21.62,1.10144093722701e-19,0.501142234618625,0.494744492594265,0.00411327278701382,0.999999994519621,0.0188836642104138,0.995866176921272,0.50234007605968,0.995876452067081,0.99998968241515,0.636362788883564,0.636429415508376,0,0.000409285498282553
21.63,1.10144093722701e-19,0.501138315832062,0.494748516530827,0.00411316763701465,0.99999999532287,0.0188861009373024,0.995866333068188,0.502340243192039,0.995876582715538,0.99998970802001,0.63636532702711,0.636426877620421,0,0.00038842323868972
21.64,1.10144093722701e-19,0.50113460209419,0.49475233522476,0.00411306268095425,0.999999996025852,0.0188885224430552,0.995866486328426,0.502340412201635,0.995876711823687,0.999989732272933,0.636367734057333,0.636424470813886,0,0.00036808585308067
21.65,1.10144093722701e-19,0.501131088177319,0.494755953919201,0.00411295790338424,0.99999999663878,0.0188909287692258,0.995866636793776,0.502340583073165,0.995876839445148,0.999989755212247,0.636370013321553,0.636422191744699,0,0.000348275044100684
21.66,1.10144093722701e-19,0.501127768836585,0.494759377874052,0.00411285328926712,0.999999997171074,0.0188933199573395,0.995866784555044,0.502340755791084,0.99587696563284,0.999989776875994,0.636372168177804,0.636420037057823,0,0.000328992516162415
21.67,1.10144093722701e-19,0.501124638809928,0.494762612365995,0.00411274882398031,0.999999997631405,0.0188956960488927,0.995866929702088,0.502340930339602,0.995877090439006,0.999989797301948,0.636374201994853,0.636418003387251,0,0.000310239975444492
21.68,1.10144093722701e-19,0.501121692818075,0.494765662688508,0.00411264449332003,0.999999998027732,0.0188980570853527,0.995867072323856,0.502341106702688,0.99587721391522,0.999989816527635,0.636376118152218,0.636416087355996,0,0.000292019129893758
21.69,1.10144093722701e-19,0.50111892556452,0.494768534151878,0.00411254028350505,0.999999998367343,0.0189004031081575,0.995867212508418,0.502341284864064,0.995877336112408,0.999989834590353,0.636377920040187,0.636414285576091,0,0.000274331689223866
21.7,1.10144093722701e-19,0.501116331735504,0.49477123208322,0.00411243618118013,0.999999998656892,0.0189027341587159,0.995867350343003,0.502341464807206,0.995877457080863,0.999989851527193,0.636379611059827,0.636412594648584,0,0.000257179364915705
21.71,1.10144093722701e-19,0.501113905999995,0.494773761826489,0.00411233217341943,0.999999998902437,0.0189050502784071,0.995867485914031,0.502341646515346,0.995877576870257,0.999989867375054,0.636381194623018,0.636411011163525,0,0.000240563870216141
21.72,1.10144093722701e-19,0.501111643009671,0.494776128742502,0.00411222824772962,0.999999999109472,0.0189073515085808,0.995867619307145,0.502341829971466,0.995877695529659,0.999989882170662,0.636382674152449,0.636409531699972,0,0.000224486920141226
21.73,1.10144093722701e-19,0.501109537398903,0.494778338208947,0.00411212439205285,0.999999999282966,0.0189096378905572,0.995867750607245,0.502342015158303,0.995877813107548,0.99998989595059,0.63638405308165,0.636408152825977,0,0.000208950231473548
21.74,1.10144093722701e-19,0.501107583784729,0.494780395620405,0.00411202059476954,0.999999999427395,0.0189119094656275,0.99586787989852,0.502342202058345,0.995877929651827,0.99998990875127,0.636385334855004,0.63640687109858,0,0.000193955522761812
21.75,1.10144093722701e-19,0.501105776766843,0.49478230638836,0.00411191684470092,0.999999999546777,0.0189141662750534,0.995868007264475,0.502342390653833,0.995878045209839,0.999989920609018,0.63638652292776,0.636405683063811,0,0.000179504514322515
21.76,1.10144093722701e-19,0.50110411092757,0.494784075941222,0.00411181313111148,0.999999999644699,0.0189164083600681,0.995868132787962,0.502342580926758,0.995878159828377,0.999989931560041,0.636387620766059,0.636404585256671,0,0.000165598928239245
21.77,1.10144093722701e-19,0.501102580831853,0.494785709724339,0.00411170944371117,0.999999999724353,0.0189186357618761,0.99586825655121,0.502342772858862,0.995878273553701,0.999989941640457,0.636388631846937,0.636403574201138,0,0.000152240488363106
21.78,1.10144093722701e-19,0.50110118102723,0.494787213200016,0.00411160577265739,0.999999999788564,0.0189208485216536,0.995868378635851,0.502342966431639,0.995878386431549,0.999989950886309,0.636389559658352,0.636402646410156,0,0.000139430920312014
21.79,1.10144093722701e-19,0.501099906043818,0.494788591847529,0.00411150210855685,0.999999999839818,0.0189230466805495,0.995868499122951,0.502343161626332,0.995878498507149,0.999989959333581,0.636390407699192,0.636401798385624,0,0.00012717195147084
21.8,1.10144093722701e-19,0.501098750394294,0.494789851163142,0.00411139844246718,0.999999999880289,0.0189252302796852,0.995868618093028,0.502343358423936,0.995878609825232,0.99998996701821,0.636391179479297,0.636401026618397,0,0.000115465310991828
21.81,1.10144093722701e-19,0.501097708573877,0.494790996660128,0.00411129476589841,0.999999999911868,0.0189273993601557,0.995868735626087,0.502343556805197,0.995878720430046,0.999989973976101,0.63639187851947,0.636400327588272,0,0.000104312729794595
21.82,1.10144093722701e-19,0.501096775060309,0.49479203386878,0.00411119107081416,0.999999999936188,0.01892955396303,0.995868851801636,0.50234375675061,0.995878830365363,0.999989980243138,0.636392508351497,0.636399697763984,0,9.37159405655714e-05
21.83,1.10144093722701e-19,0.501095944313838,0.494792968336433,0.00411108734963279,0.999999999954646,0.0189316941293519,0.995868966698715,0.502343958240422,0.995878939674493,0.999989985855198,0.636393072518156,0.636399133603198,0,8.36766777580034e-05
21.84,1.10144093722701e-19,0.501095210777199,0.494793805627477,0.00411098359522822,0.999999999968428,0.018933819900141,0.995869080395918,0.502344161254632,0.995879048400297,0.999989990848162,0.636393574573234,0.636398631552505,0,7.41966775933465e-05
21.85,1.10144093722701e-19,0.501094568875597,0.494794551323376,0.00411087980093061,0.999999999978533,0.018935931316393,0.995869192971409,0.502344365772986,0.995879156585191,0.999989995257926,0.636394018081548,0.636398188047407,0,6.52776780594525e-05
21.86,1.10144093722701e-19,0.501094013016689,0.494795211022688,0.00411077596052686,0.999999999985788,0.0189380284190813,0.995869304502952,0.502344571774986,0.995879264271164,0.999989999120412,0.636394406618948,0.636397799512315,0,5.69214189108483e-05
21.87,1.10144093722701e-19,0.501093537590567,0.494795790341076,0.0041106720682609,0.999999999990876,0.0189401112491575,0.99586941506792,0.502344779239885,0.995879371499781,0.999990002471577,0.636394743772342,0.636397462360541,0,4.91296416708287e-05
21.88,1.10144093722701e-19,0.501093136969738,0.494796294911332,0.00411056811883382,0.999999999994347,0.0189421798475527,0.995869524743323,0.502344988146685,0.995879478312197,0.999990005347426,0.636395033139705,0.636397172994282,0,4.19040896276894e-05
21.89,1.10144093722701e-19,0.50109280550911,0.49479673038339,0.00411046410740376,0.999999999996641,0.0189442342551784,0.99586963360582,0.502345198474146,0.99587958474916,0.999990007784015,0.636395278330093,0.636396927804624,0,3.52465078383546e-05
21.9,1.10144093722701e-19,0.50109253754597,0.494797102424348,0.00411036002958563,0.999999999998101,0.0189462745129279,0.995869741731738,0.502345410200776,0.995879690851028,0.999990009817463,0.63639548296366,0.636396723171521,0,2.91586431269816e-05
21.91,1.10144093722701e-19,0.501092327399972,0.494797416718481,0.00411025588145066,0.999999999998989,0.0189483006616776,0.995869849197087,0.502345623304842,0.99587979665777,0.99999001148396,0.636395650671665,0.636396555463799,0,2.36422440838449e-05
21.92,1.10144093722701e-19,0.501092169373115,0.494797678967263,0.00411015165952576,0.999999999999501,0.018950312742288,0.995869956077575,0.502345837764361,0.995879902208976,0.999990012819773,0.636395785096496,0.636396421039131,0,1.8699061067289e-05
21.93,1.10144093722701e-19,0.50109205774973,0.494797894889381,0.00411004736079264,0.999999999999776,0.0189523107956055,0.99587006244862,0.502346053557109,0.995880007543865,0.999990013861251,0.636395889891674,0.63639631624404,0,1.43308462017759e-05
21.94,1.10144093722701e-19,0.501091986796459,0.494798070220757,0.00410994298268682,0.999999999999911,0.0189542948624633,0.995870168385364,0.502346270660617,0.99588011270129,0.999990014644833,0.636395968721867,0.636396237413891,0,1.05393533806747e-05
21.95,1.10144093722701e-19,0.501091950762242,0.494798210714565,0.00410983852309636,0.99999999999997,0.0189562649836836,0.995870273962685,0.502346489052173,0.995880217719746,0.999990015207052,0.636396025262909,0.636396180872867,0,7.32633826249519e-06
21.96,1.10144093722701e-19,0.501091943878295,0.494798322141248,0.00410973398036049,0.999999999999992,0.0189582212000786,0.995870379255206,0.502346708708822,0.995880322637374,0.99999001558454,0.636396063201807,0.636396142933976,0,4.69355827423582e-06
21.97,1.10144093722701e-19,0.501091960358099,0.494798410288536,0.00410962935326803,0.999999999999999,0.0189601635524524,0.995870484337303,0.50234692960737,0.995880427491969,0.99999001581403,0.636396086236754,0.636396119899031,0,2.64277260929126e-06
21.98,1.10144093722701e-19,0.50109199439738,0.494798480961468,0.00410952464105557,1,0.0189620920816027,0.995870589283118,0.502347151724382,0.995880532320983,0.999990015932363,0.636396098077143,0.636396108058642,0,1.17574222870792e-06
21.99,1.10144093722701e-19,0.501092040174091,0.494798539982406,0.00410941984340553,1,0.0189640068283224,0.995870694166558,0.502347375036186,0.995880637161528,0.999990015976486,0.636396102443581,0.636396103692204,0,2.94229860486397e-07
22,1.10144093722701e-19,0.501092091848401,0.494798593191059,0.00410931496044404,1,0.0189659078334017,0.995870799061311,0.50234759951887,0.995880742050385,0.999990015983457,0.636396103067893,0.636396103067893,0,0
